"source_url","source_title","page_type","category","parent_hub_url","breadcrumb_trail","companion_cluster_urls","target_depth"
"https://usonlinetools.com","US Online Tools - Free Fast Online Utilities","homepage","root","","Home","https://usonlinetools.com/category/math | https://usonlinetools.com/category/finance | https://usonlinetools.com/category/conversion | https://usonlinetools.com/category/time-date | https://usonlinetools.com/category/health | https://usonlinetools.com/category/construction | https://usonlinetools.com/category/productivity | https://usonlinetools.com/category/education | https://usonlinetools.com/category/gaming | https://usonlinetools.com/category/image | https://usonlinetools.com/category/pdf | https://usonlinetools.com/category/developer | https://usonlinetools.com/category/css-design | https://usonlinetools.com/category/seo | https://usonlinetools.com/category/security | https://usonlinetools.com/category/social-media","0"
"https://usonlinetools.com/category/math","Math & Calculators Tools","category_hub","math","https://usonlinetools.com","Home > Math & Calculators","https://usonlinetools.com/math/online-percentage-calculator | https://usonlinetools.com/math/fraction-to-decimal-calculator | https://usonlinetools.com/math/decimal-to-fraction-calculator | https://usonlinetools.com/math/ratio-calculator | https://usonlinetools.com/math/average-calculator | https://usonlinetools.com/math/online-scientific-calculator | https://usonlinetools.com/math/online-standard-deviation-calculator | https://usonlinetools.com/math/square-root-calculator","1"
"https://usonlinetools.com/category/finance","Finance & Cost Tools","category_hub","finance","https://usonlinetools.com","Home > Finance & Cost","https://usonlinetools.com/finance/online-simple-interest-calculator | https://usonlinetools.com/finance/online-compound-interest-calculator | https://usonlinetools.com/finance/online-loan-emi-calculator | https://usonlinetools.com/finance/discount-calculator | https://usonlinetools.com/finance/profit-margin-calculator | https://usonlinetools.com/finance/markup-calculator | https://usonlinetools.com/finance/break-even-calculator | https://usonlinetools.com/finance/online-roi-calculator","1"
"https://usonlinetools.com/category/conversion","Conversion Tools Tools","category_hub","conversion","https://usonlinetools.com","Home > Conversion Tools","https://usonlinetools.com/conversion/online-length-converter | https://usonlinetools.com/conversion/online-weight-converter | https://usonlinetools.com/conversion/online-temperature-converter | https://usonlinetools.com/conversion/online-area-converter | https://usonlinetools.com/conversion/online-volume-converter | https://usonlinetools.com/conversion/online-speed-converter | https://usonlinetools.com/conversion/color-converter | https://usonlinetools.com/conversion/online-binary-to-decimal-converter","1"
"https://usonlinetools.com/category/time-date","Time & Date Tools","category_hub","time-date","https://usonlinetools.com","Home > Time & Date","https://usonlinetools.com/time-date/online-age-calculator | https://usonlinetools.com/time-date/date-difference-calculator | https://usonlinetools.com/time-date/online-countdown-timer | https://usonlinetools.com/time-date/time-duration-calculator | https://usonlinetools.com/time-date/work-hours-calculator | https://usonlinetools.com/time-date/business-days-calculator | https://usonlinetools.com/time-date/leap-year-checker | https://usonlinetools.com/time-date/online-time-zone-converter","1"
"https://usonlinetools.com/category/health","Health & Fitness Tools","category_hub","health","https://usonlinetools.com","Home > Health & Fitness","https://usonlinetools.com/health/online-bmi-calculator | https://usonlinetools.com/health/online-bmr-calculator | https://usonlinetools.com/health/online-body-surface-area-calculator | https://usonlinetools.com/health/online-tdee-calculator | https://usonlinetools.com/health/calorie-intake-calculator | https://usonlinetools.com/health/water-intake-calculator | https://usonlinetools.com/health/ideal-weight-calculator | https://usonlinetools.com/health/body-fat-calculator","1"
"https://usonlinetools.com/category/construction","Construction & DIY Tools","category_hub","construction","https://usonlinetools.com","Home > Construction & DIY","https://usonlinetools.com/construction/concrete-calculator | https://usonlinetools.com/construction/cement-calculator | https://usonlinetools.com/construction/brick-calculator | https://usonlinetools.com/construction/steel-weight-calculator | https://usonlinetools.com/construction/paint-calculator | https://usonlinetools.com/construction/tile-calculator | https://usonlinetools.com/construction/flooring-calculator | https://usonlinetools.com/construction/room-area-calculator","1"
"https://usonlinetools.com/category/productivity","Productivity & Text Tools","category_hub","productivity","https://usonlinetools.com","Home > Productivity & Text","https://usonlinetools.com/productivity/online-word-counter | https://usonlinetools.com/productivity/random-name-generator | https://usonlinetools.com/productivity/username-generator | https://usonlinetools.com/productivity/dice-roller | https://usonlinetools.com/productivity/coin-flip | https://usonlinetools.com/productivity/random-color-generator | https://usonlinetools.com/productivity/case-converter | https://usonlinetools.com/productivity/text-reverser","1"
"https://usonlinetools.com/category/education","Student & Education Tools","category_hub","education","https://usonlinetools.com","Home > Student & Education","https://usonlinetools.com/education/online-gpa-calculator | https://usonlinetools.com/education/grade-calculator | https://usonlinetools.com/education/weighted-grade-calculator | https://usonlinetools.com/education/final-grade-calculator | https://usonlinetools.com/education/percentage-grade-calculator | https://usonlinetools.com/education/attendance-percentage-calculator | https://usonlinetools.com/education/reading-speed-calculator | https://usonlinetools.com/education/marks-percentage-calculator","1"
"https://usonlinetools.com/category/gaming","Gaming Calculators Tools","category_hub","gaming","https://usonlinetools.com","Home > Gaming Calculators","https://usonlinetools.com/gaming/blox-fruits-calculator | https://usonlinetools.com/gaming/blox-fruits-trade-calculator | https://usonlinetools.com/gaming/roblox-tax-calculator | https://usonlinetools.com/gaming/minecraft-circle-calculator | https://usonlinetools.com/gaming/valorant-sensitivity-calculator | https://usonlinetools.com/gaming/fortnite-dpi-calculator | https://usonlinetools.com/gaming/xp-level-calculator | https://usonlinetools.com/gaming/clash-of-clans-upgrade-calculator","1"
"https://usonlinetools.com/category/image","Image Tools Tools","category_hub","image","https://usonlinetools.com","Home > Image Tools","https://usonlinetools.com/image/online-image-resizer | https://usonlinetools.com/image/online-image-compressor | https://usonlinetools.com/image/online-image-cropper | https://usonlinetools.com/image/online-image-format-converter | https://usonlinetools.com/image/online-image-to-base64 | https://usonlinetools.com/image/online-base64-to-image | https://usonlinetools.com/image/online-image-rotate-flip | https://usonlinetools.com/image/online-image-color-picker","1"
"https://usonlinetools.com/category/pdf","PDF Tools Tools","category_hub","pdf","https://usonlinetools.com","Home > PDF Tools","https://usonlinetools.com/pdf/online-pdf-merge | https://usonlinetools.com/pdf/online-pdf-split | https://usonlinetools.com/pdf/online-pdf-compress | https://usonlinetools.com/pdf/online-image-to-pdf | https://usonlinetools.com/pdf/online-pdf-to-image | https://usonlinetools.com/pdf/online-pdf-rotate | https://usonlinetools.com/pdf/online-pdf-page-remover | https://usonlinetools.com/pdf/online-pdf-page-reorder","1"
"https://usonlinetools.com/category/developer","Developer Tools Tools","category_hub","developer","https://usonlinetools.com","Home > Developer Tools","https://usonlinetools.com/developer/online-json-formatter | https://usonlinetools.com/developer/online-json-validator | https://usonlinetools.com/developer/online-json-to-csv | https://usonlinetools.com/developer/csv-to-json-converter | https://usonlinetools.com/developer/json-minifier | https://usonlinetools.com/developer/online-html-formatter | https://usonlinetools.com/developer/online-html-minifier | https://usonlinetools.com/developer/online-css-minifier","1"
"https://usonlinetools.com/category/css-design","CSS & Design Tools Tools","category_hub","css-design","https://usonlinetools.com","Home > CSS & Design Tools","https://usonlinetools.com/css-design/css-gradient-generator | https://usonlinetools.com/css-design/css-box-shadow-generator | https://usonlinetools.com/css-design/css-text-shadow-generator | https://usonlinetools.com/css-design/css-border-radius-generator | https://usonlinetools.com/css-design/css-flexbox-generator | https://usonlinetools.com/css-design/css-grid-generator | https://usonlinetools.com/css-design/css-animation-generator | https://usonlinetools.com/css-design/css-clip-path-generator","1"
"https://usonlinetools.com/category/seo","SEO Tools Tools","category_hub","seo","https://usonlinetools.com","Home > SEO Tools","https://usonlinetools.com/seo/meta-tag-generator | https://usonlinetools.com/seo/open-graph-generator | https://usonlinetools.com/seo/twitter-card-generator | https://usonlinetools.com/seo/online-robots-txt-generator | https://usonlinetools.com/seo/online-sitemap-generator | https://usonlinetools.com/seo/online-keyword-density-checker | https://usonlinetools.com/seo/serp-preview-tool | https://usonlinetools.com/seo/schema-markup-generator","1"
"https://usonlinetools.com/category/security","Security & Encryption Tools","category_hub","security","https://usonlinetools.com","Home > Security & Encryption","https://usonlinetools.com/security/online-password-generator | https://usonlinetools.com/security/password-strength-checker | https://usonlinetools.com/security/md5-hash-generator | https://usonlinetools.com/security/sha256-hash-generator | https://usonlinetools.com/security/sha1-hash-generator | https://usonlinetools.com/security/sha512-hash-generator | https://usonlinetools.com/security/online-bcrypt-hash-generator | https://usonlinetools.com/security/online-aes-encrypt-decrypt","1"
"https://usonlinetools.com/category/social-media","Social Media Tools Tools","category_hub","social-media","https://usonlinetools.com","Home > Social Media Tools","https://usonlinetools.com/social-media/twitter-character-counter | https://usonlinetools.com/social-media/online-instagram-caption-counter | https://usonlinetools.com/social-media/online-social-media-image-resizer | https://usonlinetools.com/social-media/youtube-thumbnail-checker | https://usonlinetools.com/social-media/emoji-picker-and-copier | https://usonlinetools.com/social-media/text-to-emoji-converter | https://usonlinetools.com/social-media/online-linkedin-post-formatter | https://usonlinetools.com/social-media/social-media-bio-generator","1"
"https://usonlinetools.com/math/online-percentage-calculator","Percentage Calculator","tool_page","math","https://usonlinetools.com/category/math","Home > Math & Calculators > Percentage Calculator","https://usonlinetools.com/math/fraction-to-decimal-calculator | https://usonlinetools.com/math/decimal-to-fraction-calculator | https://usonlinetools.com/math/ratio-calculator | https://usonlinetools.com/math/average-calculator | https://usonlinetools.com/math/online-scientific-calculator | https://usonlinetools.com/math/online-standard-deviation-calculator","2"
"https://usonlinetools.com/math/fraction-to-decimal-calculator","Fraction to Decimal Calculator","tool_page","math","https://usonlinetools.com/category/math","Home > Math & Calculators > Fraction to Decimal Calculator","https://usonlinetools.com/math/online-percentage-calculator | https://usonlinetools.com/math/decimal-to-fraction-calculator | https://usonlinetools.com/math/ratio-calculator | https://usonlinetools.com/math/average-calculator | https://usonlinetools.com/math/online-scientific-calculator | https://usonlinetools.com/math/online-standard-deviation-calculator","2"
"https://usonlinetools.com/math/decimal-to-fraction-calculator","Decimal to Fraction Calculator","tool_page","math","https://usonlinetools.com/category/math","Home > Math & Calculators > Decimal to Fraction Calculator","https://usonlinetools.com/math/online-percentage-calculator | https://usonlinetools.com/math/fraction-to-decimal-calculator | https://usonlinetools.com/math/ratio-calculator | https://usonlinetools.com/math/average-calculator | https://usonlinetools.com/math/online-scientific-calculator | https://usonlinetools.com/math/online-standard-deviation-calculator","2"
"https://usonlinetools.com/math/ratio-calculator","Ratio Calculator","tool_page","math","https://usonlinetools.com/category/math","Home > Math & Calculators > Ratio Calculator","https://usonlinetools.com/math/online-percentage-calculator | https://usonlinetools.com/math/fraction-to-decimal-calculator | https://usonlinetools.com/math/decimal-to-fraction-calculator | https://usonlinetools.com/math/average-calculator | https://usonlinetools.com/math/online-scientific-calculator | https://usonlinetools.com/math/online-standard-deviation-calculator","2"
"https://usonlinetools.com/math/average-calculator","Average Calculator","tool_page","math","https://usonlinetools.com/category/math","Home > Math & Calculators > Average Calculator","https://usonlinetools.com/math/online-percentage-calculator | https://usonlinetools.com/math/fraction-to-decimal-calculator | https://usonlinetools.com/math/decimal-to-fraction-calculator | https://usonlinetools.com/math/ratio-calculator | https://usonlinetools.com/math/online-scientific-calculator | https://usonlinetools.com/math/online-standard-deviation-calculator","2"
"https://usonlinetools.com/math/online-scientific-calculator","Scientific Calculator","tool_page","math","https://usonlinetools.com/category/math","Home > Math & Calculators > Scientific Calculator","https://usonlinetools.com/math/online-percentage-calculator | https://usonlinetools.com/math/fraction-to-decimal-calculator | https://usonlinetools.com/math/decimal-to-fraction-calculator | https://usonlinetools.com/math/ratio-calculator | https://usonlinetools.com/math/average-calculator | https://usonlinetools.com/math/online-standard-deviation-calculator","2"
"https://usonlinetools.com/math/online-standard-deviation-calculator","Standard Deviation Calculator","tool_page","math","https://usonlinetools.com/category/math","Home > Math & Calculators > Standard Deviation Calculator","https://usonlinetools.com/math/online-percentage-calculator | https://usonlinetools.com/math/fraction-to-decimal-calculator | https://usonlinetools.com/math/decimal-to-fraction-calculator | https://usonlinetools.com/math/ratio-calculator | https://usonlinetools.com/math/average-calculator | https://usonlinetools.com/math/online-scientific-calculator","2"
"https://usonlinetools.com/math/square-root-calculator","Square Root Calculator","tool_page","math","https://usonlinetools.com/category/math","Home > Math & Calculators > Square Root Calculator","https://usonlinetools.com/math/online-percentage-calculator | https://usonlinetools.com/math/fraction-to-decimal-calculator | https://usonlinetools.com/math/decimal-to-fraction-calculator | https://usonlinetools.com/math/ratio-calculator | https://usonlinetools.com/math/average-calculator | https://usonlinetools.com/math/online-scientific-calculator","2"
"https://usonlinetools.com/math/cube-root-calculator","Cube Root Calculator","tool_page","math","https://usonlinetools.com/category/math","Home > Math & Calculators > Cube Root Calculator","https://usonlinetools.com/math/online-percentage-calculator | https://usonlinetools.com/math/fraction-to-decimal-calculator | https://usonlinetools.com/math/decimal-to-fraction-calculator | https://usonlinetools.com/math/ratio-calculator | https://usonlinetools.com/math/average-calculator | https://usonlinetools.com/math/online-scientific-calculator","2"
"https://usonlinetools.com/math/power-calculator","Power Calculator","tool_page","math","https://usonlinetools.com/category/math","Home > Math & Calculators > Power Calculator","https://usonlinetools.com/math/online-percentage-calculator | https://usonlinetools.com/math/fraction-to-decimal-calculator | https://usonlinetools.com/math/decimal-to-fraction-calculator | https://usonlinetools.com/math/ratio-calculator | https://usonlinetools.com/math/average-calculator | https://usonlinetools.com/math/online-scientific-calculator","2"
"https://usonlinetools.com/math/logarithm-calculator","Logarithm Calculator","tool_page","math","https://usonlinetools.com/category/math","Home > Math & Calculators > Logarithm Calculator","https://usonlinetools.com/math/online-percentage-calculator | https://usonlinetools.com/math/fraction-to-decimal-calculator | https://usonlinetools.com/math/decimal-to-fraction-calculator | https://usonlinetools.com/math/ratio-calculator | https://usonlinetools.com/math/average-calculator | https://usonlinetools.com/math/online-scientific-calculator","2"
"https://usonlinetools.com/math/factorial-calculator","Factorial Calculator","tool_page","math","https://usonlinetools.com/category/math","Home > Math & Calculators > Factorial Calculator","https://usonlinetools.com/math/online-percentage-calculator | https://usonlinetools.com/math/fraction-to-decimal-calculator | https://usonlinetools.com/math/decimal-to-fraction-calculator | https://usonlinetools.com/math/ratio-calculator | https://usonlinetools.com/math/average-calculator | https://usonlinetools.com/math/online-scientific-calculator","2"
"https://usonlinetools.com/math/prime-number-checker","Prime Number Checker","tool_page","math","https://usonlinetools.com/category/math","Home > Math & Calculators > Prime Number Checker","https://usonlinetools.com/math/online-percentage-calculator | https://usonlinetools.com/math/fraction-to-decimal-calculator | https://usonlinetools.com/math/decimal-to-fraction-calculator | https://usonlinetools.com/math/ratio-calculator | https://usonlinetools.com/math/average-calculator | https://usonlinetools.com/math/online-scientific-calculator","2"
"https://usonlinetools.com/math/online-lcm-calculator","LCM Calculator","tool_page","math","https://usonlinetools.com/category/math","Home > Math & Calculators > LCM Calculator","https://usonlinetools.com/math/online-percentage-calculator | https://usonlinetools.com/math/fraction-to-decimal-calculator | https://usonlinetools.com/math/decimal-to-fraction-calculator | https://usonlinetools.com/math/ratio-calculator | https://usonlinetools.com/math/average-calculator | https://usonlinetools.com/math/online-scientific-calculator","2"
"https://usonlinetools.com/math/online-gcd-calculator","GCD Calculator","tool_page","math","https://usonlinetools.com/category/math","Home > Math & Calculators > GCD Calculator","https://usonlinetools.com/math/online-percentage-calculator | https://usonlinetools.com/math/fraction-to-decimal-calculator | https://usonlinetools.com/math/decimal-to-fraction-calculator | https://usonlinetools.com/math/ratio-calculator | https://usonlinetools.com/math/average-calculator | https://usonlinetools.com/math/online-scientific-calculator","2"
"https://usonlinetools.com/math/random-number-generator","Random Number Generator","tool_page","math","https://usonlinetools.com/category/math","Home > Math & Calculators > Random Number Generator","https://usonlinetools.com/math/online-percentage-calculator | https://usonlinetools.com/math/fraction-to-decimal-calculator | https://usonlinetools.com/math/decimal-to-fraction-calculator | https://usonlinetools.com/math/ratio-calculator | https://usonlinetools.com/math/average-calculator | https://usonlinetools.com/math/online-scientific-calculator","2"
"https://usonlinetools.com/math/mean-median-mode-calculator","Mean Median Mode Calculator","tool_page","math","https://usonlinetools.com/category/math","Home > Math & Calculators > Mean Median Mode Calculator","https://usonlinetools.com/math/online-percentage-calculator | https://usonlinetools.com/math/fraction-to-decimal-calculator | https://usonlinetools.com/math/decimal-to-fraction-calculator | https://usonlinetools.com/math/ratio-calculator | https://usonlinetools.com/math/average-calculator | https://usonlinetools.com/math/online-scientific-calculator","2"
"https://usonlinetools.com/math/rounding-numbers-calculator","Rounding Numbers Calculator","tool_page","math","https://usonlinetools.com/category/math","Home > Math & Calculators > Rounding Numbers Calculator","https://usonlinetools.com/math/online-percentage-calculator | https://usonlinetools.com/math/fraction-to-decimal-calculator | https://usonlinetools.com/math/decimal-to-fraction-calculator | https://usonlinetools.com/math/ratio-calculator | https://usonlinetools.com/math/average-calculator | https://usonlinetools.com/math/online-scientific-calculator","2"
"https://usonlinetools.com/math/exponents-calculator","Exponents Calculator","tool_page","math","https://usonlinetools.com/category/math","Home > Math & Calculators > Exponents Calculator","https://usonlinetools.com/math/online-percentage-calculator | https://usonlinetools.com/math/fraction-to-decimal-calculator | https://usonlinetools.com/math/decimal-to-fraction-calculator | https://usonlinetools.com/math/ratio-calculator | https://usonlinetools.com/math/average-calculator | https://usonlinetools.com/math/online-scientific-calculator","2"
"https://usonlinetools.com/math/variance-calculator","Variance Calculator","tool_page","math","https://usonlinetools.com/category/math","Home > Math & Calculators > Variance Calculator","https://usonlinetools.com/math/online-percentage-calculator | https://usonlinetools.com/math/fraction-to-decimal-calculator | https://usonlinetools.com/math/decimal-to-fraction-calculator | https://usonlinetools.com/math/ratio-calculator | https://usonlinetools.com/math/average-calculator | https://usonlinetools.com/math/online-scientific-calculator","2"
"https://usonlinetools.com/math/number-sequence-generator","Number Sequence Generator","tool_page","math","https://usonlinetools.com/category/math","Home > Math & Calculators > Number Sequence Generator","https://usonlinetools.com/math/online-percentage-calculator | https://usonlinetools.com/math/fraction-to-decimal-calculator | https://usonlinetools.com/math/decimal-to-fraction-calculator | https://usonlinetools.com/math/ratio-calculator | https://usonlinetools.com/math/average-calculator | https://usonlinetools.com/math/online-scientific-calculator","2"
"https://usonlinetools.com/math/divisibility-checker","Divisibility Checker","tool_page","math","https://usonlinetools.com/category/math","Home > Math & Calculators > Divisibility Checker","https://usonlinetools.com/math/online-percentage-calculator | https://usonlinetools.com/math/fraction-to-decimal-calculator | https://usonlinetools.com/math/decimal-to-fraction-calculator | https://usonlinetools.com/math/ratio-calculator | https://usonlinetools.com/math/average-calculator | https://usonlinetools.com/math/online-scientific-calculator","2"
"https://usonlinetools.com/math/online-matrix-calculator","Matrix Calculator","tool_page","math","https://usonlinetools.com/category/math","Home > Math & Calculators > Matrix Calculator","https://usonlinetools.com/math/online-percentage-calculator | https://usonlinetools.com/math/fraction-to-decimal-calculator | https://usonlinetools.com/math/decimal-to-fraction-calculator | https://usonlinetools.com/math/ratio-calculator | https://usonlinetools.com/math/average-calculator | https://usonlinetools.com/math/online-scientific-calculator","2"
"https://usonlinetools.com/math/online-quadratic-equation-solver","Quadratic Equation Solver","tool_page","math","https://usonlinetools.com/category/math","Home > Math & Calculators > Quadratic Equation Solver","https://usonlinetools.com/math/online-percentage-calculator | https://usonlinetools.com/math/fraction-to-decimal-calculator | https://usonlinetools.com/math/decimal-to-fraction-calculator | https://usonlinetools.com/math/ratio-calculator | https://usonlinetools.com/math/average-calculator | https://usonlinetools.com/math/online-scientific-calculator","2"
"https://usonlinetools.com/math/permutation-calculator","Permutation Calculator","tool_page","math","https://usonlinetools.com/category/math","Home > Math & Calculators > Permutation Calculator","https://usonlinetools.com/math/online-percentage-calculator | https://usonlinetools.com/math/fraction-to-decimal-calculator | https://usonlinetools.com/math/decimal-to-fraction-calculator | https://usonlinetools.com/math/ratio-calculator | https://usonlinetools.com/math/average-calculator | https://usonlinetools.com/math/online-scientific-calculator","2"
"https://usonlinetools.com/math/combination-calculator","Combination Calculator","tool_page","math","https://usonlinetools.com/category/math","Home > Math & Calculators > Combination Calculator","https://usonlinetools.com/math/online-percentage-calculator | https://usonlinetools.com/math/fraction-to-decimal-calculator | https://usonlinetools.com/math/decimal-to-fraction-calculator | https://usonlinetools.com/math/ratio-calculator | https://usonlinetools.com/math/average-calculator | https://usonlinetools.com/math/online-scientific-calculator","2"
"https://usonlinetools.com/math/modulo-calculator","Modulo Calculator","tool_page","math","https://usonlinetools.com/category/math","Home > Math & Calculators > Modulo Calculator","https://usonlinetools.com/math/online-percentage-calculator | https://usonlinetools.com/math/fraction-to-decimal-calculator | https://usonlinetools.com/math/decimal-to-fraction-calculator | https://usonlinetools.com/math/ratio-calculator | https://usonlinetools.com/math/average-calculator | https://usonlinetools.com/math/online-scientific-calculator","2"
"https://usonlinetools.com/math/proportion-calculator","Proportion Calculator","tool_page","math","https://usonlinetools.com/category/math","Home > Math & Calculators > Proportion Calculator","https://usonlinetools.com/math/online-percentage-calculator | https://usonlinetools.com/math/fraction-to-decimal-calculator | https://usonlinetools.com/math/decimal-to-fraction-calculator | https://usonlinetools.com/math/ratio-calculator | https://usonlinetools.com/math/average-calculator | https://usonlinetools.com/math/online-scientific-calculator","2"
"https://usonlinetools.com/math/percentage-error-calculator","Percentage Error Calculator","tool_page","math","https://usonlinetools.com/category/math","Home > Math & Calculators > Percentage Error Calculator","https://usonlinetools.com/math/online-percentage-calculator | https://usonlinetools.com/math/fraction-to-decimal-calculator | https://usonlinetools.com/math/decimal-to-fraction-calculator | https://usonlinetools.com/math/ratio-calculator | https://usonlinetools.com/math/average-calculator | https://usonlinetools.com/math/online-scientific-calculator","2"
"https://usonlinetools.com/math/fraction-calculator","Fraction Calculator","tool_page","math","https://usonlinetools.com/category/math","Home > Math & Calculators > Fraction Calculator","https://usonlinetools.com/math/online-percentage-calculator | https://usonlinetools.com/math/fraction-to-decimal-calculator | https://usonlinetools.com/math/decimal-to-fraction-calculator | https://usonlinetools.com/math/ratio-calculator | https://usonlinetools.com/math/average-calculator | https://usonlinetools.com/math/online-scientific-calculator","2"
"https://usonlinetools.com/finance/online-simple-interest-calculator","Simple Interest Calculator","tool_page","finance","https://usonlinetools.com/category/finance","Home > Finance & Cost > Simple Interest Calculator","https://usonlinetools.com/finance/online-compound-interest-calculator | https://usonlinetools.com/finance/online-loan-emi-calculator | https://usonlinetools.com/finance/discount-calculator | https://usonlinetools.com/finance/profit-margin-calculator | https://usonlinetools.com/finance/markup-calculator | https://usonlinetools.com/finance/break-even-calculator","2"
"https://usonlinetools.com/finance/online-compound-interest-calculator","Compound Interest Calculator","tool_page","finance","https://usonlinetools.com/category/finance","Home > Finance & Cost > Compound Interest Calculator","https://usonlinetools.com/finance/online-simple-interest-calculator | https://usonlinetools.com/finance/online-loan-emi-calculator | https://usonlinetools.com/finance/discount-calculator | https://usonlinetools.com/finance/profit-margin-calculator | https://usonlinetools.com/finance/markup-calculator | https://usonlinetools.com/finance/break-even-calculator","2"
"https://usonlinetools.com/finance/online-loan-emi-calculator","Loan EMI Calculator","tool_page","finance","https://usonlinetools.com/category/finance","Home > Finance & Cost > Loan EMI Calculator","https://usonlinetools.com/finance/online-simple-interest-calculator | https://usonlinetools.com/finance/online-compound-interest-calculator | https://usonlinetools.com/finance/discount-calculator | https://usonlinetools.com/finance/profit-margin-calculator | https://usonlinetools.com/finance/markup-calculator | https://usonlinetools.com/finance/break-even-calculator","2"
"https://usonlinetools.com/finance/discount-calculator","Discount Calculator","tool_page","finance","https://usonlinetools.com/category/finance","Home > Finance & Cost > Discount Calculator","https://usonlinetools.com/finance/online-simple-interest-calculator | https://usonlinetools.com/finance/online-compound-interest-calculator | https://usonlinetools.com/finance/online-loan-emi-calculator | https://usonlinetools.com/finance/profit-margin-calculator | https://usonlinetools.com/finance/markup-calculator | https://usonlinetools.com/finance/break-even-calculator","2"
"https://usonlinetools.com/finance/profit-margin-calculator","Profit Margin Calculator","tool_page","finance","https://usonlinetools.com/category/finance","Home > Finance & Cost > Profit Margin Calculator","https://usonlinetools.com/finance/online-simple-interest-calculator | https://usonlinetools.com/finance/online-compound-interest-calculator | https://usonlinetools.com/finance/online-loan-emi-calculator | https://usonlinetools.com/finance/discount-calculator | https://usonlinetools.com/finance/markup-calculator | https://usonlinetools.com/finance/break-even-calculator","2"
"https://usonlinetools.com/finance/markup-calculator","Markup Calculator","tool_page","finance","https://usonlinetools.com/category/finance","Home > Finance & Cost > Markup Calculator","https://usonlinetools.com/finance/online-simple-interest-calculator | https://usonlinetools.com/finance/online-compound-interest-calculator | https://usonlinetools.com/finance/online-loan-emi-calculator | https://usonlinetools.com/finance/discount-calculator | https://usonlinetools.com/finance/profit-margin-calculator | https://usonlinetools.com/finance/break-even-calculator","2"
"https://usonlinetools.com/finance/break-even-calculator","Break Even Calculator","tool_page","finance","https://usonlinetools.com/category/finance","Home > Finance & Cost > Break Even Calculator","https://usonlinetools.com/finance/online-simple-interest-calculator | https://usonlinetools.com/finance/online-compound-interest-calculator | https://usonlinetools.com/finance/online-loan-emi-calculator | https://usonlinetools.com/finance/discount-calculator | https://usonlinetools.com/finance/profit-margin-calculator | https://usonlinetools.com/finance/markup-calculator","2"
"https://usonlinetools.com/finance/online-roi-calculator","ROI Calculator","tool_page","finance","https://usonlinetools.com/category/finance","Home > Finance & Cost > ROI Calculator","https://usonlinetools.com/finance/online-simple-interest-calculator | https://usonlinetools.com/finance/online-compound-interest-calculator | https://usonlinetools.com/finance/online-loan-emi-calculator | https://usonlinetools.com/finance/discount-calculator | https://usonlinetools.com/finance/profit-margin-calculator | https://usonlinetools.com/finance/markup-calculator","2"
"https://usonlinetools.com/finance/savings-calculator","Savings Calculator","tool_page","finance","https://usonlinetools.com/category/finance","Home > Finance & Cost > Savings Calculator","https://usonlinetools.com/finance/online-simple-interest-calculator | https://usonlinetools.com/finance/online-compound-interest-calculator | https://usonlinetools.com/finance/online-loan-emi-calculator | https://usonlinetools.com/finance/discount-calculator | https://usonlinetools.com/finance/profit-margin-calculator | https://usonlinetools.com/finance/markup-calculator","2"
"https://usonlinetools.com/finance/online-cagr-calculator","CAGR Calculator","tool_page","finance","https://usonlinetools.com/category/finance","Home > Finance & Cost > CAGR Calculator","https://usonlinetools.com/finance/online-simple-interest-calculator | https://usonlinetools.com/finance/online-compound-interest-calculator | https://usonlinetools.com/finance/online-loan-emi-calculator | https://usonlinetools.com/finance/discount-calculator | https://usonlinetools.com/finance/profit-margin-calculator | https://usonlinetools.com/finance/markup-calculator","2"
"https://usonlinetools.com/finance/online-debt-to-income-calculator","Debt-to-Income Calculator","tool_page","finance","https://usonlinetools.com/category/finance","Home > Finance & Cost > Debt-to-Income Calculator","https://usonlinetools.com/finance/online-simple-interest-calculator | https://usonlinetools.com/finance/online-compound-interest-calculator | https://usonlinetools.com/finance/online-loan-emi-calculator | https://usonlinetools.com/finance/discount-calculator | https://usonlinetools.com/finance/profit-margin-calculator | https://usonlinetools.com/finance/markup-calculator","2"
"https://usonlinetools.com/finance/online-loan-to-value-calculator","Loan-to-Value Calculator","tool_page","finance","https://usonlinetools.com/category/finance","Home > Finance & Cost > Loan-to-Value Calculator","https://usonlinetools.com/finance/online-simple-interest-calculator | https://usonlinetools.com/finance/online-compound-interest-calculator | https://usonlinetools.com/finance/online-loan-emi-calculator | https://usonlinetools.com/finance/discount-calculator | https://usonlinetools.com/finance/profit-margin-calculator | https://usonlinetools.com/finance/markup-calculator","2"
"https://usonlinetools.com/finance/tip-calculator","Tip Calculator","tool_page","finance","https://usonlinetools.com/category/finance","Home > Finance & Cost > Tip Calculator","https://usonlinetools.com/finance/online-simple-interest-calculator | https://usonlinetools.com/finance/online-compound-interest-calculator | https://usonlinetools.com/finance/online-loan-emi-calculator | https://usonlinetools.com/finance/discount-calculator | https://usonlinetools.com/finance/profit-margin-calculator | https://usonlinetools.com/finance/markup-calculator","2"
"https://usonlinetools.com/finance/online-salary-calculator","Salary Calculator","tool_page","finance","https://usonlinetools.com/category/finance","Home > Finance & Cost > Salary Calculator","https://usonlinetools.com/finance/online-simple-interest-calculator | https://usonlinetools.com/finance/online-compound-interest-calculator | https://usonlinetools.com/finance/online-loan-emi-calculator | https://usonlinetools.com/finance/discount-calculator | https://usonlinetools.com/finance/profit-margin-calculator | https://usonlinetools.com/finance/markup-calculator","2"
"https://usonlinetools.com/finance/online-tax-calculator","Tax Calculator","tool_page","finance","https://usonlinetools.com/category/finance","Home > Finance & Cost > Tax Calculator","https://usonlinetools.com/finance/online-simple-interest-calculator | https://usonlinetools.com/finance/online-compound-interest-calculator | https://usonlinetools.com/finance/online-loan-emi-calculator | https://usonlinetools.com/finance/discount-calculator | https://usonlinetools.com/finance/profit-margin-calculator | https://usonlinetools.com/finance/markup-calculator","2"
"https://usonlinetools.com/finance/online-mortgage-payment-calculator","Mortgage Payment Calculator","tool_page","finance","https://usonlinetools.com/category/finance","Home > Finance & Cost > Mortgage Payment Calculator","https://usonlinetools.com/finance/online-simple-interest-calculator | https://usonlinetools.com/finance/online-compound-interest-calculator | https://usonlinetools.com/finance/online-loan-emi-calculator | https://usonlinetools.com/finance/discount-calculator | https://usonlinetools.com/finance/profit-margin-calculator | https://usonlinetools.com/finance/markup-calculator","2"
"https://usonlinetools.com/finance/online-gst-calculator","GST Calculator","tool_page","finance","https://usonlinetools.com/category/finance","Home > Finance & Cost > GST Calculator","https://usonlinetools.com/finance/online-simple-interest-calculator | https://usonlinetools.com/finance/online-compound-interest-calculator | https://usonlinetools.com/finance/online-loan-emi-calculator | https://usonlinetools.com/finance/discount-calculator | https://usonlinetools.com/finance/profit-margin-calculator | https://usonlinetools.com/finance/markup-calculator","2"
"https://usonlinetools.com/finance/online-inflation-calculator","Inflation Calculator","tool_page","finance","https://usonlinetools.com/category/finance","Home > Finance & Cost > Inflation Calculator","https://usonlinetools.com/finance/online-simple-interest-calculator | https://usonlinetools.com/finance/online-compound-interest-calculator | https://usonlinetools.com/finance/online-loan-emi-calculator | https://usonlinetools.com/finance/discount-calculator | https://usonlinetools.com/finance/profit-margin-calculator | https://usonlinetools.com/finance/markup-calculator","2"
"https://usonlinetools.com/finance/commission-calculator","Commission Calculator","tool_page","finance","https://usonlinetools.com/category/finance","Home > Finance & Cost > Commission Calculator","https://usonlinetools.com/finance/online-simple-interest-calculator | https://usonlinetools.com/finance/online-compound-interest-calculator | https://usonlinetools.com/finance/online-loan-emi-calculator | https://usonlinetools.com/finance/discount-calculator | https://usonlinetools.com/finance/profit-margin-calculator | https://usonlinetools.com/finance/markup-calculator","2"
"https://usonlinetools.com/finance/online-investment-growth-calculator","Investment Growth Calculator","tool_page","finance","https://usonlinetools.com/category/finance","Home > Finance & Cost > Investment Growth Calculator","https://usonlinetools.com/finance/online-simple-interest-calculator | https://usonlinetools.com/finance/online-compound-interest-calculator | https://usonlinetools.com/finance/online-loan-emi-calculator | https://usonlinetools.com/finance/discount-calculator | https://usonlinetools.com/finance/profit-margin-calculator | https://usonlinetools.com/finance/markup-calculator","2"
"https://usonlinetools.com/finance/online-budget-calculator","Budget Calculator","tool_page","finance","https://usonlinetools.com/category/finance","Home > Finance & Cost > Budget Calculator","https://usonlinetools.com/finance/online-simple-interest-calculator | https://usonlinetools.com/finance/online-compound-interest-calculator | https://usonlinetools.com/finance/online-loan-emi-calculator | https://usonlinetools.com/finance/discount-calculator | https://usonlinetools.com/finance/profit-margin-calculator | https://usonlinetools.com/finance/markup-calculator","2"
"https://usonlinetools.com/finance/expense-calculator","Expense Calculator","tool_page","finance","https://usonlinetools.com/category/finance","Home > Finance & Cost > Expense Calculator","https://usonlinetools.com/finance/online-simple-interest-calculator | https://usonlinetools.com/finance/online-compound-interest-calculator | https://usonlinetools.com/finance/online-loan-emi-calculator | https://usonlinetools.com/finance/discount-calculator | https://usonlinetools.com/finance/profit-margin-calculator | https://usonlinetools.com/finance/markup-calculator","2"
"https://usonlinetools.com/finance/cost-per-unit-calculator","Cost Per Unit Calculator","tool_page","finance","https://usonlinetools.com/category/finance","Home > Finance & Cost > Cost Per Unit Calculator","https://usonlinetools.com/finance/online-simple-interest-calculator | https://usonlinetools.com/finance/online-compound-interest-calculator | https://usonlinetools.com/finance/online-loan-emi-calculator | https://usonlinetools.com/finance/discount-calculator | https://usonlinetools.com/finance/profit-margin-calculator | https://usonlinetools.com/finance/markup-calculator","2"
"https://usonlinetools.com/finance/price-per-unit-calculator","Price Per Unit Calculator","tool_page","finance","https://usonlinetools.com/category/finance","Home > Finance & Cost > Price Per Unit Calculator","https://usonlinetools.com/finance/online-simple-interest-calculator | https://usonlinetools.com/finance/online-compound-interest-calculator | https://usonlinetools.com/finance/online-loan-emi-calculator | https://usonlinetools.com/finance/discount-calculator | https://usonlinetools.com/finance/profit-margin-calculator | https://usonlinetools.com/finance/markup-calculator","2"
"https://usonlinetools.com/finance/payback-period-calculator","Payback Period Calculator","tool_page","finance","https://usonlinetools.com/category/finance","Home > Finance & Cost > Payback Period Calculator","https://usonlinetools.com/finance/online-simple-interest-calculator | https://usonlinetools.com/finance/online-compound-interest-calculator | https://usonlinetools.com/finance/online-loan-emi-calculator | https://usonlinetools.com/finance/discount-calculator | https://usonlinetools.com/finance/profit-margin-calculator | https://usonlinetools.com/finance/markup-calculator","2"
"https://usonlinetools.com/finance/loan-interest-calculator","Loan Interest Calculator","tool_page","finance","https://usonlinetools.com/category/finance","Home > Finance & Cost > Loan Interest Calculator","https://usonlinetools.com/finance/online-simple-interest-calculator | https://usonlinetools.com/finance/online-compound-interest-calculator | https://usonlinetools.com/finance/online-loan-emi-calculator | https://usonlinetools.com/finance/discount-calculator | https://usonlinetools.com/finance/profit-margin-calculator | https://usonlinetools.com/finance/markup-calculator","2"
"https://usonlinetools.com/finance/savings-goal-calculator","Savings Goal Calculator","tool_page","finance","https://usonlinetools.com/category/finance","Home > Finance & Cost > Savings Goal Calculator","https://usonlinetools.com/finance/online-simple-interest-calculator | https://usonlinetools.com/finance/online-compound-interest-calculator | https://usonlinetools.com/finance/online-loan-emi-calculator | https://usonlinetools.com/finance/discount-calculator | https://usonlinetools.com/finance/profit-margin-calculator | https://usonlinetools.com/finance/markup-calculator","2"
"https://usonlinetools.com/finance/revenue-calculator","Revenue Calculator","tool_page","finance","https://usonlinetools.com/category/finance","Home > Finance & Cost > Revenue Calculator","https://usonlinetools.com/finance/online-simple-interest-calculator | https://usonlinetools.com/finance/online-compound-interest-calculator | https://usonlinetools.com/finance/online-loan-emi-calculator | https://usonlinetools.com/finance/discount-calculator | https://usonlinetools.com/finance/profit-margin-calculator | https://usonlinetools.com/finance/markup-calculator","2"
"https://usonlinetools.com/finance/cost-split-calculator","Cost Split Calculator","tool_page","finance","https://usonlinetools.com/category/finance","Home > Finance & Cost > Cost Split Calculator","https://usonlinetools.com/finance/online-simple-interest-calculator | https://usonlinetools.com/finance/online-compound-interest-calculator | https://usonlinetools.com/finance/online-loan-emi-calculator | https://usonlinetools.com/finance/discount-calculator | https://usonlinetools.com/finance/profit-margin-calculator | https://usonlinetools.com/finance/markup-calculator","2"
"https://usonlinetools.com/finance/depreciation-calculator","Depreciation Calculator","tool_page","finance","https://usonlinetools.com/category/finance","Home > Finance & Cost > Depreciation Calculator","https://usonlinetools.com/finance/online-simple-interest-calculator | https://usonlinetools.com/finance/online-compound-interest-calculator | https://usonlinetools.com/finance/online-loan-emi-calculator | https://usonlinetools.com/finance/discount-calculator | https://usonlinetools.com/finance/profit-margin-calculator | https://usonlinetools.com/finance/markup-calculator","2"
"https://usonlinetools.com/finance/net-worth-calculator","Net Worth Calculator","tool_page","finance","https://usonlinetools.com/category/finance","Home > Finance & Cost > Net Worth Calculator","https://usonlinetools.com/finance/online-simple-interest-calculator | https://usonlinetools.com/finance/online-compound-interest-calculator | https://usonlinetools.com/finance/online-loan-emi-calculator | https://usonlinetools.com/finance/discount-calculator | https://usonlinetools.com/finance/profit-margin-calculator | https://usonlinetools.com/finance/markup-calculator","2"
"https://usonlinetools.com/finance/online-retirement-calculator","Retirement Calculator","tool_page","finance","https://usonlinetools.com/category/finance","Home > Finance & Cost > Retirement Calculator","https://usonlinetools.com/finance/online-simple-interest-calculator | https://usonlinetools.com/finance/online-compound-interest-calculator | https://usonlinetools.com/finance/online-loan-emi-calculator | https://usonlinetools.com/finance/discount-calculator | https://usonlinetools.com/finance/profit-margin-calculator | https://usonlinetools.com/finance/markup-calculator","2"
"https://usonlinetools.com/finance/online-car-loan-calculator","Car Loan Calculator","tool_page","finance","https://usonlinetools.com/category/finance","Home > Finance & Cost > Car Loan Calculator","https://usonlinetools.com/finance/online-simple-interest-calculator | https://usonlinetools.com/finance/online-compound-interest-calculator | https://usonlinetools.com/finance/online-loan-emi-calculator | https://usonlinetools.com/finance/discount-calculator | https://usonlinetools.com/finance/profit-margin-calculator | https://usonlinetools.com/finance/markup-calculator","2"
"https://usonlinetools.com/finance/credit-card-payoff-calculator","Credit Card Payoff Calculator","tool_page","finance","https://usonlinetools.com/category/finance","Home > Finance & Cost > Credit Card Payoff Calculator","https://usonlinetools.com/finance/online-simple-interest-calculator | https://usonlinetools.com/finance/online-compound-interest-calculator | https://usonlinetools.com/finance/online-loan-emi-calculator | https://usonlinetools.com/finance/discount-calculator | https://usonlinetools.com/finance/profit-margin-calculator | https://usonlinetools.com/finance/markup-calculator","2"
"https://usonlinetools.com/finance/down-payment-calculator","Down Payment Calculator","tool_page","finance","https://usonlinetools.com/category/finance","Home > Finance & Cost > Down Payment Calculator","https://usonlinetools.com/finance/online-simple-interest-calculator | https://usonlinetools.com/finance/online-compound-interest-calculator | https://usonlinetools.com/finance/online-loan-emi-calculator | https://usonlinetools.com/finance/discount-calculator | https://usonlinetools.com/finance/profit-margin-calculator | https://usonlinetools.com/finance/markup-calculator","2"
"https://usonlinetools.com/finance/online-amortization-calculator","Amortization Calculator","tool_page","finance","https://usonlinetools.com/category/finance","Home > Finance & Cost > Amortization Calculator","https://usonlinetools.com/finance/online-simple-interest-calculator | https://usonlinetools.com/finance/online-compound-interest-calculator | https://usonlinetools.com/finance/online-loan-emi-calculator | https://usonlinetools.com/finance/discount-calculator | https://usonlinetools.com/finance/profit-margin-calculator | https://usonlinetools.com/finance/markup-calculator","2"
"https://usonlinetools.com/finance/stock-profit-calculator","Stock Profit Calculator","tool_page","finance","https://usonlinetools.com/category/finance","Home > Finance & Cost > Stock Profit Calculator","https://usonlinetools.com/finance/online-simple-interest-calculator | https://usonlinetools.com/finance/online-compound-interest-calculator | https://usonlinetools.com/finance/online-loan-emi-calculator | https://usonlinetools.com/finance/discount-calculator | https://usonlinetools.com/finance/profit-margin-calculator | https://usonlinetools.com/finance/markup-calculator","2"
"https://usonlinetools.com/finance/dividend-calculator","Dividend Calculator","tool_page","finance","https://usonlinetools.com/category/finance","Home > Finance & Cost > Dividend Calculator","https://usonlinetools.com/finance/online-simple-interest-calculator | https://usonlinetools.com/finance/online-compound-interest-calculator | https://usonlinetools.com/finance/online-loan-emi-calculator | https://usonlinetools.com/finance/discount-calculator | https://usonlinetools.com/finance/profit-margin-calculator | https://usonlinetools.com/finance/markup-calculator","2"
"https://usonlinetools.com/finance/online-currency-exchange-calculator","Currency Exchange Calculator","tool_page","finance","https://usonlinetools.com/category/finance","Home > Finance & Cost > Currency Exchange Calculator","https://usonlinetools.com/finance/online-simple-interest-calculator | https://usonlinetools.com/finance/online-compound-interest-calculator | https://usonlinetools.com/finance/online-loan-emi-calculator | https://usonlinetools.com/finance/discount-calculator | https://usonlinetools.com/finance/profit-margin-calculator | https://usonlinetools.com/finance/markup-calculator","2"
"https://usonlinetools.com/finance/hourly-to-salary-calculator","Hourly to Salary Calculator","tool_page","finance","https://usonlinetools.com/category/finance","Home > Finance & Cost > Hourly to Salary Calculator","https://usonlinetools.com/finance/online-simple-interest-calculator | https://usonlinetools.com/finance/online-compound-interest-calculator | https://usonlinetools.com/finance/online-loan-emi-calculator | https://usonlinetools.com/finance/discount-calculator | https://usonlinetools.com/finance/profit-margin-calculator | https://usonlinetools.com/finance/markup-calculator","2"
"https://usonlinetools.com/conversion/online-length-converter","Length Converter","tool_page","conversion","https://usonlinetools.com/category/conversion","Home > Conversion Tools > Length Converter","https://usonlinetools.com/conversion/online-weight-converter | https://usonlinetools.com/conversion/online-temperature-converter | https://usonlinetools.com/conversion/online-area-converter | https://usonlinetools.com/conversion/online-volume-converter | https://usonlinetools.com/conversion/online-speed-converter | https://usonlinetools.com/conversion/color-converter","2"
"https://usonlinetools.com/conversion/online-weight-converter","Weight Converter","tool_page","conversion","https://usonlinetools.com/category/conversion","Home > Conversion Tools > Weight Converter","https://usonlinetools.com/conversion/online-length-converter | https://usonlinetools.com/conversion/online-temperature-converter | https://usonlinetools.com/conversion/online-area-converter | https://usonlinetools.com/conversion/online-volume-converter | https://usonlinetools.com/conversion/online-speed-converter | https://usonlinetools.com/conversion/color-converter","2"
"https://usonlinetools.com/conversion/online-temperature-converter","Temperature Converter","tool_page","conversion","https://usonlinetools.com/category/conversion","Home > Conversion Tools > Temperature Converter","https://usonlinetools.com/conversion/online-length-converter | https://usonlinetools.com/conversion/online-weight-converter | https://usonlinetools.com/conversion/online-area-converter | https://usonlinetools.com/conversion/online-volume-converter | https://usonlinetools.com/conversion/online-speed-converter | https://usonlinetools.com/conversion/color-converter","2"
"https://usonlinetools.com/conversion/online-area-converter","Area Converter","tool_page","conversion","https://usonlinetools.com/category/conversion","Home > Conversion Tools > Area Converter","https://usonlinetools.com/conversion/online-length-converter | https://usonlinetools.com/conversion/online-weight-converter | https://usonlinetools.com/conversion/online-temperature-converter | https://usonlinetools.com/conversion/online-volume-converter | https://usonlinetools.com/conversion/online-speed-converter | https://usonlinetools.com/conversion/color-converter","2"
"https://usonlinetools.com/conversion/online-volume-converter","Volume Converter","tool_page","conversion","https://usonlinetools.com/category/conversion","Home > Conversion Tools > Volume Converter","https://usonlinetools.com/conversion/online-length-converter | https://usonlinetools.com/conversion/online-weight-converter | https://usonlinetools.com/conversion/online-temperature-converter | https://usonlinetools.com/conversion/online-area-converter | https://usonlinetools.com/conversion/online-speed-converter | https://usonlinetools.com/conversion/color-converter","2"
"https://usonlinetools.com/conversion/online-speed-converter","Speed Converter","tool_page","conversion","https://usonlinetools.com/category/conversion","Home > Conversion Tools > Speed Converter","https://usonlinetools.com/conversion/online-length-converter | https://usonlinetools.com/conversion/online-weight-converter | https://usonlinetools.com/conversion/online-temperature-converter | https://usonlinetools.com/conversion/online-area-converter | https://usonlinetools.com/conversion/online-volume-converter | https://usonlinetools.com/conversion/color-converter","2"
"https://usonlinetools.com/conversion/color-converter","Color Converter","tool_page","conversion","https://usonlinetools.com/category/conversion","Home > Conversion Tools > Color Converter","https://usonlinetools.com/conversion/online-length-converter | https://usonlinetools.com/conversion/online-weight-converter | https://usonlinetools.com/conversion/online-temperature-converter | https://usonlinetools.com/conversion/online-area-converter | https://usonlinetools.com/conversion/online-volume-converter | https://usonlinetools.com/conversion/online-speed-converter","2"
"https://usonlinetools.com/conversion/online-binary-to-decimal-converter","Binary to Decimal Converter","tool_page","conversion","https://usonlinetools.com/category/conversion","Home > Conversion Tools > Binary to Decimal Converter","https://usonlinetools.com/conversion/online-length-converter | https://usonlinetools.com/conversion/online-weight-converter | https://usonlinetools.com/conversion/online-temperature-converter | https://usonlinetools.com/conversion/online-area-converter | https://usonlinetools.com/conversion/online-volume-converter | https://usonlinetools.com/conversion/online-speed-converter","2"
"https://usonlinetools.com/conversion/decimal-to-binary-converter","Decimal to Binary Converter","tool_page","conversion","https://usonlinetools.com/category/conversion","Home > Conversion Tools > Decimal to Binary Converter","https://usonlinetools.com/conversion/online-length-converter | https://usonlinetools.com/conversion/online-weight-converter | https://usonlinetools.com/conversion/online-temperature-converter | https://usonlinetools.com/conversion/online-area-converter | https://usonlinetools.com/conversion/online-volume-converter | https://usonlinetools.com/conversion/online-speed-converter","2"
"https://usonlinetools.com/conversion/hex-to-decimal-converter","Hex to Decimal Converter","tool_page","conversion","https://usonlinetools.com/category/conversion","Home > Conversion Tools > Hex to Decimal Converter","https://usonlinetools.com/conversion/online-length-converter | https://usonlinetools.com/conversion/online-weight-converter | https://usonlinetools.com/conversion/online-temperature-converter | https://usonlinetools.com/conversion/online-area-converter | https://usonlinetools.com/conversion/online-volume-converter | https://usonlinetools.com/conversion/online-speed-converter","2"
"https://usonlinetools.com/conversion/online-roman-numeral-converter","Roman Numeral Converter","tool_page","conversion","https://usonlinetools.com/category/conversion","Home > Conversion Tools > Roman Numeral Converter","https://usonlinetools.com/conversion/online-length-converter | https://usonlinetools.com/conversion/online-weight-converter | https://usonlinetools.com/conversion/online-temperature-converter | https://usonlinetools.com/conversion/online-area-converter | https://usonlinetools.com/conversion/online-volume-converter | https://usonlinetools.com/conversion/online-speed-converter","2"
"https://usonlinetools.com/conversion/data-storage-converter","Data Storage Converter","tool_page","conversion","https://usonlinetools.com/category/conversion","Home > Conversion Tools > Data Storage Converter","https://usonlinetools.com/conversion/online-length-converter | https://usonlinetools.com/conversion/online-weight-converter | https://usonlinetools.com/conversion/online-temperature-converter | https://usonlinetools.com/conversion/online-area-converter | https://usonlinetools.com/conversion/online-volume-converter | https://usonlinetools.com/conversion/online-speed-converter","2"
"https://usonlinetools.com/conversion/energy-converter","Energy Converter","tool_page","conversion","https://usonlinetools.com/category/conversion","Home > Conversion Tools > Energy Converter","https://usonlinetools.com/conversion/online-length-converter | https://usonlinetools.com/conversion/online-weight-converter | https://usonlinetools.com/conversion/online-temperature-converter | https://usonlinetools.com/conversion/online-area-converter | https://usonlinetools.com/conversion/online-volume-converter | https://usonlinetools.com/conversion/online-speed-converter","2"
"https://usonlinetools.com/conversion/pressure-converter","Pressure Converter","tool_page","conversion","https://usonlinetools.com/category/conversion","Home > Conversion Tools > Pressure Converter","https://usonlinetools.com/conversion/online-length-converter | https://usonlinetools.com/conversion/online-weight-converter | https://usonlinetools.com/conversion/online-temperature-converter | https://usonlinetools.com/conversion/online-area-converter | https://usonlinetools.com/conversion/online-volume-converter | https://usonlinetools.com/conversion/online-speed-converter","2"
"https://usonlinetools.com/conversion/time-converter","Time Converter","tool_page","conversion","https://usonlinetools.com/category/conversion","Home > Conversion Tools > Time Converter","https://usonlinetools.com/conversion/online-length-converter | https://usonlinetools.com/conversion/online-weight-converter | https://usonlinetools.com/conversion/online-temperature-converter | https://usonlinetools.com/conversion/online-area-converter | https://usonlinetools.com/conversion/online-volume-converter | https://usonlinetools.com/conversion/online-speed-converter","2"
"https://usonlinetools.com/conversion/angle-converter","Angle Converter","tool_page","conversion","https://usonlinetools.com/category/conversion","Home > Conversion Tools > Angle Converter","https://usonlinetools.com/conversion/online-length-converter | https://usonlinetools.com/conversion/online-weight-converter | https://usonlinetools.com/conversion/online-temperature-converter | https://usonlinetools.com/conversion/online-area-converter | https://usonlinetools.com/conversion/online-volume-converter | https://usonlinetools.com/conversion/online-speed-converter","2"
"https://usonlinetools.com/conversion/frequency-converter","Frequency Converter","tool_page","conversion","https://usonlinetools.com/category/conversion","Home > Conversion Tools > Frequency Converter","https://usonlinetools.com/conversion/online-length-converter | https://usonlinetools.com/conversion/online-weight-converter | https://usonlinetools.com/conversion/online-temperature-converter | https://usonlinetools.com/conversion/online-area-converter | https://usonlinetools.com/conversion/online-volume-converter | https://usonlinetools.com/conversion/online-speed-converter","2"
"https://usonlinetools.com/conversion/fuel-efficiency-converter","Fuel Efficiency Converter","tool_page","conversion","https://usonlinetools.com/category/conversion","Home > Conversion Tools > Fuel Efficiency Converter","https://usonlinetools.com/conversion/online-length-converter | https://usonlinetools.com/conversion/online-weight-converter | https://usonlinetools.com/conversion/online-temperature-converter | https://usonlinetools.com/conversion/online-area-converter | https://usonlinetools.com/conversion/online-volume-converter | https://usonlinetools.com/conversion/online-speed-converter","2"
"https://usonlinetools.com/conversion/number-to-words-converter","Number to Words Converter","tool_page","conversion","https://usonlinetools.com/category/conversion","Home > Conversion Tools > Number to Words Converter","https://usonlinetools.com/conversion/online-length-converter | https://usonlinetools.com/conversion/online-weight-converter | https://usonlinetools.com/conversion/online-temperature-converter | https://usonlinetools.com/conversion/online-area-converter | https://usonlinetools.com/conversion/online-volume-converter | https://usonlinetools.com/conversion/online-speed-converter","2"
"https://usonlinetools.com/conversion/words-to-number-converter","Words to Number Converter","tool_page","conversion","https://usonlinetools.com/category/conversion","Home > Conversion Tools > Words to Number Converter","https://usonlinetools.com/conversion/online-length-converter | https://usonlinetools.com/conversion/online-weight-converter | https://usonlinetools.com/conversion/online-temperature-converter | https://usonlinetools.com/conversion/online-area-converter | https://usonlinetools.com/conversion/online-volume-converter | https://usonlinetools.com/conversion/online-speed-converter","2"
"https://usonlinetools.com/conversion/base-converter","Base Converter","tool_page","conversion","https://usonlinetools.com/category/conversion","Home > Conversion Tools > Base Converter","https://usonlinetools.com/conversion/online-length-converter | https://usonlinetools.com/conversion/online-weight-converter | https://usonlinetools.com/conversion/online-temperature-converter | https://usonlinetools.com/conversion/online-area-converter | https://usonlinetools.com/conversion/online-volume-converter | https://usonlinetools.com/conversion/online-speed-converter","2"
"https://usonlinetools.com/conversion/binary-to-hex-converter","Binary to Hex Converter","tool_page","conversion","https://usonlinetools.com/category/conversion","Home > Conversion Tools > Binary to Hex Converter","https://usonlinetools.com/conversion/online-length-converter | https://usonlinetools.com/conversion/online-weight-converter | https://usonlinetools.com/conversion/online-temperature-converter | https://usonlinetools.com/conversion/online-area-converter | https://usonlinetools.com/conversion/online-volume-converter | https://usonlinetools.com/conversion/online-speed-converter","2"
"https://usonlinetools.com/conversion/hex-to-binary-converter","Hex to Binary Converter","tool_page","conversion","https://usonlinetools.com/category/conversion","Home > Conversion Tools > Hex to Binary Converter","https://usonlinetools.com/conversion/online-length-converter | https://usonlinetools.com/conversion/online-weight-converter | https://usonlinetools.com/conversion/online-temperature-converter | https://usonlinetools.com/conversion/online-area-converter | https://usonlinetools.com/conversion/online-volume-converter | https://usonlinetools.com/conversion/online-speed-converter","2"
"https://usonlinetools.com/conversion/octal-converter","Octal Converter","tool_page","conversion","https://usonlinetools.com/category/conversion","Home > Conversion Tools > Octal Converter","https://usonlinetools.com/conversion/online-length-converter | https://usonlinetools.com/conversion/online-weight-converter | https://usonlinetools.com/conversion/online-temperature-converter | https://usonlinetools.com/conversion/online-area-converter | https://usonlinetools.com/conversion/online-volume-converter | https://usonlinetools.com/conversion/online-speed-converter","2"
"https://usonlinetools.com/conversion/unit-price-converter","Unit Price Converter","tool_page","conversion","https://usonlinetools.com/category/conversion","Home > Conversion Tools > Unit Price Converter","https://usonlinetools.com/conversion/online-length-converter | https://usonlinetools.com/conversion/online-weight-converter | https://usonlinetools.com/conversion/online-temperature-converter | https://usonlinetools.com/conversion/online-area-converter | https://usonlinetools.com/conversion/online-volume-converter | https://usonlinetools.com/conversion/online-speed-converter","2"
"https://usonlinetools.com/conversion/density-converter","Density Converter","tool_page","conversion","https://usonlinetools.com/category/conversion","Home > Conversion Tools > Density Converter","https://usonlinetools.com/conversion/online-length-converter | https://usonlinetools.com/conversion/online-weight-converter | https://usonlinetools.com/conversion/online-temperature-converter | https://usonlinetools.com/conversion/online-area-converter | https://usonlinetools.com/conversion/online-volume-converter | https://usonlinetools.com/conversion/online-speed-converter","2"
"https://usonlinetools.com/conversion/power-converter","Power Converter","tool_page","conversion","https://usonlinetools.com/category/conversion","Home > Conversion Tools > Power Converter","https://usonlinetools.com/conversion/online-length-converter | https://usonlinetools.com/conversion/online-weight-converter | https://usonlinetools.com/conversion/online-temperature-converter | https://usonlinetools.com/conversion/online-area-converter | https://usonlinetools.com/conversion/online-volume-converter | https://usonlinetools.com/conversion/online-speed-converter","2"
"https://usonlinetools.com/conversion/torque-converter","Torque Converter","tool_page","conversion","https://usonlinetools.com/category/conversion","Home > Conversion Tools > Torque Converter","https://usonlinetools.com/conversion/online-length-converter | https://usonlinetools.com/conversion/online-weight-converter | https://usonlinetools.com/conversion/online-temperature-converter | https://usonlinetools.com/conversion/online-area-converter | https://usonlinetools.com/conversion/online-volume-converter | https://usonlinetools.com/conversion/online-speed-converter","2"
"https://usonlinetools.com/conversion/force-converter","Force Converter","tool_page","conversion","https://usonlinetools.com/category/conversion","Home > Conversion Tools > Force Converter","https://usonlinetools.com/conversion/online-length-converter | https://usonlinetools.com/conversion/online-weight-converter | https://usonlinetools.com/conversion/online-temperature-converter | https://usonlinetools.com/conversion/online-area-converter | https://usonlinetools.com/conversion/online-volume-converter | https://usonlinetools.com/conversion/online-speed-converter","2"
"https://usonlinetools.com/conversion/electric-current-converter","Electric Current Converter","tool_page","conversion","https://usonlinetools.com/category/conversion","Home > Conversion Tools > Electric Current Converter","https://usonlinetools.com/conversion/online-length-converter | https://usonlinetools.com/conversion/online-weight-converter | https://usonlinetools.com/conversion/online-temperature-converter | https://usonlinetools.com/conversion/online-area-converter | https://usonlinetools.com/conversion/online-volume-converter | https://usonlinetools.com/conversion/online-speed-converter","2"
"https://usonlinetools.com/conversion/online-shoe-size-converter","Shoe Size Converter","tool_page","conversion","https://usonlinetools.com/category/conversion","Home > Conversion Tools > Shoe Size Converter","https://usonlinetools.com/conversion/online-length-converter | https://usonlinetools.com/conversion/online-weight-converter | https://usonlinetools.com/conversion/online-temperature-converter | https://usonlinetools.com/conversion/online-area-converter | https://usonlinetools.com/conversion/online-volume-converter | https://usonlinetools.com/conversion/online-speed-converter","2"
"https://usonlinetools.com/conversion/online-cooking-converter","Cooking Converter","tool_page","conversion","https://usonlinetools.com/category/conversion","Home > Conversion Tools > Cooking Converter","https://usonlinetools.com/conversion/online-length-converter | https://usonlinetools.com/conversion/online-weight-converter | https://usonlinetools.com/conversion/online-temperature-converter | https://usonlinetools.com/conversion/online-area-converter | https://usonlinetools.com/conversion/online-volume-converter | https://usonlinetools.com/conversion/online-speed-converter","2"
"https://usonlinetools.com/time-date/online-age-calculator","Age Calculator","tool_page","time-date","https://usonlinetools.com/category/time-date","Home > Time & Date > Age Calculator","https://usonlinetools.com/time-date/date-difference-calculator | https://usonlinetools.com/time-date/online-countdown-timer | https://usonlinetools.com/time-date/time-duration-calculator | https://usonlinetools.com/time-date/work-hours-calculator | https://usonlinetools.com/time-date/business-days-calculator | https://usonlinetools.com/time-date/leap-year-checker","2"
"https://usonlinetools.com/time-date/date-difference-calculator","Date Difference Calculator","tool_page","time-date","https://usonlinetools.com/category/time-date","Home > Time & Date > Date Difference Calculator","https://usonlinetools.com/time-date/online-age-calculator | https://usonlinetools.com/time-date/online-countdown-timer | https://usonlinetools.com/time-date/time-duration-calculator | https://usonlinetools.com/time-date/work-hours-calculator | https://usonlinetools.com/time-date/business-days-calculator | https://usonlinetools.com/time-date/leap-year-checker","2"
"https://usonlinetools.com/time-date/online-countdown-timer","Countdown Timer","tool_page","time-date","https://usonlinetools.com/category/time-date","Home > Time & Date > Countdown Timer","https://usonlinetools.com/time-date/online-age-calculator | https://usonlinetools.com/time-date/date-difference-calculator | https://usonlinetools.com/time-date/time-duration-calculator | https://usonlinetools.com/time-date/work-hours-calculator | https://usonlinetools.com/time-date/business-days-calculator | https://usonlinetools.com/time-date/leap-year-checker","2"
"https://usonlinetools.com/time-date/time-duration-calculator","Time Duration Calculator","tool_page","time-date","https://usonlinetools.com/category/time-date","Home > Time & Date > Time Duration Calculator","https://usonlinetools.com/time-date/online-age-calculator | https://usonlinetools.com/time-date/date-difference-calculator | https://usonlinetools.com/time-date/online-countdown-timer | https://usonlinetools.com/time-date/work-hours-calculator | https://usonlinetools.com/time-date/business-days-calculator | https://usonlinetools.com/time-date/leap-year-checker","2"
"https://usonlinetools.com/time-date/work-hours-calculator","Work Hours Calculator","tool_page","time-date","https://usonlinetools.com/category/time-date","Home > Time & Date > Work Hours Calculator","https://usonlinetools.com/time-date/online-age-calculator | https://usonlinetools.com/time-date/date-difference-calculator | https://usonlinetools.com/time-date/online-countdown-timer | https://usonlinetools.com/time-date/time-duration-calculator | https://usonlinetools.com/time-date/business-days-calculator | https://usonlinetools.com/time-date/leap-year-checker","2"
"https://usonlinetools.com/time-date/business-days-calculator","Business Days Calculator","tool_page","time-date","https://usonlinetools.com/category/time-date","Home > Time & Date > Business Days Calculator","https://usonlinetools.com/time-date/online-age-calculator | https://usonlinetools.com/time-date/date-difference-calculator | https://usonlinetools.com/time-date/online-countdown-timer | https://usonlinetools.com/time-date/time-duration-calculator | https://usonlinetools.com/time-date/work-hours-calculator | https://usonlinetools.com/time-date/leap-year-checker","2"
"https://usonlinetools.com/time-date/leap-year-checker","Leap Year Checker","tool_page","time-date","https://usonlinetools.com/category/time-date","Home > Time & Date > Leap Year Checker","https://usonlinetools.com/time-date/online-age-calculator | https://usonlinetools.com/time-date/date-difference-calculator | https://usonlinetools.com/time-date/online-countdown-timer | https://usonlinetools.com/time-date/time-duration-calculator | https://usonlinetools.com/time-date/work-hours-calculator | https://usonlinetools.com/time-date/business-days-calculator","2"
"https://usonlinetools.com/time-date/online-time-zone-converter","Time Zone Converter","tool_page","time-date","https://usonlinetools.com/category/time-date","Home > Time & Date > Time Zone Converter","https://usonlinetools.com/time-date/online-age-calculator | https://usonlinetools.com/time-date/date-difference-calculator | https://usonlinetools.com/time-date/online-countdown-timer | https://usonlinetools.com/time-date/time-duration-calculator | https://usonlinetools.com/time-date/work-hours-calculator | https://usonlinetools.com/time-date/business-days-calculator","2"
"https://usonlinetools.com/time-date/online-stopwatch","Stopwatch Tool","tool_page","time-date","https://usonlinetools.com/category/time-date","Home > Time & Date > Stopwatch Tool","https://usonlinetools.com/time-date/online-age-calculator | https://usonlinetools.com/time-date/date-difference-calculator | https://usonlinetools.com/time-date/online-countdown-timer | https://usonlinetools.com/time-date/time-duration-calculator | https://usonlinetools.com/time-date/work-hours-calculator | https://usonlinetools.com/time-date/business-days-calculator","2"
"https://usonlinetools.com/time-date/half-birthday-calculator","Half Birthday Calculator","tool_page","time-date","https://usonlinetools.com/category/time-date","Home > Time & Date > Half Birthday Calculator","https://usonlinetools.com/time-date/online-age-calculator | https://usonlinetools.com/time-date/date-difference-calculator | https://usonlinetools.com/time-date/online-countdown-timer | https://usonlinetools.com/time-date/time-duration-calculator | https://usonlinetools.com/time-date/work-hours-calculator | https://usonlinetools.com/time-date/business-days-calculator","2"
"https://usonlinetools.com/time-date/week-number-calculator","Week Number Calculator","tool_page","time-date","https://usonlinetools.com/category/time-date","Home > Time & Date > Week Number Calculator","https://usonlinetools.com/time-date/online-age-calculator | https://usonlinetools.com/time-date/date-difference-calculator | https://usonlinetools.com/time-date/online-countdown-timer | https://usonlinetools.com/time-date/time-duration-calculator | https://usonlinetools.com/time-date/work-hours-calculator | https://usonlinetools.com/time-date/business-days-calculator","2"
"https://usonlinetools.com/time-date/overtime-calculator","Overtime Calculator","tool_page","time-date","https://usonlinetools.com/category/time-date","Home > Time & Date > Overtime Calculator","https://usonlinetools.com/time-date/online-age-calculator | https://usonlinetools.com/time-date/date-difference-calculator | https://usonlinetools.com/time-date/online-countdown-timer | https://usonlinetools.com/time-date/time-duration-calculator | https://usonlinetools.com/time-date/work-hours-calculator | https://usonlinetools.com/time-date/business-days-calculator","2"
"https://usonlinetools.com/time-date/days-between-dates-calculator","Days Between Dates Calculator","tool_page","time-date","https://usonlinetools.com/category/time-date","Home > Time & Date > Days Between Dates Calculator","https://usonlinetools.com/time-date/online-age-calculator | https://usonlinetools.com/time-date/date-difference-calculator | https://usonlinetools.com/time-date/online-countdown-timer | https://usonlinetools.com/time-date/time-duration-calculator | https://usonlinetools.com/time-date/work-hours-calculator | https://usonlinetools.com/time-date/business-days-calculator","2"
"https://usonlinetools.com/time-date/working-days-calculator","Working Days Calculator","tool_page","time-date","https://usonlinetools.com/category/time-date","Home > Time & Date > Working Days Calculator","https://usonlinetools.com/time-date/online-age-calculator | https://usonlinetools.com/time-date/date-difference-calculator | https://usonlinetools.com/time-date/online-countdown-timer | https://usonlinetools.com/time-date/time-duration-calculator | https://usonlinetools.com/time-date/work-hours-calculator | https://usonlinetools.com/time-date/business-days-calculator","2"
"https://usonlinetools.com/time-date/time-addition-calculator","Time Addition Calculator","tool_page","time-date","https://usonlinetools.com/category/time-date","Home > Time & Date > Time Addition Calculator","https://usonlinetools.com/time-date/online-age-calculator | https://usonlinetools.com/time-date/date-difference-calculator | https://usonlinetools.com/time-date/online-countdown-timer | https://usonlinetools.com/time-date/time-duration-calculator | https://usonlinetools.com/time-date/work-hours-calculator | https://usonlinetools.com/time-date/business-days-calculator","2"
"https://usonlinetools.com/time-date/time-subtraction-calculator","Time Subtraction Calculator","tool_page","time-date","https://usonlinetools.com/category/time-date","Home > Time & Date > Time Subtraction Calculator","https://usonlinetools.com/time-date/online-age-calculator | https://usonlinetools.com/time-date/date-difference-calculator | https://usonlinetools.com/time-date/online-countdown-timer | https://usonlinetools.com/time-date/time-duration-calculator | https://usonlinetools.com/time-date/work-hours-calculator | https://usonlinetools.com/time-date/business-days-calculator","2"
"https://usonlinetools.com/time-date/meeting-time-calculator","Meeting Time Calculator","tool_page","time-date","https://usonlinetools.com/category/time-date","Home > Time & Date > Meeting Time Calculator","https://usonlinetools.com/time-date/online-age-calculator | https://usonlinetools.com/time-date/date-difference-calculator | https://usonlinetools.com/time-date/online-countdown-timer | https://usonlinetools.com/time-date/time-duration-calculator | https://usonlinetools.com/time-date/work-hours-calculator | https://usonlinetools.com/time-date/business-days-calculator","2"
"https://usonlinetools.com/time-date/shift-schedule-calculator","Shift Schedule Calculator","tool_page","time-date","https://usonlinetools.com/category/time-date","Home > Time & Date > Shift Schedule Calculator","https://usonlinetools.com/time-date/online-age-calculator | https://usonlinetools.com/time-date/date-difference-calculator | https://usonlinetools.com/time-date/online-countdown-timer | https://usonlinetools.com/time-date/time-duration-calculator | https://usonlinetools.com/time-date/work-hours-calculator | https://usonlinetools.com/time-date/business-days-calculator","2"
"https://usonlinetools.com/time-date/deadline-calculator","Deadline Calculator","tool_page","time-date","https://usonlinetools.com/category/time-date","Home > Time & Date > Deadline Calculator","https://usonlinetools.com/time-date/online-age-calculator | https://usonlinetools.com/time-date/date-difference-calculator | https://usonlinetools.com/time-date/online-countdown-timer | https://usonlinetools.com/time-date/time-duration-calculator | https://usonlinetools.com/time-date/work-hours-calculator | https://usonlinetools.com/time-date/business-days-calculator","2"
"https://usonlinetools.com/time-date/study-time-calculator","Study Time Calculator","tool_page","time-date","https://usonlinetools.com/category/time-date","Home > Time & Date > Study Time Calculator","https://usonlinetools.com/time-date/online-age-calculator | https://usonlinetools.com/time-date/date-difference-calculator | https://usonlinetools.com/time-date/online-countdown-timer | https://usonlinetools.com/time-date/time-duration-calculator | https://usonlinetools.com/time-date/work-hours-calculator | https://usonlinetools.com/time-date/business-days-calculator","2"
"https://usonlinetools.com/time-date/reading-time-calculator","Reading Time Calculator","tool_page","time-date","https://usonlinetools.com/category/time-date","Home > Time & Date > Reading Time Calculator","https://usonlinetools.com/time-date/online-age-calculator | https://usonlinetools.com/time-date/date-difference-calculator | https://usonlinetools.com/time-date/online-countdown-timer | https://usonlinetools.com/time-date/time-duration-calculator | https://usonlinetools.com/time-date/work-hours-calculator | https://usonlinetools.com/time-date/business-days-calculator","2"
"https://usonlinetools.com/time-date/event-countdown-timer","Event Countdown Timer","tool_page","time-date","https://usonlinetools.com/category/time-date","Home > Time & Date > Event Countdown Timer","https://usonlinetools.com/time-date/online-age-calculator | https://usonlinetools.com/time-date/date-difference-calculator | https://usonlinetools.com/time-date/online-countdown-timer | https://usonlinetools.com/time-date/time-duration-calculator | https://usonlinetools.com/time-date/work-hours-calculator | https://usonlinetools.com/time-date/business-days-calculator","2"
"https://usonlinetools.com/time-date/hourly-time-calculator","Hourly Time Calculator","tool_page","time-date","https://usonlinetools.com/category/time-date","Home > Time & Date > Hourly Time Calculator","https://usonlinetools.com/time-date/online-age-calculator | https://usonlinetools.com/time-date/date-difference-calculator | https://usonlinetools.com/time-date/online-countdown-timer | https://usonlinetools.com/time-date/time-duration-calculator | https://usonlinetools.com/time-date/work-hours-calculator | https://usonlinetools.com/time-date/business-days-calculator","2"
"https://usonlinetools.com/time-date/shift-hours-calculator","Shift Hours Calculator","tool_page","time-date","https://usonlinetools.com/category/time-date","Home > Time & Date > Shift Hours Calculator","https://usonlinetools.com/time-date/online-age-calculator | https://usonlinetools.com/time-date/date-difference-calculator | https://usonlinetools.com/time-date/online-countdown-timer | https://usonlinetools.com/time-date/time-duration-calculator | https://usonlinetools.com/time-date/work-hours-calculator | https://usonlinetools.com/time-date/business-days-calculator","2"
"https://usonlinetools.com/time-date/time-tracking-calculator","Time Tracking Calculator","tool_page","time-date","https://usonlinetools.com/category/time-date","Home > Time & Date > Time Tracking Calculator","https://usonlinetools.com/time-date/online-age-calculator | https://usonlinetools.com/time-date/date-difference-calculator | https://usonlinetools.com/time-date/online-countdown-timer | https://usonlinetools.com/time-date/time-duration-calculator | https://usonlinetools.com/time-date/work-hours-calculator | https://usonlinetools.com/time-date/business-days-calculator","2"
"https://usonlinetools.com/time-date/time-calculator","Time Calculator","tool_page","time-date","https://usonlinetools.com/category/time-date","Home > Time & Date > Time Calculator","https://usonlinetools.com/time-date/online-age-calculator | https://usonlinetools.com/time-date/date-difference-calculator | https://usonlinetools.com/time-date/online-countdown-timer | https://usonlinetools.com/time-date/time-duration-calculator | https://usonlinetools.com/time-date/work-hours-calculator | https://usonlinetools.com/time-date/business-days-calculator","2"
"https://usonlinetools.com/time-date/online-military-time-converter","Military Time Converter","tool_page","time-date","https://usonlinetools.com/category/time-date","Home > Time & Date > Military Time Converter","https://usonlinetools.com/time-date/online-age-calculator | https://usonlinetools.com/time-date/date-difference-calculator | https://usonlinetools.com/time-date/online-countdown-timer | https://usonlinetools.com/time-date/time-duration-calculator | https://usonlinetools.com/time-date/work-hours-calculator | https://usonlinetools.com/time-date/business-days-calculator","2"
"https://usonlinetools.com/time-date/era-calculator","Era Calculator","tool_page","time-date","https://usonlinetools.com/category/time-date","Home > Time & Date > Era Calculator","https://usonlinetools.com/time-date/online-age-calculator | https://usonlinetools.com/time-date/date-difference-calculator | https://usonlinetools.com/time-date/online-countdown-timer | https://usonlinetools.com/time-date/time-duration-calculator | https://usonlinetools.com/time-date/work-hours-calculator | https://usonlinetools.com/time-date/business-days-calculator","2"
"https://usonlinetools.com/time-date/zodiac-sign-calculator","Zodiac Sign Calculator","tool_page","time-date","https://usonlinetools.com/category/time-date","Home > Time & Date > Zodiac Sign Calculator","https://usonlinetools.com/time-date/online-age-calculator | https://usonlinetools.com/time-date/date-difference-calculator | https://usonlinetools.com/time-date/online-countdown-timer | https://usonlinetools.com/time-date/time-duration-calculator | https://usonlinetools.com/time-date/work-hours-calculator | https://usonlinetools.com/time-date/business-days-calculator","2"
"https://usonlinetools.com/time-date/chinese-zodiac-calculator","Chinese Zodiac Calculator","tool_page","time-date","https://usonlinetools.com/category/time-date","Home > Time & Date > Chinese Zodiac Calculator","https://usonlinetools.com/time-date/online-age-calculator | https://usonlinetools.com/time-date/date-difference-calculator | https://usonlinetools.com/time-date/online-countdown-timer | https://usonlinetools.com/time-date/time-duration-calculator | https://usonlinetools.com/time-date/work-hours-calculator | https://usonlinetools.com/time-date/business-days-calculator","2"
"https://usonlinetools.com/time-date/age-in-days-calculator","Age in Days Calculator","tool_page","time-date","https://usonlinetools.com/category/time-date","Home > Time & Date > Age in Days Calculator","https://usonlinetools.com/time-date/online-age-calculator | https://usonlinetools.com/time-date/date-difference-calculator | https://usonlinetools.com/time-date/online-countdown-timer | https://usonlinetools.com/time-date/time-duration-calculator | https://usonlinetools.com/time-date/work-hours-calculator | https://usonlinetools.com/time-date/business-days-calculator","2"
"https://usonlinetools.com/time-date/retirement-age-calculator","Retirement Age Calculator","tool_page","time-date","https://usonlinetools.com/category/time-date","Home > Time & Date > Retirement Age Calculator","https://usonlinetools.com/time-date/online-age-calculator | https://usonlinetools.com/time-date/date-difference-calculator | https://usonlinetools.com/time-date/online-countdown-timer | https://usonlinetools.com/time-date/time-duration-calculator | https://usonlinetools.com/time-date/work-hours-calculator | https://usonlinetools.com/time-date/business-days-calculator","2"
"https://usonlinetools.com/health/online-bmi-calculator","BMI Calculator","tool_page","health","https://usonlinetools.com/category/health","Home > Health & Fitness > BMI Calculator","https://usonlinetools.com/health/online-bmr-calculator | https://usonlinetools.com/health/online-body-surface-area-calculator | https://usonlinetools.com/health/online-tdee-calculator | https://usonlinetools.com/health/calorie-intake-calculator | https://usonlinetools.com/health/water-intake-calculator | https://usonlinetools.com/health/ideal-weight-calculator","2"
"https://usonlinetools.com/health/online-bmr-calculator","BMR Calculator","tool_page","health","https://usonlinetools.com/category/health","Home > Health & Fitness > BMR Calculator","https://usonlinetools.com/health/online-bmi-calculator | https://usonlinetools.com/health/online-body-surface-area-calculator | https://usonlinetools.com/health/online-tdee-calculator | https://usonlinetools.com/health/calorie-intake-calculator | https://usonlinetools.com/health/water-intake-calculator | https://usonlinetools.com/health/ideal-weight-calculator","2"
"https://usonlinetools.com/health/online-body-surface-area-calculator","Body Surface Area Calculator","tool_page","health","https://usonlinetools.com/category/health","Home > Health & Fitness > Body Surface Area Calculator","https://usonlinetools.com/health/online-bmi-calculator | https://usonlinetools.com/health/online-bmr-calculator | https://usonlinetools.com/health/online-tdee-calculator | https://usonlinetools.com/health/calorie-intake-calculator | https://usonlinetools.com/health/water-intake-calculator | https://usonlinetools.com/health/ideal-weight-calculator","2"
"https://usonlinetools.com/health/online-tdee-calculator","TDEE Calculator","tool_page","health","https://usonlinetools.com/category/health","Home > Health & Fitness > TDEE Calculator","https://usonlinetools.com/health/online-bmi-calculator | https://usonlinetools.com/health/online-bmr-calculator | https://usonlinetools.com/health/online-body-surface-area-calculator | https://usonlinetools.com/health/calorie-intake-calculator | https://usonlinetools.com/health/water-intake-calculator | https://usonlinetools.com/health/ideal-weight-calculator","2"
"https://usonlinetools.com/health/calorie-intake-calculator","Calorie Intake Calculator","tool_page","health","https://usonlinetools.com/category/health","Home > Health & Fitness > Calorie Intake Calculator","https://usonlinetools.com/health/online-bmi-calculator | https://usonlinetools.com/health/online-bmr-calculator | https://usonlinetools.com/health/online-body-surface-area-calculator | https://usonlinetools.com/health/online-tdee-calculator | https://usonlinetools.com/health/water-intake-calculator | https://usonlinetools.com/health/ideal-weight-calculator","2"
"https://usonlinetools.com/health/water-intake-calculator","Water Intake Calculator","tool_page","health","https://usonlinetools.com/category/health","Home > Health & Fitness > Water Intake Calculator","https://usonlinetools.com/health/online-bmi-calculator | https://usonlinetools.com/health/online-bmr-calculator | https://usonlinetools.com/health/online-body-surface-area-calculator | https://usonlinetools.com/health/online-tdee-calculator | https://usonlinetools.com/health/calorie-intake-calculator | https://usonlinetools.com/health/ideal-weight-calculator","2"
"https://usonlinetools.com/health/ideal-weight-calculator","Ideal Weight Calculator","tool_page","health","https://usonlinetools.com/category/health","Home > Health & Fitness > Ideal Weight Calculator","https://usonlinetools.com/health/online-bmi-calculator | https://usonlinetools.com/health/online-bmr-calculator | https://usonlinetools.com/health/online-body-surface-area-calculator | https://usonlinetools.com/health/online-tdee-calculator | https://usonlinetools.com/health/calorie-intake-calculator | https://usonlinetools.com/health/water-intake-calculator","2"
"https://usonlinetools.com/health/body-fat-calculator","Body Fat Calculator","tool_page","health","https://usonlinetools.com/category/health","Home > Health & Fitness > Body Fat Calculator","https://usonlinetools.com/health/online-bmi-calculator | https://usonlinetools.com/health/online-bmr-calculator | https://usonlinetools.com/health/online-body-surface-area-calculator | https://usonlinetools.com/health/online-tdee-calculator | https://usonlinetools.com/health/calorie-intake-calculator | https://usonlinetools.com/health/water-intake-calculator","2"
"https://usonlinetools.com/health/protein-intake-calculator","Protein Intake Calculator","tool_page","health","https://usonlinetools.com/category/health","Home > Health & Fitness > Protein Intake Calculator","https://usonlinetools.com/health/online-bmi-calculator | https://usonlinetools.com/health/online-bmr-calculator | https://usonlinetools.com/health/online-body-surface-area-calculator | https://usonlinetools.com/health/online-tdee-calculator | https://usonlinetools.com/health/calorie-intake-calculator | https://usonlinetools.com/health/water-intake-calculator","2"
"https://usonlinetools.com/health/running-pace-calculator","Running Pace Calculator","tool_page","health","https://usonlinetools.com/category/health","Home > Health & Fitness > Running Pace Calculator","https://usonlinetools.com/health/online-bmi-calculator | https://usonlinetools.com/health/online-bmr-calculator | https://usonlinetools.com/health/online-body-surface-area-calculator | https://usonlinetools.com/health/online-tdee-calculator | https://usonlinetools.com/health/calorie-intake-calculator | https://usonlinetools.com/health/water-intake-calculator","2"
"https://usonlinetools.com/health/heart-rate-calculator","Heart Rate Calculator","tool_page","health","https://usonlinetools.com/category/health","Home > Health & Fitness > Heart Rate Calculator","https://usonlinetools.com/health/online-bmi-calculator | https://usonlinetools.com/health/online-bmr-calculator | https://usonlinetools.com/health/online-body-surface-area-calculator | https://usonlinetools.com/health/online-tdee-calculator | https://usonlinetools.com/health/calorie-intake-calculator | https://usonlinetools.com/health/water-intake-calculator","2"
"https://usonlinetools.com/health/sleep-calculator","Sleep Calculator","tool_page","health","https://usonlinetools.com/category/health","Home > Health & Fitness > Sleep Calculator","https://usonlinetools.com/health/online-bmi-calculator | https://usonlinetools.com/health/online-bmr-calculator | https://usonlinetools.com/health/online-body-surface-area-calculator | https://usonlinetools.com/health/online-tdee-calculator | https://usonlinetools.com/health/calorie-intake-calculator | https://usonlinetools.com/health/water-intake-calculator","2"
"https://usonlinetools.com/health/pregnancy-due-date-calculator","Pregnancy Due Date Calculator","tool_page","health","https://usonlinetools.com/category/health","Home > Health & Fitness > Pregnancy Due Date Calculator","https://usonlinetools.com/health/online-bmi-calculator | https://usonlinetools.com/health/online-bmr-calculator | https://usonlinetools.com/health/online-body-surface-area-calculator | https://usonlinetools.com/health/online-tdee-calculator | https://usonlinetools.com/health/calorie-intake-calculator | https://usonlinetools.com/health/water-intake-calculator","2"
"https://usonlinetools.com/calculators/ovulation-calculator/","Ovulation Calculator","tool_page","health","https://usonlinetools.com/category/health","Home > Health & Fitness > Ovulation Calculator","https://usonlinetools.com/health/online-bmi-calculator | https://usonlinetools.com/health/online-bmr-calculator | https://usonlinetools.com/health/online-body-surface-area-calculator | https://usonlinetools.com/health/online-tdee-calculator | https://usonlinetools.com/health/calorie-intake-calculator | https://usonlinetools.com/health/water-intake-calculator","2"
"https://usonlinetools.com/health/calorie-deficit-calculator","Calorie Deficit Calculator","tool_page","health","https://usonlinetools.com/category/health","Home > Health & Fitness > Calorie Deficit Calculator","https://usonlinetools.com/health/online-bmi-calculator | https://usonlinetools.com/health/online-bmr-calculator | https://usonlinetools.com/health/online-body-surface-area-calculator | https://usonlinetools.com/health/online-tdee-calculator | https://usonlinetools.com/health/calorie-intake-calculator | https://usonlinetools.com/health/water-intake-calculator","2"
"https://usonlinetools.com/health/cat-age-calculator","Cat Age Calculator","tool_page","health","https://usonlinetools.com/category/health","Home > Health & Fitness > Cat Age Calculator","https://usonlinetools.com/health/online-bmi-calculator | https://usonlinetools.com/health/online-bmr-calculator | https://usonlinetools.com/health/online-body-surface-area-calculator | https://usonlinetools.com/health/online-tdee-calculator | https://usonlinetools.com/health/calorie-intake-calculator | https://usonlinetools.com/health/water-intake-calculator","2"
"https://usonlinetools.com/health/dog-age-calculator","Dog Age Calculator","tool_page","health","https://usonlinetools.com/category/health","Home > Health & Fitness > Dog Age Calculator","https://usonlinetools.com/health/online-bmi-calculator | https://usonlinetools.com/health/online-bmr-calculator | https://usonlinetools.com/health/online-body-surface-area-calculator | https://usonlinetools.com/health/online-tdee-calculator | https://usonlinetools.com/health/calorie-intake-calculator | https://usonlinetools.com/health/water-intake-calculator","2"
"https://usonlinetools.com/health/lean-body-mass-calculator","Lean Body Mass Calculator","tool_page","health","https://usonlinetools.com/category/health","Home > Health & Fitness > Lean Body Mass Calculator","https://usonlinetools.com/health/online-bmi-calculator | https://usonlinetools.com/health/online-bmr-calculator | https://usonlinetools.com/health/online-body-surface-area-calculator | https://usonlinetools.com/health/online-tdee-calculator | https://usonlinetools.com/health/calorie-intake-calculator | https://usonlinetools.com/health/water-intake-calculator","2"
"https://usonlinetools.com/health/daily-calories-burn-calculator","Daily Calories Burn Calculator","tool_page","health","https://usonlinetools.com/category/health","Home > Health & Fitness > Daily Calories Burn Calculator","https://usonlinetools.com/health/online-bmi-calculator | https://usonlinetools.com/health/online-bmr-calculator | https://usonlinetools.com/health/online-body-surface-area-calculator | https://usonlinetools.com/health/online-tdee-calculator | https://usonlinetools.com/health/calorie-intake-calculator | https://usonlinetools.com/health/water-intake-calculator","2"
"https://usonlinetools.com/health/one-rep-max-calculator","One Rep Max Calculator","tool_page","health","https://usonlinetools.com/category/health","Home > Health & Fitness > One Rep Max Calculator","https://usonlinetools.com/health/online-bmi-calculator | https://usonlinetools.com/health/online-bmr-calculator | https://usonlinetools.com/health/online-body-surface-area-calculator | https://usonlinetools.com/health/online-tdee-calculator | https://usonlinetools.com/health/calorie-intake-calculator | https://usonlinetools.com/health/water-intake-calculator","2"
"https://usonlinetools.com/health/body-type-calculator","Body Type Calculator","tool_page","health","https://usonlinetools.com/category/health","Home > Health & Fitness > Body Type Calculator","https://usonlinetools.com/health/online-bmi-calculator | https://usonlinetools.com/health/online-bmr-calculator | https://usonlinetools.com/health/online-body-surface-area-calculator | https://usonlinetools.com/health/online-tdee-calculator | https://usonlinetools.com/health/calorie-intake-calculator | https://usonlinetools.com/health/water-intake-calculator","2"
"https://usonlinetools.com/health/fitness-age-calculator","Fitness Age Calculator","tool_page","health","https://usonlinetools.com/category/health","Home > Health & Fitness > Fitness Age Calculator","https://usonlinetools.com/health/online-bmi-calculator | https://usonlinetools.com/health/online-bmr-calculator | https://usonlinetools.com/health/online-body-surface-area-calculator | https://usonlinetools.com/health/online-tdee-calculator | https://usonlinetools.com/health/calorie-intake-calculator | https://usonlinetools.com/health/water-intake-calculator","2"
"https://usonlinetools.com/health/walking-calories-calculator","Walking Calories Calculator","tool_page","health","https://usonlinetools.com/category/health","Home > Health & Fitness > Walking Calories Calculator","https://usonlinetools.com/health/online-bmi-calculator | https://usonlinetools.com/health/online-bmr-calculator | https://usonlinetools.com/health/online-body-surface-area-calculator | https://usonlinetools.com/health/online-tdee-calculator | https://usonlinetools.com/health/calorie-intake-calculator | https://usonlinetools.com/health/water-intake-calculator","2"
"https://usonlinetools.com/health/cycling-calories-calculator","Cycling Calories Calculator","tool_page","health","https://usonlinetools.com/category/health","Home > Health & Fitness > Cycling Calories Calculator","https://usonlinetools.com/health/online-bmi-calculator | https://usonlinetools.com/health/online-bmr-calculator | https://usonlinetools.com/health/online-body-surface-area-calculator | https://usonlinetools.com/health/online-tdee-calculator | https://usonlinetools.com/health/calorie-intake-calculator | https://usonlinetools.com/health/water-intake-calculator","2"
"https://usonlinetools.com/health/macro-nutrient-calculator","Macro Nutrient Calculator","tool_page","health","https://usonlinetools.com/category/health","Home > Health & Fitness > Macro Nutrient Calculator","https://usonlinetools.com/health/online-bmi-calculator | https://usonlinetools.com/health/online-bmr-calculator | https://usonlinetools.com/health/online-body-surface-area-calculator | https://usonlinetools.com/health/online-tdee-calculator | https://usonlinetools.com/health/calorie-intake-calculator | https://usonlinetools.com/health/water-intake-calculator","2"
"https://usonlinetools.com/health/fat-intake-calculator","Fat Intake Calculator","tool_page","health","https://usonlinetools.com/category/health","Home > Health & Fitness > Fat Intake Calculator","https://usonlinetools.com/health/online-bmi-calculator | https://usonlinetools.com/health/online-bmr-calculator | https://usonlinetools.com/health/online-body-surface-area-calculator | https://usonlinetools.com/health/online-tdee-calculator | https://usonlinetools.com/health/calorie-intake-calculator | https://usonlinetools.com/health/water-intake-calculator","2"
"https://usonlinetools.com/health/workout-duration-calculator","Workout Duration Calculator","tool_page","health","https://usonlinetools.com/category/health","Home > Health & Fitness > Workout Duration Calculator","https://usonlinetools.com/health/online-bmi-calculator | https://usonlinetools.com/health/online-bmr-calculator | https://usonlinetools.com/health/online-body-surface-area-calculator | https://usonlinetools.com/health/online-tdee-calculator | https://usonlinetools.com/health/calorie-intake-calculator | https://usonlinetools.com/health/water-intake-calculator","2"
"https://usonlinetools.com/health/step-counter-estimator","Step Counter Estimator","tool_page","health","https://usonlinetools.com/category/health","Home > Health & Fitness > Step Counter Estimator","https://usonlinetools.com/health/online-bmi-calculator | https://usonlinetools.com/health/online-bmr-calculator | https://usonlinetools.com/health/online-body-surface-area-calculator | https://usonlinetools.com/health/online-tdee-calculator | https://usonlinetools.com/health/calorie-intake-calculator | https://usonlinetools.com/health/water-intake-calculator","2"
"https://usonlinetools.com/health/calorie-calculator","Calorie Calculator","tool_page","health","https://usonlinetools.com/category/health","Home > Health & Fitness > Calorie Calculator","https://usonlinetools.com/health/online-bmi-calculator | https://usonlinetools.com/health/online-bmr-calculator | https://usonlinetools.com/health/online-body-surface-area-calculator | https://usonlinetools.com/health/online-tdee-calculator | https://usonlinetools.com/health/calorie-intake-calculator | https://usonlinetools.com/health/water-intake-calculator","2"
"https://usonlinetools.com/health/bac-calculator","BAC Calculator","tool_page","health","https://usonlinetools.com/category/health","Home > Health & Fitness > BAC Calculator","https://usonlinetools.com/health/online-bmi-calculator | https://usonlinetools.com/health/online-bmr-calculator | https://usonlinetools.com/health/online-body-surface-area-calculator | https://usonlinetools.com/health/online-tdee-calculator | https://usonlinetools.com/health/calorie-intake-calculator | https://usonlinetools.com/health/water-intake-calculator","2"
"https://usonlinetools.com/health/waist-to-hip-ratio-calculator","Waist to Hip Ratio Calculator","tool_page","health","https://usonlinetools.com/category/health","Home > Health & Fitness > Waist to Hip Ratio Calculator","https://usonlinetools.com/health/online-bmi-calculator | https://usonlinetools.com/health/online-bmr-calculator | https://usonlinetools.com/health/online-body-surface-area-calculator | https://usonlinetools.com/health/online-tdee-calculator | https://usonlinetools.com/health/calorie-intake-calculator | https://usonlinetools.com/health/water-intake-calculator","2"
"https://usonlinetools.com/health/keto-calculator","Keto Calculator","tool_page","health","https://usonlinetools.com/category/health","Home > Health & Fitness > Keto Calculator","https://usonlinetools.com/health/online-bmi-calculator | https://usonlinetools.com/health/online-bmr-calculator | https://usonlinetools.com/health/online-body-surface-area-calculator | https://usonlinetools.com/health/online-tdee-calculator | https://usonlinetools.com/health/calorie-intake-calculator | https://usonlinetools.com/health/water-intake-calculator","2"
"https://usonlinetools.com/health/intermittent-fasting-calculator","Intermittent Fasting Calculator","tool_page","health","https://usonlinetools.com/category/health","Home > Health & Fitness > Intermittent Fasting Calculator","https://usonlinetools.com/health/online-bmi-calculator | https://usonlinetools.com/health/online-bmr-calculator | https://usonlinetools.com/health/online-body-surface-area-calculator | https://usonlinetools.com/health/online-tdee-calculator | https://usonlinetools.com/health/calorie-intake-calculator | https://usonlinetools.com/health/water-intake-calculator","2"
"https://usonlinetools.com/health/vo2-max-calculator","VO2 Max Calculator","tool_page","health","https://usonlinetools.com/category/health","Home > Health & Fitness > VO2 Max Calculator","https://usonlinetools.com/health/online-bmi-calculator | https://usonlinetools.com/health/online-bmr-calculator | https://usonlinetools.com/health/online-body-surface-area-calculator | https://usonlinetools.com/health/online-tdee-calculator | https://usonlinetools.com/health/calorie-intake-calculator | https://usonlinetools.com/health/water-intake-calculator","2"
"https://usonlinetools.com/construction/concrete-calculator","Concrete Volume Calculator","tool_page","construction","https://usonlinetools.com/category/construction","Home > Construction & DIY > Concrete Volume Calculator","https://usonlinetools.com/construction/cement-calculator | https://usonlinetools.com/construction/brick-calculator | https://usonlinetools.com/construction/steel-weight-calculator | https://usonlinetools.com/construction/paint-calculator | https://usonlinetools.com/construction/tile-calculator | https://usonlinetools.com/construction/flooring-calculator","2"
"https://usonlinetools.com/construction/cement-calculator","Cement Calculator","tool_page","construction","https://usonlinetools.com/category/construction","Home > Construction & DIY > Cement Calculator","https://usonlinetools.com/construction/concrete-calculator | https://usonlinetools.com/construction/brick-calculator | https://usonlinetools.com/construction/steel-weight-calculator | https://usonlinetools.com/construction/paint-calculator | https://usonlinetools.com/construction/tile-calculator | https://usonlinetools.com/construction/flooring-calculator","2"
"https://usonlinetools.com/construction/brick-calculator","Brick Calculator","tool_page","construction","https://usonlinetools.com/category/construction","Home > Construction & DIY > Brick Calculator","https://usonlinetools.com/construction/concrete-calculator | https://usonlinetools.com/construction/cement-calculator | https://usonlinetools.com/construction/steel-weight-calculator | https://usonlinetools.com/construction/paint-calculator | https://usonlinetools.com/construction/tile-calculator | https://usonlinetools.com/construction/flooring-calculator","2"
"https://usonlinetools.com/construction/steel-weight-calculator","Steel Weight Calculator","tool_page","construction","https://usonlinetools.com/category/construction","Home > Construction & DIY > Steel Weight Calculator","https://usonlinetools.com/construction/concrete-calculator | https://usonlinetools.com/construction/cement-calculator | https://usonlinetools.com/construction/brick-calculator | https://usonlinetools.com/construction/paint-calculator | https://usonlinetools.com/construction/tile-calculator | https://usonlinetools.com/construction/flooring-calculator","2"
"https://usonlinetools.com/construction/paint-calculator","Paint Calculator","tool_page","construction","https://usonlinetools.com/category/construction","Home > Construction & DIY > Paint Calculator","https://usonlinetools.com/construction/concrete-calculator | https://usonlinetools.com/construction/cement-calculator | https://usonlinetools.com/construction/brick-calculator | https://usonlinetools.com/construction/steel-weight-calculator | https://usonlinetools.com/construction/tile-calculator | https://usonlinetools.com/construction/flooring-calculator","2"
"https://usonlinetools.com/construction/tile-calculator","Tile Calculator","tool_page","construction","https://usonlinetools.com/category/construction","Home > Construction & DIY > Tile Calculator","https://usonlinetools.com/construction/concrete-calculator | https://usonlinetools.com/construction/cement-calculator | https://usonlinetools.com/construction/brick-calculator | https://usonlinetools.com/construction/steel-weight-calculator | https://usonlinetools.com/construction/paint-calculator | https://usonlinetools.com/construction/flooring-calculator","2"
"https://usonlinetools.com/construction/flooring-calculator","Flooring Calculator","tool_page","construction","https://usonlinetools.com/category/construction","Home > Construction & DIY > Flooring Calculator","https://usonlinetools.com/construction/concrete-calculator | https://usonlinetools.com/construction/cement-calculator | https://usonlinetools.com/construction/brick-calculator | https://usonlinetools.com/construction/steel-weight-calculator | https://usonlinetools.com/construction/paint-calculator | https://usonlinetools.com/construction/tile-calculator","2"
"https://usonlinetools.com/construction/room-area-calculator","Room Area Calculator","tool_page","construction","https://usonlinetools.com/category/construction","Home > Construction & DIY > Room Area Calculator","https://usonlinetools.com/construction/concrete-calculator | https://usonlinetools.com/construction/cement-calculator | https://usonlinetools.com/construction/brick-calculator | https://usonlinetools.com/construction/steel-weight-calculator | https://usonlinetools.com/construction/paint-calculator | https://usonlinetools.com/construction/tile-calculator","2"
"https://usonlinetools.com/construction/roof-area-calculator","Roof Area Calculator","tool_page","construction","https://usonlinetools.com/category/construction","Home > Construction & DIY > Roof Area Calculator","https://usonlinetools.com/construction/concrete-calculator | https://usonlinetools.com/construction/cement-calculator | https://usonlinetools.com/construction/brick-calculator | https://usonlinetools.com/construction/steel-weight-calculator | https://usonlinetools.com/construction/paint-calculator | https://usonlinetools.com/construction/tile-calculator","2"
"https://usonlinetools.com/construction/water-tank-calculator","Water Tank Capacity Calculator","tool_page","construction","https://usonlinetools.com/category/construction","Home > Construction & DIY > Water Tank Capacity Calculator","https://usonlinetools.com/construction/concrete-calculator | https://usonlinetools.com/construction/cement-calculator | https://usonlinetools.com/construction/brick-calculator | https://usonlinetools.com/construction/steel-weight-calculator | https://usonlinetools.com/construction/paint-calculator | https://usonlinetools.com/construction/tile-calculator","2"
"https://usonlinetools.com/construction/asphalt-calculator","Asphalt Calculator","tool_page","construction","https://usonlinetools.com/category/construction","Home > Construction & DIY > Asphalt Calculator","https://usonlinetools.com/construction/concrete-calculator | https://usonlinetools.com/construction/cement-calculator | https://usonlinetools.com/construction/brick-calculator | https://usonlinetools.com/construction/steel-weight-calculator | https://usonlinetools.com/construction/paint-calculator | https://usonlinetools.com/construction/tile-calculator","2"
"https://usonlinetools.com/construction/gravel-calculator","Gravel Calculator","tool_page","construction","https://usonlinetools.com/category/construction","Home > Construction & DIY > Gravel Calculator","https://usonlinetools.com/construction/concrete-calculator | https://usonlinetools.com/construction/cement-calculator | https://usonlinetools.com/construction/brick-calculator | https://usonlinetools.com/construction/steel-weight-calculator | https://usonlinetools.com/construction/paint-calculator | https://usonlinetools.com/construction/tile-calculator","2"
"https://usonlinetools.com/construction/fence-length-calculator","Fence Length Calculator","tool_page","construction","https://usonlinetools.com/category/construction","Home > Construction & DIY > Fence Length Calculator","https://usonlinetools.com/construction/concrete-calculator | https://usonlinetools.com/construction/cement-calculator | https://usonlinetools.com/construction/brick-calculator | https://usonlinetools.com/construction/steel-weight-calculator | https://usonlinetools.com/construction/paint-calculator | https://usonlinetools.com/construction/tile-calculator","2"
"https://usonlinetools.com/construction/lumber-calculator","Lumber Calculator","tool_page","construction","https://usonlinetools.com/category/construction","Home > Construction & DIY > Lumber Calculator","https://usonlinetools.com/construction/concrete-calculator | https://usonlinetools.com/construction/cement-calculator | https://usonlinetools.com/construction/brick-calculator | https://usonlinetools.com/construction/steel-weight-calculator | https://usonlinetools.com/construction/paint-calculator | https://usonlinetools.com/construction/tile-calculator","2"
"https://usonlinetools.com/construction/wall-area-calculator","Wall Area Calculator","tool_page","construction","https://usonlinetools.com/category/construction","Home > Construction & DIY > Wall Area Calculator","https://usonlinetools.com/construction/concrete-calculator | https://usonlinetools.com/construction/cement-calculator | https://usonlinetools.com/construction/brick-calculator | https://usonlinetools.com/construction/steel-weight-calculator | https://usonlinetools.com/construction/paint-calculator | https://usonlinetools.com/construction/tile-calculator","2"
"https://usonlinetools.com/construction/pipe-volume-calculator","Pipe Volume Calculator","tool_page","construction","https://usonlinetools.com/category/construction","Home > Construction & DIY > Pipe Volume Calculator","https://usonlinetools.com/construction/concrete-calculator | https://usonlinetools.com/construction/cement-calculator | https://usonlinetools.com/construction/brick-calculator | https://usonlinetools.com/construction/steel-weight-calculator | https://usonlinetools.com/construction/paint-calculator | https://usonlinetools.com/construction/tile-calculator","2"
"https://usonlinetools.com/construction/sand-calculator","Sand Calculator","tool_page","construction","https://usonlinetools.com/category/construction","Home > Construction & DIY > Sand Calculator","https://usonlinetools.com/construction/concrete-calculator | https://usonlinetools.com/construction/cement-calculator | https://usonlinetools.com/construction/brick-calculator | https://usonlinetools.com/construction/steel-weight-calculator | https://usonlinetools.com/construction/paint-calculator | https://usonlinetools.com/construction/tile-calculator","2"
"https://usonlinetools.com/construction/excavation-calculator","Excavation Calculator","tool_page","construction","https://usonlinetools.com/category/construction","Home > Construction & DIY > Excavation Calculator","https://usonlinetools.com/construction/concrete-calculator | https://usonlinetools.com/construction/cement-calculator | https://usonlinetools.com/construction/brick-calculator | https://usonlinetools.com/construction/steel-weight-calculator | https://usonlinetools.com/construction/paint-calculator | https://usonlinetools.com/construction/tile-calculator","2"
"https://usonlinetools.com/construction/stair-calculator","Stair Calculator","tool_page","construction","https://usonlinetools.com/category/construction","Home > Construction & DIY > Stair Calculator","https://usonlinetools.com/construction/concrete-calculator | https://usonlinetools.com/construction/cement-calculator | https://usonlinetools.com/construction/brick-calculator | https://usonlinetools.com/construction/steel-weight-calculator | https://usonlinetools.com/construction/paint-calculator | https://usonlinetools.com/construction/tile-calculator","2"
"https://usonlinetools.com/construction/material-cost-calculator","Material Cost Calculator","tool_page","construction","https://usonlinetools.com/category/construction","Home > Construction & DIY > Material Cost Calculator","https://usonlinetools.com/construction/concrete-calculator | https://usonlinetools.com/construction/cement-calculator | https://usonlinetools.com/construction/brick-calculator | https://usonlinetools.com/construction/steel-weight-calculator | https://usonlinetools.com/construction/paint-calculator | https://usonlinetools.com/construction/tile-calculator","2"
"https://usonlinetools.com/construction/deck-area-calculator","Deck Area Calculator","tool_page","construction","https://usonlinetools.com/category/construction","Home > Construction & DIY > Deck Area Calculator","https://usonlinetools.com/construction/concrete-calculator | https://usonlinetools.com/construction/cement-calculator | https://usonlinetools.com/construction/brick-calculator | https://usonlinetools.com/construction/steel-weight-calculator | https://usonlinetools.com/construction/paint-calculator | https://usonlinetools.com/construction/tile-calculator","2"
"https://usonlinetools.com/construction/plaster-calculator","Plaster Calculator","tool_page","construction","https://usonlinetools.com/category/construction","Home > Construction & DIY > Plaster Calculator","https://usonlinetools.com/construction/concrete-calculator | https://usonlinetools.com/construction/cement-calculator | https://usonlinetools.com/construction/brick-calculator | https://usonlinetools.com/construction/steel-weight-calculator | https://usonlinetools.com/construction/paint-calculator | https://usonlinetools.com/construction/tile-calculator","2"
"https://usonlinetools.com/construction/insulation-calculator","Insulation Calculator","tool_page","construction","https://usonlinetools.com/category/construction","Home > Construction & DIY > Insulation Calculator","https://usonlinetools.com/construction/concrete-calculator | https://usonlinetools.com/construction/cement-calculator | https://usonlinetools.com/construction/brick-calculator | https://usonlinetools.com/construction/steel-weight-calculator | https://usonlinetools.com/construction/paint-calculator | https://usonlinetools.com/construction/tile-calculator","2"
"https://usonlinetools.com/construction/concrete-block-calculator","Concrete Block Calculator","tool_page","construction","https://usonlinetools.com/category/construction","Home > Construction & DIY > Concrete Block Calculator","https://usonlinetools.com/construction/concrete-calculator | https://usonlinetools.com/construction/cement-calculator | https://usonlinetools.com/construction/brick-calculator | https://usonlinetools.com/construction/steel-weight-calculator | https://usonlinetools.com/construction/paint-calculator | https://usonlinetools.com/construction/tile-calculator","2"
"https://usonlinetools.com/construction/paver-calculator","Paver Calculator","tool_page","construction","https://usonlinetools.com/category/construction","Home > Construction & DIY > Paver Calculator","https://usonlinetools.com/construction/concrete-calculator | https://usonlinetools.com/construction/cement-calculator | https://usonlinetools.com/construction/brick-calculator | https://usonlinetools.com/construction/steel-weight-calculator | https://usonlinetools.com/construction/paint-calculator | https://usonlinetools.com/construction/tile-calculator","2"
"https://usonlinetools.com/construction/bitumen-calculator","Bitumen Calculator","tool_page","construction","https://usonlinetools.com/category/construction","Home > Construction & DIY > Bitumen Calculator","https://usonlinetools.com/construction/concrete-calculator | https://usonlinetools.com/construction/cement-calculator | https://usonlinetools.com/construction/brick-calculator | https://usonlinetools.com/construction/steel-weight-calculator | https://usonlinetools.com/construction/paint-calculator | https://usonlinetools.com/construction/tile-calculator","2"
"https://usonlinetools.com/construction/pool-salt-calculator","Pool Salt Calculator","tool_page","construction","https://usonlinetools.com/category/construction","Home > Construction & DIY > Pool Salt Calculator","https://usonlinetools.com/construction/concrete-calculator | https://usonlinetools.com/construction/cement-calculator | https://usonlinetools.com/construction/brick-calculator | https://usonlinetools.com/construction/steel-weight-calculator | https://usonlinetools.com/construction/paint-calculator | https://usonlinetools.com/construction/tile-calculator","2"
"https://usonlinetools.com/construction/rebar-calculator","Rebar Calculator","tool_page","construction","https://usonlinetools.com/category/construction","Home > Construction & DIY > Rebar Calculator","https://usonlinetools.com/construction/concrete-calculator | https://usonlinetools.com/construction/cement-calculator | https://usonlinetools.com/construction/brick-calculator | https://usonlinetools.com/construction/steel-weight-calculator | https://usonlinetools.com/construction/paint-calculator | https://usonlinetools.com/construction/tile-calculator","2"
"https://usonlinetools.com/construction/drywall-calculator","Drywall Calculator","tool_page","construction","https://usonlinetools.com/category/construction","Home > Construction & DIY > Drywall Calculator","https://usonlinetools.com/construction/concrete-calculator | https://usonlinetools.com/construction/cement-calculator | https://usonlinetools.com/construction/brick-calculator | https://usonlinetools.com/construction/steel-weight-calculator | https://usonlinetools.com/construction/paint-calculator | https://usonlinetools.com/construction/tile-calculator","2"
"https://usonlinetools.com/construction/wallpaper-calculator","Wallpaper Calculator","tool_page","construction","https://usonlinetools.com/category/construction","Home > Construction & DIY > Wallpaper Calculator","https://usonlinetools.com/construction/concrete-calculator | https://usonlinetools.com/construction/cement-calculator | https://usonlinetools.com/construction/brick-calculator | https://usonlinetools.com/construction/steel-weight-calculator | https://usonlinetools.com/construction/paint-calculator | https://usonlinetools.com/construction/tile-calculator","2"
"https://usonlinetools.com/construction/mulch-calculator","Mulch Calculator","tool_page","construction","https://usonlinetools.com/category/construction","Home > Construction & DIY > Mulch Calculator","https://usonlinetools.com/construction/concrete-calculator | https://usonlinetools.com/construction/cement-calculator | https://usonlinetools.com/construction/brick-calculator | https://usonlinetools.com/construction/steel-weight-calculator | https://usonlinetools.com/construction/paint-calculator | https://usonlinetools.com/construction/tile-calculator","2"
"https://usonlinetools.com/construction/soil-calculator","Soil Calculator","tool_page","construction","https://usonlinetools.com/category/construction","Home > Construction & DIY > Soil Calculator","https://usonlinetools.com/construction/concrete-calculator | https://usonlinetools.com/construction/cement-calculator | https://usonlinetools.com/construction/brick-calculator | https://usonlinetools.com/construction/steel-weight-calculator | https://usonlinetools.com/construction/paint-calculator | https://usonlinetools.com/construction/tile-calculator","2"
"https://usonlinetools.com/construction/solar-panel-calculator","Solar Panel Calculator","tool_page","construction","https://usonlinetools.com/category/construction","Home > Construction & DIY > Solar Panel Calculator","https://usonlinetools.com/construction/concrete-calculator | https://usonlinetools.com/construction/cement-calculator | https://usonlinetools.com/construction/brick-calculator | https://usonlinetools.com/construction/steel-weight-calculator | https://usonlinetools.com/construction/paint-calculator | https://usonlinetools.com/construction/tile-calculator","2"
"https://usonlinetools.com/construction/electrical-load-calculator","Electrical Load Calculator","tool_page","construction","https://usonlinetools.com/category/construction","Home > Construction & DIY > Electrical Load Calculator","https://usonlinetools.com/construction/concrete-calculator | https://usonlinetools.com/construction/cement-calculator | https://usonlinetools.com/construction/brick-calculator | https://usonlinetools.com/construction/steel-weight-calculator | https://usonlinetools.com/construction/paint-calculator | https://usonlinetools.com/construction/tile-calculator","2"
"https://usonlinetools.com/productivity/online-word-counter","Word Counter","tool_page","productivity","https://usonlinetools.com/category/productivity","Home > Productivity & Text > Word Counter","https://usonlinetools.com/productivity/random-name-generator | https://usonlinetools.com/productivity/username-generator | https://usonlinetools.com/productivity/dice-roller | https://usonlinetools.com/productivity/coin-flip | https://usonlinetools.com/productivity/random-color-generator | https://usonlinetools.com/productivity/case-converter","2"
"https://usonlinetools.com/productivity/random-name-generator","Random Name Generator","tool_page","productivity","https://usonlinetools.com/category/productivity","Home > Productivity & Text > Random Name Generator","https://usonlinetools.com/productivity/online-word-counter | https://usonlinetools.com/productivity/username-generator | https://usonlinetools.com/productivity/dice-roller | https://usonlinetools.com/productivity/coin-flip | https://usonlinetools.com/productivity/random-color-generator | https://usonlinetools.com/productivity/case-converter","2"
"https://usonlinetools.com/productivity/username-generator","Username Generator","tool_page","productivity","https://usonlinetools.com/category/productivity","Home > Productivity & Text > Username Generator","https://usonlinetools.com/productivity/online-word-counter | https://usonlinetools.com/productivity/random-name-generator | https://usonlinetools.com/productivity/dice-roller | https://usonlinetools.com/productivity/coin-flip | https://usonlinetools.com/productivity/random-color-generator | https://usonlinetools.com/productivity/case-converter","2"
"https://usonlinetools.com/productivity/dice-roller","Dice Roller","tool_page","productivity","https://usonlinetools.com/category/productivity","Home > Productivity & Text > Dice Roller","https://usonlinetools.com/productivity/online-word-counter | https://usonlinetools.com/productivity/random-name-generator | https://usonlinetools.com/productivity/username-generator | https://usonlinetools.com/productivity/coin-flip | https://usonlinetools.com/productivity/random-color-generator | https://usonlinetools.com/productivity/case-converter","2"
"https://usonlinetools.com/productivity/coin-flip","Coin Flip Tool","tool_page","productivity","https://usonlinetools.com/category/productivity","Home > Productivity & Text > Coin Flip Tool","https://usonlinetools.com/productivity/online-word-counter | https://usonlinetools.com/productivity/random-name-generator | https://usonlinetools.com/productivity/username-generator | https://usonlinetools.com/productivity/dice-roller | https://usonlinetools.com/productivity/random-color-generator | https://usonlinetools.com/productivity/case-converter","2"
"https://usonlinetools.com/productivity/random-color-generator","Random Color Generator","tool_page","productivity","https://usonlinetools.com/category/productivity","Home > Productivity & Text > Random Color Generator","https://usonlinetools.com/productivity/online-word-counter | https://usonlinetools.com/productivity/random-name-generator | https://usonlinetools.com/productivity/username-generator | https://usonlinetools.com/productivity/dice-roller | https://usonlinetools.com/productivity/coin-flip | https://usonlinetools.com/productivity/case-converter","2"
"https://usonlinetools.com/productivity/case-converter","Case Converter","tool_page","productivity","https://usonlinetools.com/category/productivity","Home > Productivity & Text > Case Converter","https://usonlinetools.com/productivity/online-word-counter | https://usonlinetools.com/productivity/random-name-generator | https://usonlinetools.com/productivity/username-generator | https://usonlinetools.com/productivity/dice-roller | https://usonlinetools.com/productivity/coin-flip | https://usonlinetools.com/productivity/random-color-generator","2"
"https://usonlinetools.com/productivity/text-reverser","Text Reverser Tool","tool_page","productivity","https://usonlinetools.com/category/productivity","Home > Productivity & Text > Text Reverser Tool","https://usonlinetools.com/productivity/online-word-counter | https://usonlinetools.com/productivity/random-name-generator | https://usonlinetools.com/productivity/username-generator | https://usonlinetools.com/productivity/dice-roller | https://usonlinetools.com/productivity/coin-flip | https://usonlinetools.com/productivity/random-color-generator","2"
"https://usonlinetools.com/productivity/duplicate-line-remover","Duplicate Line Remover","tool_page","productivity","https://usonlinetools.com/category/productivity","Home > Productivity & Text > Duplicate Line Remover","https://usonlinetools.com/productivity/online-word-counter | https://usonlinetools.com/productivity/random-name-generator | https://usonlinetools.com/productivity/username-generator | https://usonlinetools.com/productivity/dice-roller | https://usonlinetools.com/productivity/coin-flip | https://usonlinetools.com/productivity/random-color-generator","2"
"https://usonlinetools.com/productivity/alphabetical-sort","Alphabetical Sort Tool","tool_page","productivity","https://usonlinetools.com/category/productivity","Home > Productivity & Text > Alphabetical Sort Tool","https://usonlinetools.com/productivity/online-word-counter | https://usonlinetools.com/productivity/random-name-generator | https://usonlinetools.com/productivity/username-generator | https://usonlinetools.com/productivity/dice-roller | https://usonlinetools.com/productivity/coin-flip | https://usonlinetools.com/productivity/random-color-generator","2"
"https://usonlinetools.com/productivity/palindrome-checker","Palindrome Checker","tool_page","productivity","https://usonlinetools.com/category/productivity","Home > Productivity & Text > Palindrome Checker","https://usonlinetools.com/productivity/online-word-counter | https://usonlinetools.com/productivity/random-name-generator | https://usonlinetools.com/productivity/username-generator | https://usonlinetools.com/productivity/dice-roller | https://usonlinetools.com/productivity/coin-flip | https://usonlinetools.com/productivity/random-color-generator","2"
"https://usonlinetools.com/productivity/hashtag-generator","Hashtag Generator Tool","tool_page","productivity","https://usonlinetools.com/category/productivity","Home > Productivity & Text > Hashtag Generator Tool","https://usonlinetools.com/productivity/online-word-counter | https://usonlinetools.com/productivity/random-name-generator | https://usonlinetools.com/productivity/username-generator | https://usonlinetools.com/productivity/dice-roller | https://usonlinetools.com/productivity/coin-flip | https://usonlinetools.com/productivity/random-color-generator","2"
"https://usonlinetools.com/productivity/word-frequency-counter","Word Frequency Counter","tool_page","productivity","https://usonlinetools.com/category/productivity","Home > Productivity & Text > Word Frequency Counter","https://usonlinetools.com/productivity/online-word-counter | https://usonlinetools.com/productivity/random-name-generator | https://usonlinetools.com/productivity/username-generator | https://usonlinetools.com/productivity/dice-roller | https://usonlinetools.com/productivity/coin-flip | https://usonlinetools.com/productivity/random-color-generator","2"
"https://usonlinetools.com/productivity/random-letter-generator","Random Letter Generator","tool_page","productivity","https://usonlinetools.com/category/productivity","Home > Productivity & Text > Random Letter Generator","https://usonlinetools.com/productivity/online-word-counter | https://usonlinetools.com/productivity/random-name-generator | https://usonlinetools.com/productivity/username-generator | https://usonlinetools.com/productivity/dice-roller | https://usonlinetools.com/productivity/coin-flip | https://usonlinetools.com/productivity/random-color-generator","2"
"https://usonlinetools.com/productivity/random-picker-tool","Random Picker Tool","tool_page","productivity","https://usonlinetools.com/category/productivity","Home > Productivity & Text > Random Picker Tool","https://usonlinetools.com/productivity/online-word-counter | https://usonlinetools.com/productivity/random-name-generator | https://usonlinetools.com/productivity/username-generator | https://usonlinetools.com/productivity/dice-roller | https://usonlinetools.com/productivity/coin-flip | https://usonlinetools.com/productivity/random-color-generator","2"
"https://usonlinetools.com/productivity/spin-wheel-generator","Spin Wheel Generator","tool_page","productivity","https://usonlinetools.com/category/productivity","Home > Productivity & Text > Spin Wheel Generator","https://usonlinetools.com/productivity/online-word-counter | https://usonlinetools.com/productivity/random-name-generator | https://usonlinetools.com/productivity/username-generator | https://usonlinetools.com/productivity/dice-roller | https://usonlinetools.com/productivity/coin-flip | https://usonlinetools.com/productivity/random-color-generator","2"
"https://usonlinetools.com/productivity/character-counter-tool","Character Counter Tool","tool_page","productivity","https://usonlinetools.com/category/productivity","Home > Productivity & Text > Character Counter Tool","https://usonlinetools.com/productivity/online-word-counter | https://usonlinetools.com/productivity/random-name-generator | https://usonlinetools.com/productivity/username-generator | https://usonlinetools.com/productivity/dice-roller | https://usonlinetools.com/productivity/coin-flip | https://usonlinetools.com/productivity/random-color-generator","2"
"https://usonlinetools.com/productivity/line-counter-tool","Line Counter Tool","tool_page","productivity","https://usonlinetools.com/category/productivity","Home > Productivity & Text > Line Counter Tool","https://usonlinetools.com/productivity/online-word-counter | https://usonlinetools.com/productivity/random-name-generator | https://usonlinetools.com/productivity/username-generator | https://usonlinetools.com/productivity/dice-roller | https://usonlinetools.com/productivity/coin-flip | https://usonlinetools.com/productivity/random-color-generator","2"
"https://usonlinetools.com/productivity/remove-extra-spaces-tool","Remove Extra Spaces Tool","tool_page","productivity","https://usonlinetools.com/category/productivity","Home > Productivity & Text > Remove Extra Spaces Tool","https://usonlinetools.com/productivity/online-word-counter | https://usonlinetools.com/productivity/random-name-generator | https://usonlinetools.com/productivity/username-generator | https://usonlinetools.com/productivity/dice-roller | https://usonlinetools.com/productivity/coin-flip | https://usonlinetools.com/productivity/random-color-generator","2"
"https://usonlinetools.com/productivity/sort-text-lines-tool","Sort Text Lines Tool","tool_page","productivity","https://usonlinetools.com/category/productivity","Home > Productivity & Text > Sort Text Lines Tool","https://usonlinetools.com/productivity/online-word-counter | https://usonlinetools.com/productivity/random-name-generator | https://usonlinetools.com/productivity/username-generator | https://usonlinetools.com/productivity/dice-roller | https://usonlinetools.com/productivity/coin-flip | https://usonlinetools.com/productivity/random-color-generator","2"
"https://usonlinetools.com/productivity/list-randomizer-tool","List Randomizer Tool","tool_page","productivity","https://usonlinetools.com/category/productivity","Home > Productivity & Text > List Randomizer Tool","https://usonlinetools.com/productivity/online-word-counter | https://usonlinetools.com/productivity/random-name-generator | https://usonlinetools.com/productivity/username-generator | https://usonlinetools.com/productivity/dice-roller | https://usonlinetools.com/productivity/coin-flip | https://usonlinetools.com/productivity/random-color-generator","2"
"https://usonlinetools.com/productivity/text-formatter-tool","Text Formatter Tool","tool_page","productivity","https://usonlinetools.com/category/productivity","Home > Productivity & Text > Text Formatter Tool","https://usonlinetools.com/productivity/online-word-counter | https://usonlinetools.com/productivity/random-name-generator | https://usonlinetools.com/productivity/username-generator | https://usonlinetools.com/productivity/dice-roller | https://usonlinetools.com/productivity/coin-flip | https://usonlinetools.com/productivity/random-color-generator","2"
"https://usonlinetools.com/productivity/json-formatter","JSON Formatter","tool_page","productivity","https://usonlinetools.com/category/productivity","Home > Productivity & Text > JSON Formatter","https://usonlinetools.com/productivity/online-word-counter | https://usonlinetools.com/productivity/random-name-generator | https://usonlinetools.com/productivity/username-generator | https://usonlinetools.com/productivity/dice-roller | https://usonlinetools.com/productivity/coin-flip | https://usonlinetools.com/productivity/random-color-generator","2"
"https://usonlinetools.com/productivity/base64-encoder-decoder","Base64 Encoder Decoder","tool_page","productivity","https://usonlinetools.com/category/productivity","Home > Productivity & Text > Base64 Encoder Decoder","https://usonlinetools.com/productivity/online-word-counter | https://usonlinetools.com/productivity/random-name-generator | https://usonlinetools.com/productivity/username-generator | https://usonlinetools.com/productivity/dice-roller | https://usonlinetools.com/productivity/coin-flip | https://usonlinetools.com/productivity/random-color-generator","2"
"https://usonlinetools.com/productivity/love-calculator","Love Calculator","tool_page","productivity","https://usonlinetools.com/category/productivity","Home > Productivity & Text > Love Calculator","https://usonlinetools.com/productivity/online-word-counter | https://usonlinetools.com/productivity/random-name-generator | https://usonlinetools.com/productivity/username-generator | https://usonlinetools.com/productivity/dice-roller | https://usonlinetools.com/productivity/coin-flip | https://usonlinetools.com/productivity/random-color-generator","2"
"https://usonlinetools.com/education/online-gpa-calculator","GPA Calculator","tool_page","education","https://usonlinetools.com/category/education","Home > Student & Education > GPA Calculator","https://usonlinetools.com/education/grade-calculator | https://usonlinetools.com/education/weighted-grade-calculator | https://usonlinetools.com/education/final-grade-calculator | https://usonlinetools.com/education/percentage-grade-calculator | https://usonlinetools.com/education/attendance-percentage-calculator | https://usonlinetools.com/education/reading-speed-calculator","2"
"https://usonlinetools.com/education/grade-calculator","Grade Calculator","tool_page","education","https://usonlinetools.com/category/education","Home > Student & Education > Grade Calculator","https://usonlinetools.com/education/online-gpa-calculator | https://usonlinetools.com/education/weighted-grade-calculator | https://usonlinetools.com/education/final-grade-calculator | https://usonlinetools.com/education/percentage-grade-calculator | https://usonlinetools.com/education/attendance-percentage-calculator | https://usonlinetools.com/education/reading-speed-calculator","2"
"https://usonlinetools.com/education/weighted-grade-calculator","Weighted Grade Calculator","tool_page","education","https://usonlinetools.com/category/education","Home > Student & Education > Weighted Grade Calculator","https://usonlinetools.com/education/online-gpa-calculator | https://usonlinetools.com/education/grade-calculator | https://usonlinetools.com/education/final-grade-calculator | https://usonlinetools.com/education/percentage-grade-calculator | https://usonlinetools.com/education/attendance-percentage-calculator | https://usonlinetools.com/education/reading-speed-calculator","2"
"https://usonlinetools.com/education/final-grade-calculator","Final Grade Calculator","tool_page","education","https://usonlinetools.com/category/education","Home > Student & Education > Final Grade Calculator","https://usonlinetools.com/education/online-gpa-calculator | https://usonlinetools.com/education/grade-calculator | https://usonlinetools.com/education/weighted-grade-calculator | https://usonlinetools.com/education/percentage-grade-calculator | https://usonlinetools.com/education/attendance-percentage-calculator | https://usonlinetools.com/education/reading-speed-calculator","2"
"https://usonlinetools.com/education/percentage-grade-calculator","Percentage Grade Calculator","tool_page","education","https://usonlinetools.com/category/education","Home > Student & Education > Percentage Grade Calculator","https://usonlinetools.com/education/online-gpa-calculator | https://usonlinetools.com/education/grade-calculator | https://usonlinetools.com/education/weighted-grade-calculator | https://usonlinetools.com/education/final-grade-calculator | https://usonlinetools.com/education/attendance-percentage-calculator | https://usonlinetools.com/education/reading-speed-calculator","2"
"https://usonlinetools.com/education/attendance-percentage-calculator","Attendance Percentage Calculator","tool_page","education","https://usonlinetools.com/category/education","Home > Student & Education > Attendance Percentage Calculator","https://usonlinetools.com/education/online-gpa-calculator | https://usonlinetools.com/education/grade-calculator | https://usonlinetools.com/education/weighted-grade-calculator | https://usonlinetools.com/education/final-grade-calculator | https://usonlinetools.com/education/percentage-grade-calculator | https://usonlinetools.com/education/reading-speed-calculator","2"
"https://usonlinetools.com/education/reading-speed-calculator","Reading Speed Calculator","tool_page","education","https://usonlinetools.com/category/education","Home > Student & Education > Reading Speed Calculator","https://usonlinetools.com/education/online-gpa-calculator | https://usonlinetools.com/education/grade-calculator | https://usonlinetools.com/education/weighted-grade-calculator | https://usonlinetools.com/education/final-grade-calculator | https://usonlinetools.com/education/percentage-grade-calculator | https://usonlinetools.com/education/attendance-percentage-calculator","2"
"https://usonlinetools.com/education/marks-percentage-calculator","Marks Percentage Calculator","tool_page","education","https://usonlinetools.com/category/education","Home > Student & Education > Marks Percentage Calculator","https://usonlinetools.com/education/online-gpa-calculator | https://usonlinetools.com/education/grade-calculator | https://usonlinetools.com/education/weighted-grade-calculator | https://usonlinetools.com/education/final-grade-calculator | https://usonlinetools.com/education/percentage-grade-calculator | https://usonlinetools.com/education/attendance-percentage-calculator","2"
"https://usonlinetools.com/education/marks-to-gpa-converter","Marks to GPA Converter","tool_page","education","https://usonlinetools.com/category/education","Home > Student & Education > Marks to GPA Converter","https://usonlinetools.com/education/online-gpa-calculator | https://usonlinetools.com/education/grade-calculator | https://usonlinetools.com/education/weighted-grade-calculator | https://usonlinetools.com/education/final-grade-calculator | https://usonlinetools.com/education/percentage-grade-calculator | https://usonlinetools.com/education/attendance-percentage-calculator","2"
"https://usonlinetools.com/education/class-average-calculator","Class Average Calculator","tool_page","education","https://usonlinetools.com/category/education","Home > Student & Education > Class Average Calculator","https://usonlinetools.com/education/online-gpa-calculator | https://usonlinetools.com/education/grade-calculator | https://usonlinetools.com/education/weighted-grade-calculator | https://usonlinetools.com/education/final-grade-calculator | https://usonlinetools.com/education/percentage-grade-calculator | https://usonlinetools.com/education/attendance-percentage-calculator","2"
"https://usonlinetools.com/education/score-calculator","Score Calculator","tool_page","education","https://usonlinetools.com/category/education","Home > Student & Education > Score Calculator","https://usonlinetools.com/education/online-gpa-calculator | https://usonlinetools.com/education/grade-calculator | https://usonlinetools.com/education/weighted-grade-calculator | https://usonlinetools.com/education/final-grade-calculator | https://usonlinetools.com/education/percentage-grade-calculator | https://usonlinetools.com/education/attendance-percentage-calculator","2"
"https://usonlinetools.com/education/study-planner-calculator","Study Planner Calculator","tool_page","education","https://usonlinetools.com/category/education","Home > Student & Education > Study Planner Calculator","https://usonlinetools.com/education/online-gpa-calculator | https://usonlinetools.com/education/grade-calculator | https://usonlinetools.com/education/weighted-grade-calculator | https://usonlinetools.com/education/final-grade-calculator | https://usonlinetools.com/education/percentage-grade-calculator | https://usonlinetools.com/education/attendance-percentage-calculator","2"
"https://usonlinetools.com/education/homework-time-calculator","Homework Time Calculator","tool_page","education","https://usonlinetools.com/category/education","Home > Student & Education > Homework Time Calculator","https://usonlinetools.com/education/online-gpa-calculator | https://usonlinetools.com/education/grade-calculator | https://usonlinetools.com/education/weighted-grade-calculator | https://usonlinetools.com/education/final-grade-calculator | https://usonlinetools.com/education/percentage-grade-calculator | https://usonlinetools.com/education/attendance-percentage-calculator","2"
"https://usonlinetools.com/education/exam-countdown-timer","Exam Countdown Timer","tool_page","education","https://usonlinetools.com/category/education","Home > Student & Education > Exam Countdown Timer","https://usonlinetools.com/education/online-gpa-calculator | https://usonlinetools.com/education/grade-calculator | https://usonlinetools.com/education/weighted-grade-calculator | https://usonlinetools.com/education/final-grade-calculator | https://usonlinetools.com/education/percentage-grade-calculator | https://usonlinetools.com/education/attendance-percentage-calculator","2"
"https://usonlinetools.com/education/assignment-grade-calculator","Assignment Grade Calculator","tool_page","education","https://usonlinetools.com/category/education","Home > Student & Education > Assignment Grade Calculator","https://usonlinetools.com/education/online-gpa-calculator | https://usonlinetools.com/education/grade-calculator | https://usonlinetools.com/education/weighted-grade-calculator | https://usonlinetools.com/education/final-grade-calculator | https://usonlinetools.com/education/percentage-grade-calculator | https://usonlinetools.com/education/attendance-percentage-calculator","2"
"https://usonlinetools.com/education/semester-planner-tool","Semester Planner Tool","tool_page","education","https://usonlinetools.com/category/education","Home > Student & Education > Semester Planner Tool","https://usonlinetools.com/education/online-gpa-calculator | https://usonlinetools.com/education/grade-calculator | https://usonlinetools.com/education/weighted-grade-calculator | https://usonlinetools.com/education/final-grade-calculator | https://usonlinetools.com/education/percentage-grade-calculator | https://usonlinetools.com/education/attendance-percentage-calculator","2"
"https://usonlinetools.com/education/quiz-score-calculator","Quiz Score Calculator","tool_page","education","https://usonlinetools.com/category/education","Home > Student & Education > Quiz Score Calculator","https://usonlinetools.com/education/online-gpa-calculator | https://usonlinetools.com/education/grade-calculator | https://usonlinetools.com/education/weighted-grade-calculator | https://usonlinetools.com/education/final-grade-calculator | https://usonlinetools.com/education/percentage-grade-calculator | https://usonlinetools.com/education/attendance-percentage-calculator","2"
"https://usonlinetools.com/education/flashcard-timer-tool","Flashcard Timer Tool","tool_page","education","https://usonlinetools.com/category/education","Home > Student & Education > Flashcard Timer Tool","https://usonlinetools.com/education/online-gpa-calculator | https://usonlinetools.com/education/grade-calculator | https://usonlinetools.com/education/weighted-grade-calculator | https://usonlinetools.com/education/final-grade-calculator | https://usonlinetools.com/education/percentage-grade-calculator | https://usonlinetools.com/education/attendance-percentage-calculator","2"
"https://usonlinetools.com/education/exam-score-predictor","Exam Score Predictor","tool_page","education","https://usonlinetools.com/category/education","Home > Student & Education > Exam Score Predictor","https://usonlinetools.com/education/online-gpa-calculator | https://usonlinetools.com/education/grade-calculator | https://usonlinetools.com/education/weighted-grade-calculator | https://usonlinetools.com/education/final-grade-calculator | https://usonlinetools.com/education/percentage-grade-calculator | https://usonlinetools.com/education/attendance-percentage-calculator","2"
"https://usonlinetools.com/education/study-hours-tracker","Study Hours Tracker","tool_page","education","https://usonlinetools.com/category/education","Home > Student & Education > Study Hours Tracker","https://usonlinetools.com/education/online-gpa-calculator | https://usonlinetools.com/education/grade-calculator | https://usonlinetools.com/education/weighted-grade-calculator | https://usonlinetools.com/education/final-grade-calculator | https://usonlinetools.com/education/percentage-grade-calculator | https://usonlinetools.com/education/attendance-percentage-calculator","2"
"https://usonlinetools.com/education/grade-improvement-calculator","Grade Improvement Calculator","tool_page","education","https://usonlinetools.com/category/education","Home > Student & Education > Grade Improvement Calculator","https://usonlinetools.com/education/online-gpa-calculator | https://usonlinetools.com/education/grade-calculator | https://usonlinetools.com/education/weighted-grade-calculator | https://usonlinetools.com/education/final-grade-calculator | https://usonlinetools.com/education/percentage-grade-calculator | https://usonlinetools.com/education/attendance-percentage-calculator","2"
"https://usonlinetools.com/education/test-score-analyzer","Test Score Analyzer","tool_page","education","https://usonlinetools.com/category/education","Home > Student & Education > Test Score Analyzer","https://usonlinetools.com/education/online-gpa-calculator | https://usonlinetools.com/education/grade-calculator | https://usonlinetools.com/education/weighted-grade-calculator | https://usonlinetools.com/education/final-grade-calculator | https://usonlinetools.com/education/percentage-grade-calculator | https://usonlinetools.com/education/attendance-percentage-calculator","2"
"https://usonlinetools.com/education/learning-time-calculator","Learning Time Calculator","tool_page","education","https://usonlinetools.com/category/education","Home > Student & Education > Learning Time Calculator","https://usonlinetools.com/education/online-gpa-calculator | https://usonlinetools.com/education/grade-calculator | https://usonlinetools.com/education/weighted-grade-calculator | https://usonlinetools.com/education/final-grade-calculator | https://usonlinetools.com/education/percentage-grade-calculator | https://usonlinetools.com/education/attendance-percentage-calculator","2"
"https://usonlinetools.com/education/school-schedule-planner","School Schedule Planner","tool_page","education","https://usonlinetools.com/category/education","Home > Student & Education > School Schedule Planner","https://usonlinetools.com/education/online-gpa-calculator | https://usonlinetools.com/education/grade-calculator | https://usonlinetools.com/education/weighted-grade-calculator | https://usonlinetools.com/education/final-grade-calculator | https://usonlinetools.com/education/percentage-grade-calculator | https://usonlinetools.com/education/attendance-percentage-calculator","2"
"https://usonlinetools.com/education/revision-planner-tool","Revision Planner Tool","tool_page","education","https://usonlinetools.com/category/education","Home > Student & Education > Revision Planner Tool","https://usonlinetools.com/education/online-gpa-calculator | https://usonlinetools.com/education/grade-calculator | https://usonlinetools.com/education/weighted-grade-calculator | https://usonlinetools.com/education/final-grade-calculator | https://usonlinetools.com/education/percentage-grade-calculator | https://usonlinetools.com/education/attendance-percentage-calculator","2"
"https://usonlinetools.com/education/cgpa-calculator","CGPA Calculator","tool_page","education","https://usonlinetools.com/category/education","Home > Student & Education > CGPA Calculator","https://usonlinetools.com/education/online-gpa-calculator | https://usonlinetools.com/education/grade-calculator | https://usonlinetools.com/education/weighted-grade-calculator | https://usonlinetools.com/education/final-grade-calculator | https://usonlinetools.com/education/percentage-grade-calculator | https://usonlinetools.com/education/attendance-percentage-calculator","2"
"https://usonlinetools.com/education/sat-score-calculator","SAT Score Calculator","tool_page","education","https://usonlinetools.com/category/education","Home > Student & Education > SAT Score Calculator","https://usonlinetools.com/education/online-gpa-calculator | https://usonlinetools.com/education/grade-calculator | https://usonlinetools.com/education/weighted-grade-calculator | https://usonlinetools.com/education/final-grade-calculator | https://usonlinetools.com/education/percentage-grade-calculator | https://usonlinetools.com/education/attendance-percentage-calculator","2"
"https://usonlinetools.com/education/typing-speed-test","Typing Speed Test","tool_page","education","https://usonlinetools.com/category/education","Home > Student & Education > Typing Speed Test","https://usonlinetools.com/education/online-gpa-calculator | https://usonlinetools.com/education/grade-calculator | https://usonlinetools.com/education/weighted-grade-calculator | https://usonlinetools.com/education/final-grade-calculator | https://usonlinetools.com/education/percentage-grade-calculator | https://usonlinetools.com/education/attendance-percentage-calculator","2"
"https://usonlinetools.com/education/scholarship-calculator","Scholarship Calculator","tool_page","education","https://usonlinetools.com/category/education","Home > Student & Education > Scholarship Calculator","https://usonlinetools.com/education/online-gpa-calculator | https://usonlinetools.com/education/grade-calculator | https://usonlinetools.com/education/weighted-grade-calculator | https://usonlinetools.com/education/final-grade-calculator | https://usonlinetools.com/education/percentage-grade-calculator | https://usonlinetools.com/education/attendance-percentage-calculator","2"
"https://usonlinetools.com/education/college-gpa-calculator","College GPA Calculator","tool_page","education","https://usonlinetools.com/category/education","Home > Student & Education > College GPA Calculator","https://usonlinetools.com/education/online-gpa-calculator | https://usonlinetools.com/education/grade-calculator | https://usonlinetools.com/education/weighted-grade-calculator | https://usonlinetools.com/education/final-grade-calculator | https://usonlinetools.com/education/percentage-grade-calculator | https://usonlinetools.com/education/attendance-percentage-calculator","2"
"https://usonlinetools.com/education/snow-day-calculator","Snow Day Calculator","tool_page","education","https://usonlinetools.com/category/education","Home > Student & Education > Snow Day Calculator","https://usonlinetools.com/education/online-gpa-calculator | https://usonlinetools.com/education/grade-calculator | https://usonlinetools.com/education/weighted-grade-calculator | https://usonlinetools.com/education/final-grade-calculator | https://usonlinetools.com/education/percentage-grade-calculator | https://usonlinetools.com/education/attendance-percentage-calculator","2"
"https://usonlinetools.com/gaming/blox-fruits-calculator","Blox Fruits Calculator","tool_page","gaming","https://usonlinetools.com/category/gaming","Home > Gaming Calculators > Blox Fruits Calculator","https://usonlinetools.com/gaming/blox-fruits-trade-calculator | https://usonlinetools.com/gaming/roblox-tax-calculator | https://usonlinetools.com/gaming/minecraft-circle-calculator | https://usonlinetools.com/gaming/valorant-sensitivity-calculator | https://usonlinetools.com/gaming/fortnite-dpi-calculator | https://usonlinetools.com/gaming/xp-level-calculator","2"
"https://usonlinetools.com/gaming/blox-fruits-trade-calculator","Blox Fruits Trade Calculator","tool_page","gaming","https://usonlinetools.com/category/gaming","Home > Gaming Calculators > Blox Fruits Trade Calculator","https://usonlinetools.com/gaming/blox-fruits-calculator | https://usonlinetools.com/gaming/roblox-tax-calculator | https://usonlinetools.com/gaming/minecraft-circle-calculator | https://usonlinetools.com/gaming/valorant-sensitivity-calculator | https://usonlinetools.com/gaming/fortnite-dpi-calculator | https://usonlinetools.com/gaming/xp-level-calculator","2"
"https://usonlinetools.com/gaming/roblox-tax-calculator","Roblox Tax Calculator","tool_page","gaming","https://usonlinetools.com/category/gaming","Home > Gaming Calculators > Roblox Tax Calculator","https://usonlinetools.com/gaming/blox-fruits-calculator | https://usonlinetools.com/gaming/blox-fruits-trade-calculator | https://usonlinetools.com/gaming/minecraft-circle-calculator | https://usonlinetools.com/gaming/valorant-sensitivity-calculator | https://usonlinetools.com/gaming/fortnite-dpi-calculator | https://usonlinetools.com/gaming/xp-level-calculator","2"
"https://usonlinetools.com/gaming/minecraft-circle-calculator","Minecraft Circle Calculator","tool_page","gaming","https://usonlinetools.com/category/gaming","Home > Gaming Calculators > Minecraft Circle Calculator","https://usonlinetools.com/gaming/blox-fruits-calculator | https://usonlinetools.com/gaming/blox-fruits-trade-calculator | https://usonlinetools.com/gaming/roblox-tax-calculator | https://usonlinetools.com/gaming/valorant-sensitivity-calculator | https://usonlinetools.com/gaming/fortnite-dpi-calculator | https://usonlinetools.com/gaming/xp-level-calculator","2"
"https://usonlinetools.com/gaming/valorant-sensitivity-calculator","Valorant Sensitivity Calculator","tool_page","gaming","https://usonlinetools.com/category/gaming","Home > Gaming Calculators > Valorant Sensitivity Calculator","https://usonlinetools.com/gaming/blox-fruits-calculator | https://usonlinetools.com/gaming/blox-fruits-trade-calculator | https://usonlinetools.com/gaming/roblox-tax-calculator | https://usonlinetools.com/gaming/minecraft-circle-calculator | https://usonlinetools.com/gaming/fortnite-dpi-calculator | https://usonlinetools.com/gaming/xp-level-calculator","2"
"https://usonlinetools.com/gaming/fortnite-dpi-calculator","Fortnite DPI Calculator","tool_page","gaming","https://usonlinetools.com/category/gaming","Home > Gaming Calculators > Fortnite DPI Calculator","https://usonlinetools.com/gaming/blox-fruits-calculator | https://usonlinetools.com/gaming/blox-fruits-trade-calculator | https://usonlinetools.com/gaming/roblox-tax-calculator | https://usonlinetools.com/gaming/minecraft-circle-calculator | https://usonlinetools.com/gaming/valorant-sensitivity-calculator | https://usonlinetools.com/gaming/xp-level-calculator","2"
"https://usonlinetools.com/gaming/xp-level-calculator","XP Level Calculator","tool_page","gaming","https://usonlinetools.com/category/gaming","Home > Gaming Calculators > XP Level Calculator","https://usonlinetools.com/gaming/blox-fruits-calculator | https://usonlinetools.com/gaming/blox-fruits-trade-calculator | https://usonlinetools.com/gaming/roblox-tax-calculator | https://usonlinetools.com/gaming/minecraft-circle-calculator | https://usonlinetools.com/gaming/valorant-sensitivity-calculator | https://usonlinetools.com/gaming/fortnite-dpi-calculator","2"
"https://usonlinetools.com/gaming/clash-of-clans-upgrade-calculator","Clash of Clans Upgrade Calculator","tool_page","gaming","https://usonlinetools.com/category/gaming","Home > Gaming Calculators > Clash of Clans Upgrade Calculator","https://usonlinetools.com/gaming/blox-fruits-calculator | https://usonlinetools.com/gaming/blox-fruits-trade-calculator | https://usonlinetools.com/gaming/roblox-tax-calculator | https://usonlinetools.com/gaming/minecraft-circle-calculator | https://usonlinetools.com/gaming/valorant-sensitivity-calculator | https://usonlinetools.com/gaming/fortnite-dpi-calculator","2"
"https://usonlinetools.com/gaming/damage-calculator","Damage Calculator","tool_page","gaming","https://usonlinetools.com/category/gaming","Home > Gaming Calculators > Damage Calculator","https://usonlinetools.com/gaming/blox-fruits-calculator | https://usonlinetools.com/gaming/blox-fruits-trade-calculator | https://usonlinetools.com/gaming/roblox-tax-calculator | https://usonlinetools.com/gaming/minecraft-circle-calculator | https://usonlinetools.com/gaming/valorant-sensitivity-calculator | https://usonlinetools.com/gaming/fortnite-dpi-calculator","2"
"https://usonlinetools.com/gaming/game-currency-converter","Game Currency Converter","tool_page","gaming","https://usonlinetools.com/category/gaming","Home > Gaming Calculators > Game Currency Converter","https://usonlinetools.com/gaming/blox-fruits-calculator | https://usonlinetools.com/gaming/blox-fruits-trade-calculator | https://usonlinetools.com/gaming/roblox-tax-calculator | https://usonlinetools.com/gaming/minecraft-circle-calculator | https://usonlinetools.com/gaming/valorant-sensitivity-calculator | https://usonlinetools.com/gaming/fortnite-dpi-calculator","2"
"https://usonlinetools.com/gaming/genshin-impact-calculator","Genshin Impact Calculator","tool_page","gaming","https://usonlinetools.com/category/gaming","Home > Gaming Calculators > Genshin Impact Calculator","https://usonlinetools.com/gaming/blox-fruits-calculator | https://usonlinetools.com/gaming/blox-fruits-trade-calculator | https://usonlinetools.com/gaming/roblox-tax-calculator | https://usonlinetools.com/gaming/minecraft-circle-calculator | https://usonlinetools.com/gaming/valorant-sensitivity-calculator | https://usonlinetools.com/gaming/fortnite-dpi-calculator","2"
"https://usonlinetools.com/gaming/cs2-sensitivity-calculator","CS2 Sensitivity Calculator","tool_page","gaming","https://usonlinetools.com/category/gaming","Home > Gaming Calculators > CS2 Sensitivity Calculator","https://usonlinetools.com/gaming/blox-fruits-calculator | https://usonlinetools.com/gaming/blox-fruits-trade-calculator | https://usonlinetools.com/gaming/roblox-tax-calculator | https://usonlinetools.com/gaming/minecraft-circle-calculator | https://usonlinetools.com/gaming/valorant-sensitivity-calculator | https://usonlinetools.com/gaming/fortnite-dpi-calculator","2"
"https://usonlinetools.com/gaming/pokemon-iv-calculator","Pokemon IV Calculator","tool_page","gaming","https://usonlinetools.com/category/gaming","Home > Gaming Calculators > Pokemon IV Calculator","https://usonlinetools.com/gaming/blox-fruits-calculator | https://usonlinetools.com/gaming/blox-fruits-trade-calculator | https://usonlinetools.com/gaming/roblox-tax-calculator | https://usonlinetools.com/gaming/minecraft-circle-calculator | https://usonlinetools.com/gaming/valorant-sensitivity-calculator | https://usonlinetools.com/gaming/fortnite-dpi-calculator","2"
"https://usonlinetools.com/gaming/dnd-dice-roller","D&D Dice Roller","tool_page","gaming","https://usonlinetools.com/category/gaming","Home > Gaming Calculators > D&D Dice Roller","https://usonlinetools.com/gaming/blox-fruits-calculator | https://usonlinetools.com/gaming/blox-fruits-trade-calculator | https://usonlinetools.com/gaming/roblox-tax-calculator | https://usonlinetools.com/gaming/minecraft-circle-calculator | https://usonlinetools.com/gaming/valorant-sensitivity-calculator | https://usonlinetools.com/gaming/fortnite-dpi-calculator","2"
"https://usonlinetools.com/gaming/gaming-fps-calculator","Gaming FPS Calculator","tool_page","gaming","https://usonlinetools.com/category/gaming","Home > Gaming Calculators > Gaming FPS Calculator","https://usonlinetools.com/gaming/blox-fruits-calculator | https://usonlinetools.com/gaming/blox-fruits-trade-calculator | https://usonlinetools.com/gaming/roblox-tax-calculator | https://usonlinetools.com/gaming/minecraft-circle-calculator | https://usonlinetools.com/gaming/valorant-sensitivity-calculator | https://usonlinetools.com/gaming/fortnite-dpi-calculator","2"
"https://usonlinetools.com/gaming/esports-earnings-calculator","Esports Earnings Calculator","tool_page","gaming","https://usonlinetools.com/category/gaming","Home > Gaming Calculators > Esports Earnings Calculator","https://usonlinetools.com/gaming/blox-fruits-calculator | https://usonlinetools.com/gaming/blox-fruits-trade-calculator | https://usonlinetools.com/gaming/roblox-tax-calculator | https://usonlinetools.com/gaming/minecraft-circle-calculator | https://usonlinetools.com/gaming/valorant-sensitivity-calculator | https://usonlinetools.com/gaming/fortnite-dpi-calculator","2"
"https://usonlinetools.com/image/online-image-resizer","Image Resizer","tool_page","image","https://usonlinetools.com/category/image","Home > Image Tools > Image Resizer","https://usonlinetools.com/image/online-image-compressor | https://usonlinetools.com/image/online-image-cropper | https://usonlinetools.com/image/online-image-format-converter | https://usonlinetools.com/image/online-image-to-base64 | https://usonlinetools.com/image/online-base64-to-image | https://usonlinetools.com/image/online-image-rotate-flip","2"
"https://usonlinetools.com/image/online-image-compressor","Image Compressor","tool_page","image","https://usonlinetools.com/category/image","Home > Image Tools > Image Compressor","https://usonlinetools.com/image/online-image-resizer | https://usonlinetools.com/image/online-image-cropper | https://usonlinetools.com/image/online-image-format-converter | https://usonlinetools.com/image/online-image-to-base64 | https://usonlinetools.com/image/online-base64-to-image | https://usonlinetools.com/image/online-image-rotate-flip","2"
"https://usonlinetools.com/image/online-image-cropper","Image Cropper","tool_page","image","https://usonlinetools.com/category/image","Home > Image Tools > Image Cropper","https://usonlinetools.com/image/online-image-resizer | https://usonlinetools.com/image/online-image-compressor | https://usonlinetools.com/image/online-image-format-converter | https://usonlinetools.com/image/online-image-to-base64 | https://usonlinetools.com/image/online-base64-to-image | https://usonlinetools.com/image/online-image-rotate-flip","2"
"https://usonlinetools.com/image/online-image-format-converter","Image Format Converter","tool_page","image","https://usonlinetools.com/category/image","Home > Image Tools > Image Format Converter","https://usonlinetools.com/image/online-image-resizer | https://usonlinetools.com/image/online-image-compressor | https://usonlinetools.com/image/online-image-cropper | https://usonlinetools.com/image/online-image-to-base64 | https://usonlinetools.com/image/online-base64-to-image | https://usonlinetools.com/image/online-image-rotate-flip","2"
"https://usonlinetools.com/image/online-image-to-base64","Image to Base64 Converter","tool_page","image","https://usonlinetools.com/category/image","Home > Image Tools > Image to Base64 Converter","https://usonlinetools.com/image/online-image-resizer | https://usonlinetools.com/image/online-image-compressor | https://usonlinetools.com/image/online-image-cropper | https://usonlinetools.com/image/online-image-format-converter | https://usonlinetools.com/image/online-base64-to-image | https://usonlinetools.com/image/online-image-rotate-flip","2"
"https://usonlinetools.com/image/online-base64-to-image","Base64 to Image Converter","tool_page","image","https://usonlinetools.com/category/image","Home > Image Tools > Base64 to Image Converter","https://usonlinetools.com/image/online-image-resizer | https://usonlinetools.com/image/online-image-compressor | https://usonlinetools.com/image/online-image-cropper | https://usonlinetools.com/image/online-image-format-converter | https://usonlinetools.com/image/online-image-to-base64 | https://usonlinetools.com/image/online-image-rotate-flip","2"
"https://usonlinetools.com/image/online-image-rotate-flip","Image Rotate & Flip","tool_page","image","https://usonlinetools.com/category/image","Home > Image Tools > Image Rotate & Flip","https://usonlinetools.com/image/online-image-resizer | https://usonlinetools.com/image/online-image-compressor | https://usonlinetools.com/image/online-image-cropper | https://usonlinetools.com/image/online-image-format-converter | https://usonlinetools.com/image/online-image-to-base64 | https://usonlinetools.com/image/online-base64-to-image","2"
"https://usonlinetools.com/image/online-image-color-picker","Image Color Picker","tool_page","image","https://usonlinetools.com/category/image","Home > Image Tools > Image Color Picker","https://usonlinetools.com/image/online-image-resizer | https://usonlinetools.com/image/online-image-compressor | https://usonlinetools.com/image/online-image-cropper | https://usonlinetools.com/image/online-image-format-converter | https://usonlinetools.com/image/online-image-to-base64 | https://usonlinetools.com/image/online-base64-to-image","2"
"https://usonlinetools.com/image/online-image-watermark-tool","Image Watermark Tool","tool_page","image","https://usonlinetools.com/category/image","Home > Image Tools > Image Watermark Tool","https://usonlinetools.com/image/online-image-resizer | https://usonlinetools.com/image/online-image-compressor | https://usonlinetools.com/image/online-image-cropper | https://usonlinetools.com/image/online-image-format-converter | https://usonlinetools.com/image/online-image-to-base64 | https://usonlinetools.com/image/online-base64-to-image","2"
"https://usonlinetools.com/image/online-image-filter-editor","Image Filter Editor","tool_page","image","https://usonlinetools.com/category/image","Home > Image Tools > Image Filter Editor","https://usonlinetools.com/image/online-image-resizer | https://usonlinetools.com/image/online-image-compressor | https://usonlinetools.com/image/online-image-cropper | https://usonlinetools.com/image/online-image-format-converter | https://usonlinetools.com/image/online-image-to-base64 | https://usonlinetools.com/image/online-base64-to-image","2"
"https://usonlinetools.com/image/online-image-to-png","Image to PNG Converter","tool_page","image","https://usonlinetools.com/category/image","Home > Image Tools > Image to PNG Converter","https://usonlinetools.com/image/online-image-resizer | https://usonlinetools.com/image/online-image-compressor | https://usonlinetools.com/image/online-image-cropper | https://usonlinetools.com/image/online-image-format-converter | https://usonlinetools.com/image/online-image-to-base64 | https://usonlinetools.com/image/online-base64-to-image","2"
"https://usonlinetools.com/image/online-image-to-jpg","Image to JPG Converter","tool_page","image","https://usonlinetools.com/category/image","Home > Image Tools > Image to JPG Converter","https://usonlinetools.com/image/online-image-resizer | https://usonlinetools.com/image/online-image-compressor | https://usonlinetools.com/image/online-image-cropper | https://usonlinetools.com/image/online-image-format-converter | https://usonlinetools.com/image/online-image-to-base64 | https://usonlinetools.com/image/online-base64-to-image","2"
"https://usonlinetools.com/image/online-png-to-webp","PNG to WebP Converter","tool_page","image","https://usonlinetools.com/category/image","Home > Image Tools > PNG to WebP Converter","https://usonlinetools.com/image/online-image-resizer | https://usonlinetools.com/image/online-image-compressor | https://usonlinetools.com/image/online-image-cropper | https://usonlinetools.com/image/online-image-format-converter | https://usonlinetools.com/image/online-image-to-base64 | https://usonlinetools.com/image/online-base64-to-image","2"
"https://usonlinetools.com/image/online-svg-to-png","SVG to PNG Converter","tool_page","image","https://usonlinetools.com/category/image","Home > Image Tools > SVG to PNG Converter","https://usonlinetools.com/image/online-image-resizer | https://usonlinetools.com/image/online-image-compressor | https://usonlinetools.com/image/online-image-cropper | https://usonlinetools.com/image/online-image-format-converter | https://usonlinetools.com/image/online-image-to-base64 | https://usonlinetools.com/image/online-base64-to-image","2"
"https://usonlinetools.com/image/online-image-background-remover","Background Remover","tool_page","image","https://usonlinetools.com/category/image","Home > Image Tools > Background Remover","https://usonlinetools.com/image/online-image-resizer | https://usonlinetools.com/image/online-image-compressor | https://usonlinetools.com/image/online-image-cropper | https://usonlinetools.com/image/online-image-format-converter | https://usonlinetools.com/image/online-image-to-base64 | https://usonlinetools.com/image/online-base64-to-image","2"
"https://usonlinetools.com/image/online-image-collage-maker","Image Collage Maker","tool_page","image","https://usonlinetools.com/category/image","Home > Image Tools > Image Collage Maker","https://usonlinetools.com/image/online-image-resizer | https://usonlinetools.com/image/online-image-compressor | https://usonlinetools.com/image/online-image-cropper | https://usonlinetools.com/image/online-image-format-converter | https://usonlinetools.com/image/online-image-to-base64 | https://usonlinetools.com/image/online-base64-to-image","2"
"https://usonlinetools.com/image/online-qr-code-generator","QR Code Generator","tool_page","image","https://usonlinetools.com/category/image","Home > Image Tools > QR Code Generator","https://usonlinetools.com/image/online-image-resizer | https://usonlinetools.com/image/online-image-compressor | https://usonlinetools.com/image/online-image-cropper | https://usonlinetools.com/image/online-image-format-converter | https://usonlinetools.com/image/online-image-to-base64 | https://usonlinetools.com/image/online-base64-to-image","2"
"https://usonlinetools.com/image/online-meme-generator","Meme Generator","tool_page","image","https://usonlinetools.com/category/image","Home > Image Tools > Meme Generator","https://usonlinetools.com/image/online-image-resizer | https://usonlinetools.com/image/online-image-compressor | https://usonlinetools.com/image/online-image-cropper | https://usonlinetools.com/image/online-image-format-converter | https://usonlinetools.com/image/online-image-to-base64 | https://usonlinetools.com/image/online-base64-to-image","2"
"https://usonlinetools.com/image/online-favicon-generator","Favicon Generator","tool_page","image","https://usonlinetools.com/category/image","Home > Image Tools > Favicon Generator","https://usonlinetools.com/image/online-image-resizer | https://usonlinetools.com/image/online-image-compressor | https://usonlinetools.com/image/online-image-cropper | https://usonlinetools.com/image/online-image-format-converter | https://usonlinetools.com/image/online-image-to-base64 | https://usonlinetools.com/image/online-base64-to-image","2"
"https://usonlinetools.com/image/online-image-pixel-counter","Image Pixel Counter","tool_page","image","https://usonlinetools.com/category/image","Home > Image Tools > Image Pixel Counter","https://usonlinetools.com/image/online-image-resizer | https://usonlinetools.com/image/online-image-compressor | https://usonlinetools.com/image/online-image-cropper | https://usonlinetools.com/image/online-image-format-converter | https://usonlinetools.com/image/online-image-to-base64 | https://usonlinetools.com/image/online-base64-to-image","2"
"https://usonlinetools.com/pdf/online-pdf-merge","PDF Merge","tool_page","pdf","https://usonlinetools.com/category/pdf","Home > PDF Tools > PDF Merge","https://usonlinetools.com/pdf/online-pdf-split | https://usonlinetools.com/pdf/online-pdf-compress | https://usonlinetools.com/pdf/online-image-to-pdf | https://usonlinetools.com/pdf/online-pdf-to-image | https://usonlinetools.com/pdf/online-pdf-rotate | https://usonlinetools.com/pdf/online-pdf-page-remover","2"
"https://usonlinetools.com/pdf/online-pdf-split","PDF Split","tool_page","pdf","https://usonlinetools.com/category/pdf","Home > PDF Tools > PDF Split","https://usonlinetools.com/pdf/online-pdf-merge | https://usonlinetools.com/pdf/online-pdf-compress | https://usonlinetools.com/pdf/online-image-to-pdf | https://usonlinetools.com/pdf/online-pdf-to-image | https://usonlinetools.com/pdf/online-pdf-rotate | https://usonlinetools.com/pdf/online-pdf-page-remover","2"
"https://usonlinetools.com/pdf/online-pdf-compress","PDF Compressor","tool_page","pdf","https://usonlinetools.com/category/pdf","Home > PDF Tools > PDF Compressor","https://usonlinetools.com/pdf/online-pdf-merge | https://usonlinetools.com/pdf/online-pdf-split | https://usonlinetools.com/pdf/online-image-to-pdf | https://usonlinetools.com/pdf/online-pdf-to-image | https://usonlinetools.com/pdf/online-pdf-rotate | https://usonlinetools.com/pdf/online-pdf-page-remover","2"
"https://usonlinetools.com/pdf/online-image-to-pdf","Image to PDF Converter","tool_page","pdf","https://usonlinetools.com/category/pdf","Home > PDF Tools > Image to PDF Converter","https://usonlinetools.com/pdf/online-pdf-merge | https://usonlinetools.com/pdf/online-pdf-split | https://usonlinetools.com/pdf/online-pdf-compress | https://usonlinetools.com/pdf/online-pdf-to-image | https://usonlinetools.com/pdf/online-pdf-rotate | https://usonlinetools.com/pdf/online-pdf-page-remover","2"
"https://usonlinetools.com/pdf/online-pdf-to-image","PDF to Image Converter","tool_page","pdf","https://usonlinetools.com/category/pdf","Home > PDF Tools > PDF to Image Converter","https://usonlinetools.com/pdf/online-pdf-merge | https://usonlinetools.com/pdf/online-pdf-split | https://usonlinetools.com/pdf/online-pdf-compress | https://usonlinetools.com/pdf/online-image-to-pdf | https://usonlinetools.com/pdf/online-pdf-rotate | https://usonlinetools.com/pdf/online-pdf-page-remover","2"
"https://usonlinetools.com/pdf/online-pdf-rotate","PDF Page Rotator","tool_page","pdf","https://usonlinetools.com/category/pdf","Home > PDF Tools > PDF Page Rotator","https://usonlinetools.com/pdf/online-pdf-merge | https://usonlinetools.com/pdf/online-pdf-split | https://usonlinetools.com/pdf/online-pdf-compress | https://usonlinetools.com/pdf/online-image-to-pdf | https://usonlinetools.com/pdf/online-pdf-to-image | https://usonlinetools.com/pdf/online-pdf-page-remover","2"
"https://usonlinetools.com/pdf/online-pdf-page-remover","PDF Page Remover","tool_page","pdf","https://usonlinetools.com/category/pdf","Home > PDF Tools > PDF Page Remover","https://usonlinetools.com/pdf/online-pdf-merge | https://usonlinetools.com/pdf/online-pdf-split | https://usonlinetools.com/pdf/online-pdf-compress | https://usonlinetools.com/pdf/online-image-to-pdf | https://usonlinetools.com/pdf/online-pdf-to-image | https://usonlinetools.com/pdf/online-pdf-rotate","2"
"https://usonlinetools.com/pdf/online-pdf-page-reorder","PDF Page Reorder","tool_page","pdf","https://usonlinetools.com/category/pdf","Home > PDF Tools > PDF Page Reorder","https://usonlinetools.com/pdf/online-pdf-merge | https://usonlinetools.com/pdf/online-pdf-split | https://usonlinetools.com/pdf/online-pdf-compress | https://usonlinetools.com/pdf/online-image-to-pdf | https://usonlinetools.com/pdf/online-pdf-to-image | https://usonlinetools.com/pdf/online-pdf-rotate","2"
"https://usonlinetools.com/pdf/online-pdf-watermark","PDF Watermark Tool","tool_page","pdf","https://usonlinetools.com/category/pdf","Home > PDF Tools > PDF Watermark Tool","https://usonlinetools.com/pdf/online-pdf-merge | https://usonlinetools.com/pdf/online-pdf-split | https://usonlinetools.com/pdf/online-pdf-compress | https://usonlinetools.com/pdf/online-image-to-pdf | https://usonlinetools.com/pdf/online-pdf-to-image | https://usonlinetools.com/pdf/online-pdf-rotate","2"
"https://usonlinetools.com/pdf/online-pdf-password-protect","PDF Password Protector","tool_page","pdf","https://usonlinetools.com/category/pdf","Home > PDF Tools > PDF Password Protector","https://usonlinetools.com/pdf/online-pdf-merge | https://usonlinetools.com/pdf/online-pdf-split | https://usonlinetools.com/pdf/online-pdf-compress | https://usonlinetools.com/pdf/online-image-to-pdf | https://usonlinetools.com/pdf/online-pdf-to-image | https://usonlinetools.com/pdf/online-pdf-rotate","2"
"https://usonlinetools.com/pdf/online-pdf-unlock","PDF Unlock Tool","tool_page","pdf","https://usonlinetools.com/category/pdf","Home > PDF Tools > PDF Unlock Tool","https://usonlinetools.com/pdf/online-pdf-merge | https://usonlinetools.com/pdf/online-pdf-split | https://usonlinetools.com/pdf/online-pdf-compress | https://usonlinetools.com/pdf/online-image-to-pdf | https://usonlinetools.com/pdf/online-pdf-to-image | https://usonlinetools.com/pdf/online-pdf-rotate","2"
"https://usonlinetools.com/pdf/online-pdf-to-text","PDF to Text Extractor","tool_page","pdf","https://usonlinetools.com/category/pdf","Home > PDF Tools > PDF to Text Extractor","https://usonlinetools.com/pdf/online-pdf-merge | https://usonlinetools.com/pdf/online-pdf-split | https://usonlinetools.com/pdf/online-pdf-compress | https://usonlinetools.com/pdf/online-image-to-pdf | https://usonlinetools.com/pdf/online-pdf-to-image | https://usonlinetools.com/pdf/online-pdf-rotate","2"
"https://usonlinetools.com/pdf/online-pdf-page-number","PDF Page Number Adder","tool_page","pdf","https://usonlinetools.com/category/pdf","Home > PDF Tools > PDF Page Number Adder","https://usonlinetools.com/pdf/online-pdf-merge | https://usonlinetools.com/pdf/online-pdf-split | https://usonlinetools.com/pdf/online-pdf-compress | https://usonlinetools.com/pdf/online-image-to-pdf | https://usonlinetools.com/pdf/online-pdf-to-image | https://usonlinetools.com/pdf/online-pdf-rotate","2"
"https://usonlinetools.com/pdf/online-pdf-header-footer","PDF Header & Footer","tool_page","pdf","https://usonlinetools.com/category/pdf","Home > PDF Tools > PDF Header & Footer","https://usonlinetools.com/pdf/online-pdf-merge | https://usonlinetools.com/pdf/online-pdf-split | https://usonlinetools.com/pdf/online-pdf-compress | https://usonlinetools.com/pdf/online-image-to-pdf | https://usonlinetools.com/pdf/online-pdf-to-image | https://usonlinetools.com/pdf/online-pdf-rotate","2"
"https://usonlinetools.com/pdf/online-jpg-to-pdf","JPG to PDF Converter","tool_page","pdf","https://usonlinetools.com/category/pdf","Home > PDF Tools > JPG to PDF Converter","https://usonlinetools.com/pdf/online-pdf-merge | https://usonlinetools.com/pdf/online-pdf-split | https://usonlinetools.com/pdf/online-pdf-compress | https://usonlinetools.com/pdf/online-image-to-pdf | https://usonlinetools.com/pdf/online-pdf-to-image | https://usonlinetools.com/pdf/online-pdf-rotate","2"
"https://usonlinetools.com/pdf/online-pdf-sign","PDF Signature Tool","tool_page","pdf","https://usonlinetools.com/category/pdf","Home > PDF Tools > PDF Signature Tool","https://usonlinetools.com/pdf/online-pdf-merge | https://usonlinetools.com/pdf/online-pdf-split | https://usonlinetools.com/pdf/online-pdf-compress | https://usonlinetools.com/pdf/online-image-to-pdf | https://usonlinetools.com/pdf/online-pdf-to-image | https://usonlinetools.com/pdf/online-pdf-rotate","2"
"https://usonlinetools.com/developer/online-json-formatter","JSON Formatter & Beautifier","tool_page","developer","https://usonlinetools.com/category/developer","Home > Developer Tools > JSON Formatter & Beautifier","https://usonlinetools.com/developer/online-json-validator | https://usonlinetools.com/developer/online-json-to-csv | https://usonlinetools.com/developer/csv-to-json-converter | https://usonlinetools.com/developer/json-minifier | https://usonlinetools.com/developer/online-html-formatter | https://usonlinetools.com/developer/online-html-minifier","2"
"https://usonlinetools.com/developer/online-json-validator","JSON Validator","tool_page","developer","https://usonlinetools.com/category/developer","Home > Developer Tools > JSON Validator","https://usonlinetools.com/developer/online-json-formatter | https://usonlinetools.com/developer/online-json-to-csv | https://usonlinetools.com/developer/csv-to-json-converter | https://usonlinetools.com/developer/json-minifier | https://usonlinetools.com/developer/online-html-formatter | https://usonlinetools.com/developer/online-html-minifier","2"
"https://usonlinetools.com/developer/online-json-to-csv","JSON to CSV Converter","tool_page","developer","https://usonlinetools.com/category/developer","Home > Developer Tools > JSON to CSV Converter","https://usonlinetools.com/developer/online-json-formatter | https://usonlinetools.com/developer/online-json-validator | https://usonlinetools.com/developer/csv-to-json-converter | https://usonlinetools.com/developer/json-minifier | https://usonlinetools.com/developer/online-html-formatter | https://usonlinetools.com/developer/online-html-minifier","2"
"https://usonlinetools.com/developer/csv-to-json-converter","CSV to JSON Converter","tool_page","developer","https://usonlinetools.com/category/developer","Home > Developer Tools > CSV to JSON Converter","https://usonlinetools.com/developer/online-json-formatter | https://usonlinetools.com/developer/online-json-validator | https://usonlinetools.com/developer/online-json-to-csv | https://usonlinetools.com/developer/json-minifier | https://usonlinetools.com/developer/online-html-formatter | https://usonlinetools.com/developer/online-html-minifier","2"
"https://usonlinetools.com/developer/json-minifier","JSON Minifier","tool_page","developer","https://usonlinetools.com/category/developer","Home > Developer Tools > JSON Minifier","https://usonlinetools.com/developer/online-json-formatter | https://usonlinetools.com/developer/online-json-validator | https://usonlinetools.com/developer/online-json-to-csv | https://usonlinetools.com/developer/csv-to-json-converter | https://usonlinetools.com/developer/online-html-formatter | https://usonlinetools.com/developer/online-html-minifier","2"
"https://usonlinetools.com/developer/online-html-formatter","HTML Formatter & Beautifier","tool_page","developer","https://usonlinetools.com/category/developer","Home > Developer Tools > HTML Formatter & Beautifier","https://usonlinetools.com/developer/online-json-formatter | https://usonlinetools.com/developer/online-json-validator | https://usonlinetools.com/developer/online-json-to-csv | https://usonlinetools.com/developer/csv-to-json-converter | https://usonlinetools.com/developer/json-minifier | https://usonlinetools.com/developer/online-html-minifier","2"
"https://usonlinetools.com/developer/online-html-minifier","HTML Minifier","tool_page","developer","https://usonlinetools.com/category/developer","Home > Developer Tools > HTML Minifier","https://usonlinetools.com/developer/online-json-formatter | https://usonlinetools.com/developer/online-json-validator | https://usonlinetools.com/developer/online-json-to-csv | https://usonlinetools.com/developer/csv-to-json-converter | https://usonlinetools.com/developer/json-minifier | https://usonlinetools.com/developer/online-html-formatter","2"
"https://usonlinetools.com/developer/online-css-minifier","CSS Minifier","tool_page","developer","https://usonlinetools.com/category/developer","Home > Developer Tools > CSS Minifier","https://usonlinetools.com/developer/online-json-formatter | https://usonlinetools.com/developer/online-json-validator | https://usonlinetools.com/developer/online-json-to-csv | https://usonlinetools.com/developer/csv-to-json-converter | https://usonlinetools.com/developer/json-minifier | https://usonlinetools.com/developer/online-html-formatter","2"
"https://usonlinetools.com/developer/online-css-formatter","CSS Formatter & Beautifier","tool_page","developer","https://usonlinetools.com/category/developer","Home > Developer Tools > CSS Formatter & Beautifier","https://usonlinetools.com/developer/online-json-formatter | https://usonlinetools.com/developer/online-json-validator | https://usonlinetools.com/developer/online-json-to-csv | https://usonlinetools.com/developer/csv-to-json-converter | https://usonlinetools.com/developer/json-minifier | https://usonlinetools.com/developer/online-html-formatter","2"
"https://usonlinetools.com/developer/online-javascript-minifier","JavaScript Minifier","tool_page","developer","https://usonlinetools.com/category/developer","Home > Developer Tools > JavaScript Minifier","https://usonlinetools.com/developer/online-json-formatter | https://usonlinetools.com/developer/online-json-validator | https://usonlinetools.com/developer/online-json-to-csv | https://usonlinetools.com/developer/csv-to-json-converter | https://usonlinetools.com/developer/json-minifier | https://usonlinetools.com/developer/online-html-formatter","2"
"https://usonlinetools.com/developer/online-javascript-formatter","JavaScript Formatter","tool_page","developer","https://usonlinetools.com/category/developer","Home > Developer Tools > JavaScript Formatter","https://usonlinetools.com/developer/online-json-formatter | https://usonlinetools.com/developer/online-json-validator | https://usonlinetools.com/developer/online-json-to-csv | https://usonlinetools.com/developer/csv-to-json-converter | https://usonlinetools.com/developer/json-minifier | https://usonlinetools.com/developer/online-html-formatter","2"
"https://usonlinetools.com/developer/online-regex-tester","Regex Tester","tool_page","developer","https://usonlinetools.com/category/developer","Home > Developer Tools > Regex Tester","https://usonlinetools.com/developer/online-json-formatter | https://usonlinetools.com/developer/online-json-validator | https://usonlinetools.com/developer/online-json-to-csv | https://usonlinetools.com/developer/csv-to-json-converter | https://usonlinetools.com/developer/json-minifier | https://usonlinetools.com/developer/online-html-formatter","2"
"https://usonlinetools.com/developer/url-encoder-decoder","URL Encoder & Decoder","tool_page","developer","https://usonlinetools.com/category/developer","Home > Developer Tools > URL Encoder & Decoder","https://usonlinetools.com/developer/online-json-formatter | https://usonlinetools.com/developer/online-json-validator | https://usonlinetools.com/developer/online-json-to-csv | https://usonlinetools.com/developer/csv-to-json-converter | https://usonlinetools.com/developer/json-minifier | https://usonlinetools.com/developer/online-html-formatter","2"
"https://usonlinetools.com/developer/html-entity-encoder","HTML Entity Encoder & Decoder","tool_page","developer","https://usonlinetools.com/category/developer","Home > Developer Tools > HTML Entity Encoder & Decoder","https://usonlinetools.com/developer/online-json-formatter | https://usonlinetools.com/developer/online-json-validator | https://usonlinetools.com/developer/online-json-to-csv | https://usonlinetools.com/developer/csv-to-json-converter | https://usonlinetools.com/developer/json-minifier | https://usonlinetools.com/developer/online-html-formatter","2"
"https://usonlinetools.com/developer/online-jwt-decoder","JWT Decoder","tool_page","developer","https://usonlinetools.com/category/developer","Home > Developer Tools > JWT Decoder","https://usonlinetools.com/developer/online-json-formatter | https://usonlinetools.com/developer/online-json-validator | https://usonlinetools.com/developer/online-json-to-csv | https://usonlinetools.com/developer/csv-to-json-converter | https://usonlinetools.com/developer/json-minifier | https://usonlinetools.com/developer/online-html-formatter","2"
"https://usonlinetools.com/developer/xml-formatter","XML Formatter & Beautifier","tool_page","developer","https://usonlinetools.com/category/developer","Home > Developer Tools > XML Formatter & Beautifier","https://usonlinetools.com/developer/online-json-formatter | https://usonlinetools.com/developer/online-json-validator | https://usonlinetools.com/developer/online-json-to-csv | https://usonlinetools.com/developer/csv-to-json-converter | https://usonlinetools.com/developer/json-minifier | https://usonlinetools.com/developer/online-html-formatter","2"
"https://usonlinetools.com/developer/online-sql-formatter","SQL Formatter","tool_page","developer","https://usonlinetools.com/category/developer","Home > Developer Tools > SQL Formatter","https://usonlinetools.com/developer/online-json-formatter | https://usonlinetools.com/developer/online-json-validator | https://usonlinetools.com/developer/online-json-to-csv | https://usonlinetools.com/developer/csv-to-json-converter | https://usonlinetools.com/developer/json-minifier | https://usonlinetools.com/developer/online-html-formatter","2"
"https://usonlinetools.com/developer/online-markdown-previewer","Markdown Previewer","tool_page","developer","https://usonlinetools.com/category/developer","Home > Developer Tools > Markdown Previewer","https://usonlinetools.com/developer/online-json-formatter | https://usonlinetools.com/developer/online-json-validator | https://usonlinetools.com/developer/online-json-to-csv | https://usonlinetools.com/developer/csv-to-json-converter | https://usonlinetools.com/developer/json-minifier | https://usonlinetools.com/developer/online-html-formatter","2"
"https://usonlinetools.com/developer/text-diff-checker","Text Diff Checker","tool_page","developer","https://usonlinetools.com/category/developer","Home > Developer Tools > Text Diff Checker","https://usonlinetools.com/developer/online-json-formatter | https://usonlinetools.com/developer/online-json-validator | https://usonlinetools.com/developer/online-json-to-csv | https://usonlinetools.com/developer/csv-to-json-converter | https://usonlinetools.com/developer/json-minifier | https://usonlinetools.com/developer/online-html-formatter","2"
"https://usonlinetools.com/developer/url-slug-generator","URL Slug Generator","tool_page","developer","https://usonlinetools.com/category/developer","Home > Developer Tools > URL Slug Generator","https://usonlinetools.com/developer/online-json-formatter | https://usonlinetools.com/developer/online-json-validator | https://usonlinetools.com/developer/online-json-to-csv | https://usonlinetools.com/developer/csv-to-json-converter | https://usonlinetools.com/developer/json-minifier | https://usonlinetools.com/developer/online-html-formatter","2"
"https://usonlinetools.com/developer/cron-expression-generator","Cron Expression Generator","tool_page","developer","https://usonlinetools.com/category/developer","Home > Developer Tools > Cron Expression Generator","https://usonlinetools.com/developer/online-json-formatter | https://usonlinetools.com/developer/online-json-validator | https://usonlinetools.com/developer/online-json-to-csv | https://usonlinetools.com/developer/csv-to-json-converter | https://usonlinetools.com/developer/json-minifier | https://usonlinetools.com/developer/online-html-formatter","2"
"https://usonlinetools.com/developer/online-unix-timestamp-converter","Online Unix Timestamp Converter","tool_page","developer","https://usonlinetools.com/category/developer","Home > Developer Tools > Online Unix Timestamp Converter","https://usonlinetools.com/developer/online-json-formatter | https://usonlinetools.com/developer/online-json-validator | https://usonlinetools.com/developer/online-json-to-csv | https://usonlinetools.com/developer/csv-to-json-converter | https://usonlinetools.com/developer/json-minifier | https://usonlinetools.com/developer/online-html-formatter","2"
"https://usonlinetools.com/developer/online-uuid-generator","Online UUID Generator","tool_page","developer","https://usonlinetools.com/category/developer","Home > Developer Tools > Online UUID Generator","https://usonlinetools.com/developer/online-json-formatter | https://usonlinetools.com/developer/online-json-validator | https://usonlinetools.com/developer/online-json-to-csv | https://usonlinetools.com/developer/csv-to-json-converter | https://usonlinetools.com/developer/json-minifier | https://usonlinetools.com/developer/online-html-formatter","2"
"https://usonlinetools.com/developer/online-lorem-ipsum-generator","Online Lorem Ipsum Generator","tool_page","developer","https://usonlinetools.com/category/developer","Home > Developer Tools > Online Lorem Ipsum Generator","https://usonlinetools.com/developer/online-json-formatter | https://usonlinetools.com/developer/online-json-validator | https://usonlinetools.com/developer/online-json-to-csv | https://usonlinetools.com/developer/csv-to-json-converter | https://usonlinetools.com/developer/json-minifier | https://usonlinetools.com/developer/online-html-formatter","2"
"https://usonlinetools.com/developer/color-code-converter","Color Code Converter","tool_page","developer","https://usonlinetools.com/category/developer","Home > Developer Tools > Color Code Converter","https://usonlinetools.com/developer/online-json-formatter | https://usonlinetools.com/developer/online-json-validator | https://usonlinetools.com/developer/online-json-to-csv | https://usonlinetools.com/developer/csv-to-json-converter | https://usonlinetools.com/developer/json-minifier | https://usonlinetools.com/developer/online-html-formatter","2"
"https://usonlinetools.com/developer/online-hash-generator","Hash Generator (MD5, SHA)","tool_page","developer","https://usonlinetools.com/category/developer","Home > Developer Tools > Hash Generator (MD5, SHA)","https://usonlinetools.com/developer/online-json-formatter | https://usonlinetools.com/developer/online-json-validator | https://usonlinetools.com/developer/online-json-to-csv | https://usonlinetools.com/developer/csv-to-json-converter | https://usonlinetools.com/developer/json-minifier | https://usonlinetools.com/developer/online-html-formatter","2"
"https://usonlinetools.com/developer/html-to-markdown","HTML to Markdown Converter","tool_page","developer","https://usonlinetools.com/category/developer","Home > Developer Tools > HTML to Markdown Converter","https://usonlinetools.com/developer/online-json-formatter | https://usonlinetools.com/developer/online-json-validator | https://usonlinetools.com/developer/online-json-to-csv | https://usonlinetools.com/developer/csv-to-json-converter | https://usonlinetools.com/developer/json-minifier | https://usonlinetools.com/developer/online-html-formatter","2"
"https://usonlinetools.com/developer/markdown-to-html","Markdown to HTML Converter","tool_page","developer","https://usonlinetools.com/category/developer","Home > Developer Tools > Markdown to HTML Converter","https://usonlinetools.com/developer/online-json-formatter | https://usonlinetools.com/developer/online-json-validator | https://usonlinetools.com/developer/online-json-to-csv | https://usonlinetools.com/developer/csv-to-json-converter | https://usonlinetools.com/developer/json-minifier | https://usonlinetools.com/developer/online-html-formatter","2"
"https://usonlinetools.com/developer/json-to-xml","JSON to XML Converter","tool_page","developer","https://usonlinetools.com/category/developer","Home > Developer Tools > JSON to XML Converter","https://usonlinetools.com/developer/online-json-formatter | https://usonlinetools.com/developer/online-json-validator | https://usonlinetools.com/developer/online-json-to-csv | https://usonlinetools.com/developer/csv-to-json-converter | https://usonlinetools.com/developer/json-minifier | https://usonlinetools.com/developer/online-html-formatter","2"
"https://usonlinetools.com/developer/yaml-to-json","YAML to JSON Converter","tool_page","developer","https://usonlinetools.com/category/developer","Home > Developer Tools > YAML to JSON Converter","https://usonlinetools.com/developer/online-json-formatter | https://usonlinetools.com/developer/online-json-validator | https://usonlinetools.com/developer/online-json-to-csv | https://usonlinetools.com/developer/csv-to-json-converter | https://usonlinetools.com/developer/json-minifier | https://usonlinetools.com/developer/online-html-formatter","2"
"https://usonlinetools.com/developer/string-escape-unescape","String Escape & Unescape","tool_page","developer","https://usonlinetools.com/category/developer","Home > Developer Tools > String Escape & Unescape","https://usonlinetools.com/developer/online-json-formatter | https://usonlinetools.com/developer/online-json-validator | https://usonlinetools.com/developer/online-json-to-csv | https://usonlinetools.com/developer/csv-to-json-converter | https://usonlinetools.com/developer/json-minifier | https://usonlinetools.com/developer/online-html-formatter","2"
"https://usonlinetools.com/developer/online-json-path-tester","JSONPath Tester","tool_page","developer","https://usonlinetools.com/category/developer","Home > Developer Tools > JSONPath Tester","https://usonlinetools.com/developer/online-json-formatter | https://usonlinetools.com/developer/online-json-validator | https://usonlinetools.com/developer/online-json-to-csv | https://usonlinetools.com/developer/csv-to-json-converter | https://usonlinetools.com/developer/json-minifier | https://usonlinetools.com/developer/online-html-formatter","2"
"https://usonlinetools.com/developer/text-to-binary-converter","Text to Binary Converter","tool_page","developer","https://usonlinetools.com/category/developer","Home > Developer Tools > Text to Binary Converter","https://usonlinetools.com/developer/online-json-formatter | https://usonlinetools.com/developer/online-json-validator | https://usonlinetools.com/developer/online-json-to-csv | https://usonlinetools.com/developer/csv-to-json-converter | https://usonlinetools.com/developer/json-minifier | https://usonlinetools.com/developer/online-html-formatter","2"
"https://usonlinetools.com/css-design/css-gradient-generator","CSS Gradient Generator","tool_page","css-design","https://usonlinetools.com/category/css-design","Home > CSS & Design Tools > CSS Gradient Generator","https://usonlinetools.com/css-design/css-box-shadow-generator | https://usonlinetools.com/css-design/css-text-shadow-generator | https://usonlinetools.com/css-design/css-border-radius-generator | https://usonlinetools.com/css-design/css-flexbox-generator | https://usonlinetools.com/css-design/css-grid-generator | https://usonlinetools.com/css-design/css-animation-generator","2"
"https://usonlinetools.com/css-design/css-box-shadow-generator","CSS Box Shadow Generator","tool_page","css-design","https://usonlinetools.com/category/css-design","Home > CSS & Design Tools > CSS Box Shadow Generator","https://usonlinetools.com/css-design/css-gradient-generator | https://usonlinetools.com/css-design/css-text-shadow-generator | https://usonlinetools.com/css-design/css-border-radius-generator | https://usonlinetools.com/css-design/css-flexbox-generator | https://usonlinetools.com/css-design/css-grid-generator | https://usonlinetools.com/css-design/css-animation-generator","2"
"https://usonlinetools.com/css-design/css-text-shadow-generator","CSS Text Shadow Generator","tool_page","css-design","https://usonlinetools.com/category/css-design","Home > CSS & Design Tools > CSS Text Shadow Generator","https://usonlinetools.com/css-design/css-gradient-generator | https://usonlinetools.com/css-design/css-box-shadow-generator | https://usonlinetools.com/css-design/css-border-radius-generator | https://usonlinetools.com/css-design/css-flexbox-generator | https://usonlinetools.com/css-design/css-grid-generator | https://usonlinetools.com/css-design/css-animation-generator","2"
"https://usonlinetools.com/css-design/css-border-radius-generator","CSS Border Radius Generator","tool_page","css-design","https://usonlinetools.com/category/css-design","Home > CSS & Design Tools > CSS Border Radius Generator","https://usonlinetools.com/css-design/css-gradient-generator | https://usonlinetools.com/css-design/css-box-shadow-generator | https://usonlinetools.com/css-design/css-text-shadow-generator | https://usonlinetools.com/css-design/css-flexbox-generator | https://usonlinetools.com/css-design/css-grid-generator | https://usonlinetools.com/css-design/css-animation-generator","2"
"https://usonlinetools.com/css-design/css-flexbox-generator","CSS Flexbox Generator","tool_page","css-design","https://usonlinetools.com/category/css-design","Home > CSS & Design Tools > CSS Flexbox Generator","https://usonlinetools.com/css-design/css-gradient-generator | https://usonlinetools.com/css-design/css-box-shadow-generator | https://usonlinetools.com/css-design/css-text-shadow-generator | https://usonlinetools.com/css-design/css-border-radius-generator | https://usonlinetools.com/css-design/css-grid-generator | https://usonlinetools.com/css-design/css-animation-generator","2"
"https://usonlinetools.com/css-design/css-grid-generator","CSS Grid Generator","tool_page","css-design","https://usonlinetools.com/category/css-design","Home > CSS & Design Tools > CSS Grid Generator","https://usonlinetools.com/css-design/css-gradient-generator | https://usonlinetools.com/css-design/css-box-shadow-generator | https://usonlinetools.com/css-design/css-text-shadow-generator | https://usonlinetools.com/css-design/css-border-radius-generator | https://usonlinetools.com/css-design/css-flexbox-generator | https://usonlinetools.com/css-design/css-animation-generator","2"
"https://usonlinetools.com/css-design/css-animation-generator","CSS Animation Generator","tool_page","css-design","https://usonlinetools.com/category/css-design","Home > CSS & Design Tools > CSS Animation Generator","https://usonlinetools.com/css-design/css-gradient-generator | https://usonlinetools.com/css-design/css-box-shadow-generator | https://usonlinetools.com/css-design/css-text-shadow-generator | https://usonlinetools.com/css-design/css-border-radius-generator | https://usonlinetools.com/css-design/css-flexbox-generator | https://usonlinetools.com/css-design/css-grid-generator","2"
"https://usonlinetools.com/css-design/css-clip-path-generator","CSS Clip-Path Generator","tool_page","css-design","https://usonlinetools.com/category/css-design","Home > CSS & Design Tools > CSS Clip-Path Generator","https://usonlinetools.com/css-design/css-gradient-generator | https://usonlinetools.com/css-design/css-box-shadow-generator | https://usonlinetools.com/css-design/css-text-shadow-generator | https://usonlinetools.com/css-design/css-border-radius-generator | https://usonlinetools.com/css-design/css-flexbox-generator | https://usonlinetools.com/css-design/css-grid-generator","2"
"https://usonlinetools.com/css-design/css-filter-generator","CSS Filter Generator","tool_page","css-design","https://usonlinetools.com/category/css-design","Home > CSS & Design Tools > CSS Filter Generator","https://usonlinetools.com/css-design/css-gradient-generator | https://usonlinetools.com/css-design/css-box-shadow-generator | https://usonlinetools.com/css-design/css-text-shadow-generator | https://usonlinetools.com/css-design/css-border-radius-generator | https://usonlinetools.com/css-design/css-flexbox-generator | https://usonlinetools.com/css-design/css-grid-generator","2"
"https://usonlinetools.com/css-design/color-palette-generator","Color Palette Generator","tool_page","css-design","https://usonlinetools.com/category/css-design","Home > CSS & Design Tools > Color Palette Generator","https://usonlinetools.com/css-design/css-gradient-generator | https://usonlinetools.com/css-design/css-box-shadow-generator | https://usonlinetools.com/css-design/css-text-shadow-generator | https://usonlinetools.com/css-design/css-border-radius-generator | https://usonlinetools.com/css-design/css-flexbox-generator | https://usonlinetools.com/css-design/css-grid-generator","2"
"https://usonlinetools.com/css-design/color-contrast-checker","Color Contrast Checker","tool_page","css-design","https://usonlinetools.com/category/css-design","Home > CSS & Design Tools > Color Contrast Checker","https://usonlinetools.com/css-design/css-gradient-generator | https://usonlinetools.com/css-design/css-box-shadow-generator | https://usonlinetools.com/css-design/css-text-shadow-generator | https://usonlinetools.com/css-design/css-border-radius-generator | https://usonlinetools.com/css-design/css-flexbox-generator | https://usonlinetools.com/css-design/css-grid-generator","2"
"https://usonlinetools.com/css-design/color-picker-tool","Color Picker","tool_page","css-design","https://usonlinetools.com/category/css-design","Home > CSS & Design Tools > Color Picker","https://usonlinetools.com/css-design/css-gradient-generator | https://usonlinetools.com/css-design/css-box-shadow-generator | https://usonlinetools.com/css-design/css-text-shadow-generator | https://usonlinetools.com/css-design/css-border-radius-generator | https://usonlinetools.com/css-design/css-flexbox-generator | https://usonlinetools.com/css-design/css-grid-generator","2"
"https://usonlinetools.com/css-design/hex-to-rgb-converter","HEX to RGB Converter","tool_page","css-design","https://usonlinetools.com/category/css-design","Home > CSS & Design Tools > HEX to RGB Converter","https://usonlinetools.com/css-design/css-gradient-generator | https://usonlinetools.com/css-design/css-box-shadow-generator | https://usonlinetools.com/css-design/css-text-shadow-generator | https://usonlinetools.com/css-design/css-border-radius-generator | https://usonlinetools.com/css-design/css-flexbox-generator | https://usonlinetools.com/css-design/css-grid-generator","2"
"https://usonlinetools.com/css-design/rgb-to-hex-converter","RGB to HEX Converter","tool_page","css-design","https://usonlinetools.com/category/css-design","Home > CSS & Design Tools > RGB to HEX Converter","https://usonlinetools.com/css-design/css-gradient-generator | https://usonlinetools.com/css-design/css-box-shadow-generator | https://usonlinetools.com/css-design/css-text-shadow-generator | https://usonlinetools.com/css-design/css-border-radius-generator | https://usonlinetools.com/css-design/css-flexbox-generator | https://usonlinetools.com/css-design/css-grid-generator","2"
"https://usonlinetools.com/css-design/tailwind-color-generator","Tailwind CSS Color Generator","tool_page","css-design","https://usonlinetools.com/category/css-design","Home > CSS & Design Tools > Tailwind CSS Color Generator","https://usonlinetools.com/css-design/css-gradient-generator | https://usonlinetools.com/css-design/css-box-shadow-generator | https://usonlinetools.com/css-design/css-text-shadow-generator | https://usonlinetools.com/css-design/css-border-radius-generator | https://usonlinetools.com/css-design/css-flexbox-generator | https://usonlinetools.com/css-design/css-grid-generator","2"
"https://usonlinetools.com/css-design/glassmorphism-generator","Glassmorphism Generator","tool_page","css-design","https://usonlinetools.com/category/css-design","Home > CSS & Design Tools > Glassmorphism Generator","https://usonlinetools.com/css-design/css-gradient-generator | https://usonlinetools.com/css-design/css-box-shadow-generator | https://usonlinetools.com/css-design/css-text-shadow-generator | https://usonlinetools.com/css-design/css-border-radius-generator | https://usonlinetools.com/css-design/css-flexbox-generator | https://usonlinetools.com/css-design/css-grid-generator","2"
"https://usonlinetools.com/css-design/neumorphism-generator","Neumorphism Generator","tool_page","css-design","https://usonlinetools.com/category/css-design","Home > CSS & Design Tools > Neumorphism Generator","https://usonlinetools.com/css-design/css-gradient-generator | https://usonlinetools.com/css-design/css-box-shadow-generator | https://usonlinetools.com/css-design/css-text-shadow-generator | https://usonlinetools.com/css-design/css-border-radius-generator | https://usonlinetools.com/css-design/css-flexbox-generator | https://usonlinetools.com/css-design/css-grid-generator","2"
"https://usonlinetools.com/css-design/css-triangle-generator","CSS Triangle Generator","tool_page","css-design","https://usonlinetools.com/category/css-design","Home > CSS & Design Tools > CSS Triangle Generator","https://usonlinetools.com/css-design/css-gradient-generator | https://usonlinetools.com/css-design/css-box-shadow-generator | https://usonlinetools.com/css-design/css-text-shadow-generator | https://usonlinetools.com/css-design/css-border-radius-generator | https://usonlinetools.com/css-design/css-flexbox-generator | https://usonlinetools.com/css-design/css-grid-generator","2"
"https://usonlinetools.com/seo/meta-tag-generator","Meta Tag Generator","tool_page","seo","https://usonlinetools.com/category/seo","Home > SEO Tools > Meta Tag Generator","https://usonlinetools.com/seo/open-graph-generator | https://usonlinetools.com/seo/twitter-card-generator | https://usonlinetools.com/seo/online-robots-txt-generator | https://usonlinetools.com/seo/online-sitemap-generator | https://usonlinetools.com/seo/online-keyword-density-checker | https://usonlinetools.com/seo/serp-preview-tool","2"
"https://usonlinetools.com/seo/open-graph-generator","Open Graph Tag Generator","tool_page","seo","https://usonlinetools.com/category/seo","Home > SEO Tools > Open Graph Tag Generator","https://usonlinetools.com/seo/meta-tag-generator | https://usonlinetools.com/seo/twitter-card-generator | https://usonlinetools.com/seo/online-robots-txt-generator | https://usonlinetools.com/seo/online-sitemap-generator | https://usonlinetools.com/seo/online-keyword-density-checker | https://usonlinetools.com/seo/serp-preview-tool","2"
"https://usonlinetools.com/seo/twitter-card-generator","Twitter Card Generator","tool_page","seo","https://usonlinetools.com/category/seo","Home > SEO Tools > Twitter Card Generator","https://usonlinetools.com/seo/meta-tag-generator | https://usonlinetools.com/seo/open-graph-generator | https://usonlinetools.com/seo/online-robots-txt-generator | https://usonlinetools.com/seo/online-sitemap-generator | https://usonlinetools.com/seo/online-keyword-density-checker | https://usonlinetools.com/seo/serp-preview-tool","2"
"https://usonlinetools.com/seo/online-robots-txt-generator","Robots.txt Generator","tool_page","seo","https://usonlinetools.com/category/seo","Home > SEO Tools > Robots.txt Generator","https://usonlinetools.com/seo/meta-tag-generator | https://usonlinetools.com/seo/open-graph-generator | https://usonlinetools.com/seo/twitter-card-generator | https://usonlinetools.com/seo/online-sitemap-generator | https://usonlinetools.com/seo/online-keyword-density-checker | https://usonlinetools.com/seo/serp-preview-tool","2"
"https://usonlinetools.com/seo/online-sitemap-generator","XML Sitemap Generator","tool_page","seo","https://usonlinetools.com/category/seo","Home > SEO Tools > XML Sitemap Generator","https://usonlinetools.com/seo/meta-tag-generator | https://usonlinetools.com/seo/open-graph-generator | https://usonlinetools.com/seo/twitter-card-generator | https://usonlinetools.com/seo/online-robots-txt-generator | https://usonlinetools.com/seo/online-keyword-density-checker | https://usonlinetools.com/seo/serp-preview-tool","2"
"https://usonlinetools.com/seo/online-keyword-density-checker","Keyword Density Checker","tool_page","seo","https://usonlinetools.com/category/seo","Home > SEO Tools > Keyword Density Checker","https://usonlinetools.com/seo/meta-tag-generator | https://usonlinetools.com/seo/open-graph-generator | https://usonlinetools.com/seo/twitter-card-generator | https://usonlinetools.com/seo/online-robots-txt-generator | https://usonlinetools.com/seo/online-sitemap-generator | https://usonlinetools.com/seo/serp-preview-tool","2"
"https://usonlinetools.com/seo/serp-preview-tool","Google SERP Preview","tool_page","seo","https://usonlinetools.com/category/seo","Home > SEO Tools > Google SERP Preview","https://usonlinetools.com/seo/meta-tag-generator | https://usonlinetools.com/seo/open-graph-generator | https://usonlinetools.com/seo/twitter-card-generator | https://usonlinetools.com/seo/online-robots-txt-generator | https://usonlinetools.com/seo/online-sitemap-generator | https://usonlinetools.com/seo/online-keyword-density-checker","2"
"https://usonlinetools.com/seo/schema-markup-generator","Schema Markup Generator","tool_page","seo","https://usonlinetools.com/category/seo","Home > SEO Tools > Schema Markup Generator","https://usonlinetools.com/seo/meta-tag-generator | https://usonlinetools.com/seo/open-graph-generator | https://usonlinetools.com/seo/twitter-card-generator | https://usonlinetools.com/seo/online-robots-txt-generator | https://usonlinetools.com/seo/online-sitemap-generator | https://usonlinetools.com/seo/online-keyword-density-checker","2"
"https://usonlinetools.com/seo/canonical-tag-generator","Canonical Tag Generator","tool_page","seo","https://usonlinetools.com/category/seo","Home > SEO Tools > Canonical Tag Generator","https://usonlinetools.com/seo/meta-tag-generator | https://usonlinetools.com/seo/open-graph-generator | https://usonlinetools.com/seo/twitter-card-generator | https://usonlinetools.com/seo/online-robots-txt-generator | https://usonlinetools.com/seo/online-sitemap-generator | https://usonlinetools.com/seo/online-keyword-density-checker","2"
"https://usonlinetools.com/seo/htaccess-redirect-generator",".htaccess Redirect Generator","tool_page","seo","https://usonlinetools.com/category/seo","Home > SEO Tools > .htaccess Redirect Generator","https://usonlinetools.com/seo/meta-tag-generator | https://usonlinetools.com/seo/open-graph-generator | https://usonlinetools.com/seo/twitter-card-generator | https://usonlinetools.com/seo/online-robots-txt-generator | https://usonlinetools.com/seo/online-sitemap-generator | https://usonlinetools.com/seo/online-keyword-density-checker","2"
"https://usonlinetools.com/seo/online-readability-checker","Readability Score Checker","tool_page","seo","https://usonlinetools.com/category/seo","Home > SEO Tools > Readability Score Checker","https://usonlinetools.com/seo/meta-tag-generator | https://usonlinetools.com/seo/open-graph-generator | https://usonlinetools.com/seo/twitter-card-generator | https://usonlinetools.com/seo/online-robots-txt-generator | https://usonlinetools.com/seo/online-sitemap-generator | https://usonlinetools.com/seo/online-keyword-density-checker","2"
"https://usonlinetools.com/seo/online-heading-tag-checker","HTML Heading Tag Checker","tool_page","seo","https://usonlinetools.com/category/seo","Home > SEO Tools > HTML Heading Tag Checker","https://usonlinetools.com/seo/meta-tag-generator | https://usonlinetools.com/seo/open-graph-generator | https://usonlinetools.com/seo/twitter-card-generator | https://usonlinetools.com/seo/online-robots-txt-generator | https://usonlinetools.com/seo/online-sitemap-generator | https://usonlinetools.com/seo/online-keyword-density-checker","2"
"https://usonlinetools.com/seo/favicon-checker","Favicon Code Generator","tool_page","seo","https://usonlinetools.com/category/seo","Home > SEO Tools > Favicon Code Generator","https://usonlinetools.com/seo/meta-tag-generator | https://usonlinetools.com/seo/open-graph-generator | https://usonlinetools.com/seo/twitter-card-generator | https://usonlinetools.com/seo/online-robots-txt-generator | https://usonlinetools.com/seo/online-sitemap-generator | https://usonlinetools.com/seo/online-keyword-density-checker","2"
"https://usonlinetools.com/security/online-password-generator","Password Generator","tool_page","security","https://usonlinetools.com/category/security","Home > Security & Encryption > Password Generator","https://usonlinetools.com/security/password-strength-checker | https://usonlinetools.com/security/md5-hash-generator | https://usonlinetools.com/security/sha256-hash-generator | https://usonlinetools.com/security/sha1-hash-generator | https://usonlinetools.com/security/sha512-hash-generator | https://usonlinetools.com/security/online-bcrypt-hash-generator","2"
"https://usonlinetools.com/security/password-strength-checker","Password Strength Checker","tool_page","security","https://usonlinetools.com/category/security","Home > Security & Encryption > Password Strength Checker","https://usonlinetools.com/security/online-password-generator | https://usonlinetools.com/security/md5-hash-generator | https://usonlinetools.com/security/sha256-hash-generator | https://usonlinetools.com/security/sha1-hash-generator | https://usonlinetools.com/security/sha512-hash-generator | https://usonlinetools.com/security/online-bcrypt-hash-generator","2"
"https://usonlinetools.com/security/md5-hash-generator","MD5 Hash Generator","tool_page","security","https://usonlinetools.com/category/security","Home > Security & Encryption > MD5 Hash Generator","https://usonlinetools.com/security/online-password-generator | https://usonlinetools.com/security/password-strength-checker | https://usonlinetools.com/security/sha256-hash-generator | https://usonlinetools.com/security/sha1-hash-generator | https://usonlinetools.com/security/sha512-hash-generator | https://usonlinetools.com/security/online-bcrypt-hash-generator","2"
"https://usonlinetools.com/security/sha256-hash-generator","SHA-256 Hash Generator","tool_page","security","https://usonlinetools.com/category/security","Home > Security & Encryption > SHA-256 Hash Generator","https://usonlinetools.com/security/online-password-generator | https://usonlinetools.com/security/password-strength-checker | https://usonlinetools.com/security/md5-hash-generator | https://usonlinetools.com/security/sha1-hash-generator | https://usonlinetools.com/security/sha512-hash-generator | https://usonlinetools.com/security/online-bcrypt-hash-generator","2"
"https://usonlinetools.com/security/sha1-hash-generator","SHA-1 Hash Generator","tool_page","security","https://usonlinetools.com/category/security","Home > Security & Encryption > SHA-1 Hash Generator","https://usonlinetools.com/security/online-password-generator | https://usonlinetools.com/security/password-strength-checker | https://usonlinetools.com/security/md5-hash-generator | https://usonlinetools.com/security/sha256-hash-generator | https://usonlinetools.com/security/sha512-hash-generator | https://usonlinetools.com/security/online-bcrypt-hash-generator","2"
"https://usonlinetools.com/security/sha512-hash-generator","SHA-512 Hash Generator","tool_page","security","https://usonlinetools.com/category/security","Home > Security & Encryption > SHA-512 Hash Generator","https://usonlinetools.com/security/online-password-generator | https://usonlinetools.com/security/password-strength-checker | https://usonlinetools.com/security/md5-hash-generator | https://usonlinetools.com/security/sha256-hash-generator | https://usonlinetools.com/security/sha1-hash-generator | https://usonlinetools.com/security/online-bcrypt-hash-generator","2"
"https://usonlinetools.com/security/online-bcrypt-hash-generator","Bcrypt Hash Generator","tool_page","security","https://usonlinetools.com/category/security","Home > Security & Encryption > Bcrypt Hash Generator","https://usonlinetools.com/security/online-password-generator | https://usonlinetools.com/security/password-strength-checker | https://usonlinetools.com/security/md5-hash-generator | https://usonlinetools.com/security/sha256-hash-generator | https://usonlinetools.com/security/sha1-hash-generator | https://usonlinetools.com/security/sha512-hash-generator","2"
"https://usonlinetools.com/security/online-aes-encrypt-decrypt","AES Encrypt & Decrypt","tool_page","security","https://usonlinetools.com/category/security","Home > Security & Encryption > AES Encrypt & Decrypt","https://usonlinetools.com/security/online-password-generator | https://usonlinetools.com/security/password-strength-checker | https://usonlinetools.com/security/md5-hash-generator | https://usonlinetools.com/security/sha256-hash-generator | https://usonlinetools.com/security/sha1-hash-generator | https://usonlinetools.com/security/sha512-hash-generator","2"
"https://usonlinetools.com/security/rsa-key-generator","RSA Key Pair Generator","tool_page","security","https://usonlinetools.com/category/security","Home > Security & Encryption > RSA Key Pair Generator","https://usonlinetools.com/security/online-password-generator | https://usonlinetools.com/security/password-strength-checker | https://usonlinetools.com/security/md5-hash-generator | https://usonlinetools.com/security/sha256-hash-generator | https://usonlinetools.com/security/sha1-hash-generator | https://usonlinetools.com/security/sha512-hash-generator","2"
"https://usonlinetools.com/security/hmac-generator","HMAC Generator","tool_page","security","https://usonlinetools.com/category/security","Home > Security & Encryption > HMAC Generator","https://usonlinetools.com/security/online-password-generator | https://usonlinetools.com/security/password-strength-checker | https://usonlinetools.com/security/md5-hash-generator | https://usonlinetools.com/security/sha256-hash-generator | https://usonlinetools.com/security/sha1-hash-generator | https://usonlinetools.com/security/sha512-hash-generator","2"
"https://usonlinetools.com/security/random-string-generator","Random String Generator","tool_page","security","https://usonlinetools.com/category/security","Home > Security & Encryption > Random String Generator","https://usonlinetools.com/security/online-password-generator | https://usonlinetools.com/security/password-strength-checker | https://usonlinetools.com/security/md5-hash-generator | https://usonlinetools.com/security/sha256-hash-generator | https://usonlinetools.com/security/sha1-hash-generator | https://usonlinetools.com/security/sha512-hash-generator","2"
"https://usonlinetools.com/security/encryption-decoder","Caesar Cipher Tool","tool_page","security","https://usonlinetools.com/category/security","Home > Security & Encryption > Caesar Cipher Tool","https://usonlinetools.com/security/online-password-generator | https://usonlinetools.com/security/password-strength-checker | https://usonlinetools.com/security/md5-hash-generator | https://usonlinetools.com/security/sha256-hash-generator | https://usonlinetools.com/security/sha1-hash-generator | https://usonlinetools.com/security/sha512-hash-generator","2"
"https://usonlinetools.com/security/binary-to-text","Binary to Text Converter","tool_page","security","https://usonlinetools.com/category/security","Home > Security & Encryption > Binary to Text Converter","https://usonlinetools.com/security/online-password-generator | https://usonlinetools.com/security/password-strength-checker | https://usonlinetools.com/security/md5-hash-generator | https://usonlinetools.com/security/sha256-hash-generator | https://usonlinetools.com/security/sha1-hash-generator | https://usonlinetools.com/security/sha512-hash-generator","2"
"https://usonlinetools.com/security/hex-to-text","Hex to Text Converter","tool_page","security","https://usonlinetools.com/category/security","Home > Security & Encryption > Hex to Text Converter","https://usonlinetools.com/security/online-password-generator | https://usonlinetools.com/security/password-strength-checker | https://usonlinetools.com/security/md5-hash-generator | https://usonlinetools.com/security/sha256-hash-generator | https://usonlinetools.com/security/sha1-hash-generator | https://usonlinetools.com/security/sha512-hash-generator","2"
"https://usonlinetools.com/security/online-morse-code-translator","Morse Code Translator","tool_page","security","https://usonlinetools.com/category/security","Home > Security & Encryption > Morse Code Translator","https://usonlinetools.com/security/online-password-generator | https://usonlinetools.com/security/password-strength-checker | https://usonlinetools.com/security/md5-hash-generator | https://usonlinetools.com/security/sha256-hash-generator | https://usonlinetools.com/security/sha1-hash-generator | https://usonlinetools.com/security/sha512-hash-generator","2"
"https://usonlinetools.com/social-media/twitter-character-counter","Twitter/X Character Counter","tool_page","social-media","https://usonlinetools.com/category/social-media","Home > Social Media Tools > Twitter/X Character Counter","https://usonlinetools.com/social-media/online-instagram-caption-counter | https://usonlinetools.com/social-media/online-social-media-image-resizer | https://usonlinetools.com/social-media/youtube-thumbnail-checker | https://usonlinetools.com/social-media/emoji-picker-and-copier | https://usonlinetools.com/social-media/text-to-emoji-converter | https://usonlinetools.com/social-media/online-linkedin-post-formatter","2"
"https://usonlinetools.com/social-media/online-instagram-caption-counter","Instagram Caption Counter","tool_page","social-media","https://usonlinetools.com/category/social-media","Home > Social Media Tools > Instagram Caption Counter","https://usonlinetools.com/social-media/twitter-character-counter | https://usonlinetools.com/social-media/online-social-media-image-resizer | https://usonlinetools.com/social-media/youtube-thumbnail-checker | https://usonlinetools.com/social-media/emoji-picker-and-copier | https://usonlinetools.com/social-media/text-to-emoji-converter | https://usonlinetools.com/social-media/online-linkedin-post-formatter","2"
"https://usonlinetools.com/social-media/online-social-media-image-resizer","Social Media Image Resizer","tool_page","social-media","https://usonlinetools.com/category/social-media","Home > Social Media Tools > Social Media Image Resizer","https://usonlinetools.com/social-media/twitter-character-counter | https://usonlinetools.com/social-media/online-instagram-caption-counter | https://usonlinetools.com/social-media/youtube-thumbnail-checker | https://usonlinetools.com/social-media/emoji-picker-and-copier | https://usonlinetools.com/social-media/text-to-emoji-converter | https://usonlinetools.com/social-media/online-linkedin-post-formatter","2"
"https://usonlinetools.com/social-media/youtube-thumbnail-checker","YouTube Thumbnail Checker","tool_page","social-media","https://usonlinetools.com/category/social-media","Home > Social Media Tools > YouTube Thumbnail Checker","https://usonlinetools.com/social-media/twitter-character-counter | https://usonlinetools.com/social-media/online-instagram-caption-counter | https://usonlinetools.com/social-media/online-social-media-image-resizer | https://usonlinetools.com/social-media/emoji-picker-and-copier | https://usonlinetools.com/social-media/text-to-emoji-converter | https://usonlinetools.com/social-media/online-linkedin-post-formatter","2"
"https://usonlinetools.com/social-media/emoji-picker-and-copier","Emoji Picker & Copier","tool_page","social-media","https://usonlinetools.com/category/social-media","Home > Social Media Tools > Emoji Picker & Copier","https://usonlinetools.com/social-media/twitter-character-counter | https://usonlinetools.com/social-media/online-instagram-caption-counter | https://usonlinetools.com/social-media/online-social-media-image-resizer | https://usonlinetools.com/social-media/youtube-thumbnail-checker | https://usonlinetools.com/social-media/text-to-emoji-converter | https://usonlinetools.com/social-media/online-linkedin-post-formatter","2"
"https://usonlinetools.com/social-media/text-to-emoji-converter","Text to Emoji Converter","tool_page","social-media","https://usonlinetools.com/category/social-media","Home > Social Media Tools > Text to Emoji Converter","https://usonlinetools.com/social-media/twitter-character-counter | https://usonlinetools.com/social-media/online-instagram-caption-counter | https://usonlinetools.com/social-media/online-social-media-image-resizer | https://usonlinetools.com/social-media/youtube-thumbnail-checker | https://usonlinetools.com/social-media/emoji-picker-and-copier | https://usonlinetools.com/social-media/online-linkedin-post-formatter","2"
"https://usonlinetools.com/social-media/online-linkedin-post-formatter","LinkedIn Post Formatter","tool_page","social-media","https://usonlinetools.com/category/social-media","Home > Social Media Tools > LinkedIn Post Formatter","https://usonlinetools.com/social-media/twitter-character-counter | https://usonlinetools.com/social-media/online-instagram-caption-counter | https://usonlinetools.com/social-media/online-social-media-image-resizer | https://usonlinetools.com/social-media/youtube-thumbnail-checker | https://usonlinetools.com/social-media/emoji-picker-and-copier | https://usonlinetools.com/social-media/text-to-emoji-converter","2"
"https://usonlinetools.com/social-media/social-media-bio-generator","Social Media Bio Generator","tool_page","social-media","https://usonlinetools.com/category/social-media","Home > Social Media Tools > Social Media Bio Generator","https://usonlinetools.com/social-media/twitter-character-counter | https://usonlinetools.com/social-media/online-instagram-caption-counter | https://usonlinetools.com/social-media/online-social-media-image-resizer | https://usonlinetools.com/social-media/youtube-thumbnail-checker | https://usonlinetools.com/social-media/emoji-picker-and-copier | https://usonlinetools.com/social-media/text-to-emoji-converter","2"
"https://usonlinetools.com/social-media/unicode-text-converter","Unicode Text Converter","tool_page","social-media","https://usonlinetools.com/category/social-media","Home > Social Media Tools > Unicode Text Converter","https://usonlinetools.com/social-media/twitter-character-counter | https://usonlinetools.com/social-media/online-instagram-caption-counter | https://usonlinetools.com/social-media/online-social-media-image-resizer | https://usonlinetools.com/social-media/youtube-thumbnail-checker | https://usonlinetools.com/social-media/emoji-picker-and-copier | https://usonlinetools.com/social-media/text-to-emoji-converter","2"
"https://usonlinetools.com/social-media/tiktok-character-counter","TikTok Caption Counter","tool_page","social-media","https://usonlinetools.com/category/social-media","Home > Social Media Tools > TikTok Caption Counter","https://usonlinetools.com/social-media/twitter-character-counter | https://usonlinetools.com/social-media/online-instagram-caption-counter | https://usonlinetools.com/social-media/online-social-media-image-resizer | https://usonlinetools.com/social-media/youtube-thumbnail-checker | https://usonlinetools.com/social-media/emoji-picker-and-copier | https://usonlinetools.com/social-media/text-to-emoji-converter","2"
"https://usonlinetools.com/social-media/online-social-post-scheduler-planner","Social Post Planner","tool_page","social-media","https://usonlinetools.com/category/social-media","Home > Social Media Tools > Social Post Planner","https://usonlinetools.com/social-media/twitter-character-counter | https://usonlinetools.com/social-media/online-instagram-caption-counter | https://usonlinetools.com/social-media/online-social-media-image-resizer | https://usonlinetools.com/social-media/youtube-thumbnail-checker | https://usonlinetools.com/social-media/emoji-picker-and-copier | https://usonlinetools.com/social-media/text-to-emoji-converter","2"
