"url","source","type","category","indexability","canonical","status","notes"
"/","src/App.tsx","homepage","","INDEX","https://usonlinetools.com","200","Canonical Homepage"
"/about","src/App.tsx","trust","","INDEX","https://usonlinetools.com/about","200","About & Mission page"
"/privacy-policy","src/App.tsx","trust","","INDEX","https://usonlinetools.com/privacy-policy","200","Privacy Policy page"
"/terms-of-service","src/App.tsx","trust","","INDEX","https://usonlinetools.com/terms-of-service","200","Terms of Service page"
"/404.html","scripts/build-static-seo-pages.cjs","error","","NOINDEX","","404","Custom 404 Error page"
"/category/math","src/App.tsx","category","Math & Calculators","INDEX","https://usonlinetools.com/category/math","200","Topical Category Hub (30 tools)"
"/category/finance","src/App.tsx","category","Finance & Cost","INDEX","https://usonlinetools.com/category/finance","200","Topical Category Hub (40 tools)"
"/category/conversion","src/App.tsx","category","Conversion Tools","INDEX","https://usonlinetools.com/category/conversion","200","Topical Category Hub (32 tools)"
"/category/time-date","src/App.tsx","category","Time & Date","INDEX","https://usonlinetools.com/category/time-date","200","Topical Category Hub (32 tools)"
"/category/health","src/App.tsx","category","Health & Fitness","INDEX","https://usonlinetools.com/category/health","200","Topical Category Hub (34 tools)"
"/category/construction","src/App.tsx","category","Construction & DIY","INDEX","https://usonlinetools.com/category/construction","200","Topical Category Hub (34 tools)"
"/category/productivity","src/App.tsx","category","Productivity & Text","INDEX","https://usonlinetools.com/category/productivity","200","Topical Category Hub (25 tools)"
"/category/education","src/App.tsx","category","Student & Education","INDEX","https://usonlinetools.com/category/education","200","Topical Category Hub (31 tools)"
"/category/gaming","src/App.tsx","category","Gaming Calculators","INDEX","https://usonlinetools.com/category/gaming","200","Topical Category Hub (16 tools)"
"/category/image","src/App.tsx","category","Image Tools","INDEX","https://usonlinetools.com/category/image","200","Topical Category Hub (20 tools)"
"/category/pdf","src/App.tsx","category","PDF Tools","INDEX","https://usonlinetools.com/category/pdf","200","Topical Category Hub (16 tools)"
"/category/developer","src/App.tsx","category","Developer Tools","INDEX","https://usonlinetools.com/category/developer","200","Topical Category Hub (33 tools)"
"/category/css-design","src/App.tsx","category","CSS & Design Tools","INDEX","https://usonlinetools.com/category/css-design","200","Topical Category Hub (18 tools)"
"/category/seo","src/App.tsx","category","SEO Tools","INDEX","https://usonlinetools.com/category/seo","200","Topical Category Hub (13 tools)"
"/category/security","src/App.tsx","category","Security & Encryption","INDEX","https://usonlinetools.com/category/security","200","Topical Category Hub (15 tools)"
"/category/social-media","src/App.tsx","category","Social Media Tools","INDEX","https://usonlinetools.com/category/social-media","200","Topical Category Hub (11 tools)"
"/yuzde-hesaplama","src/App.tsx","localized_tool","","INDEX","https://usonlinetools.com/yuzde-hesaplama","200","Fully localized hero tool page"
"/ar/hesab-alomr","src/App.tsx","localized_tool","","INDEX","https://usonlinetools.com/ar/hesab-alomr","200","Fully localized hero tool page"
"/ar/tahweel-altareekh","src/App.tsx","localized_tool","","INDEX","https://usonlinetools.com/ar/tahweel-altareekh","200","Fully localized hero tool page"
"/calculadora-juros-compostos","src/App.tsx","localized_tool","","INDEX","https://usonlinetools.com/calculadora-juros-compostos","200","Fully localized hero tool page"
"/kalkulator-umur","src/App.tsx","localized_tool","","INDEX","https://usonlinetools.com/kalkulator-umur","200","Fully localized hero tool page"
"/kdv-hesaplama","src/App.tsx","localized_tool","","INDEX","https://usonlinetools.com/kdv-hesaplama","200","Fully localized hero tool page"
"/calculo-rescisao","src/App.tsx","localized_tool","","INDEX","https://usonlinetools.com/calculo-rescisao","200","Fully localized hero tool page"
"/calculo-ferias","src/App.tsx","localized_tool","","INDEX","https://usonlinetools.com/calculo-ferias","200","Fully localized hero tool page"
"/kidem-tazminati-hesaplama","src/App.tsx","localized_tool","","INDEX","https://usonlinetools.com/kidem-tazminati-hesaplama","200","Fully localized hero tool page"
"/kalkulator-vat","src/App.tsx","localized_tool","","INDEX","https://usonlinetools.com/kalkulator-vat","200","Fully localized hero tool page"
"/math/online-percentage-calculator","src/data/tools.ts","tool","Math & Calculators","INDEX","https://usonlinetools.com/math/online-percentage-calculator","200","Canonical Tool page (Percentage Calculator)"
"/math/fraction-to-decimal-calculator","src/data/tools.ts","tool","Math & Calculators","INDEX","https://usonlinetools.com/math/fraction-to-decimal-calculator","200","Canonical Tool page (Fraction to Decimal Calculator)"
"/math/decimal-to-fraction-calculator","src/data/tools.ts","tool","Math & Calculators","INDEX","https://usonlinetools.com/math/decimal-to-fraction-calculator","200","Canonical Tool page (Decimal to Fraction Calculator)"
"/math/ratio-calculator","src/data/tools.ts","tool","Math & Calculators","INDEX","https://usonlinetools.com/math/ratio-calculator","200","Canonical Tool page (Ratio Calculator)"
"/math/average-calculator","src/data/tools.ts","tool","Math & Calculators","INDEX","https://usonlinetools.com/math/average-calculator","200","Canonical Tool page (Average Calculator)"
"/math/online-scientific-calculator","src/data/tools.ts","tool","Math & Calculators","INDEX","https://usonlinetools.com/math/online-scientific-calculator","200","Canonical Tool page (Scientific Calculator)"
"/math/online-standard-deviation-calculator","src/data/tools.ts","tool","Math & Calculators","INDEX","https://usonlinetools.com/math/online-standard-deviation-calculator","200","Canonical Tool page (Standard Deviation Calculator)"
"/math/square-root-calculator","src/data/tools.ts","tool","Math & Calculators","INDEX","https://usonlinetools.com/math/square-root-calculator","200","Canonical Tool page (Square Root Calculator)"
"/math/cube-root-calculator","src/data/tools.ts","tool","Math & Calculators","INDEX","https://usonlinetools.com/math/cube-root-calculator","200","Canonical Tool page (Cube Root Calculator)"
"/math/power-calculator","src/data/tools.ts","tool","Math & Calculators","INDEX","https://usonlinetools.com/math/power-calculator","200","Canonical Tool page (Power Calculator)"
"/math/logarithm-calculator","src/data/tools.ts","tool","Math & Calculators","INDEX","https://usonlinetools.com/math/logarithm-calculator","200","Canonical Tool page (Logarithm Calculator)"
"/math/factorial-calculator","src/data/tools.ts","tool","Math & Calculators","INDEX","https://usonlinetools.com/math/factorial-calculator","200","Canonical Tool page (Factorial Calculator)"
"/math/prime-number-checker","src/data/tools.ts","tool","Math & Calculators","INDEX","https://usonlinetools.com/math/prime-number-checker","200","Canonical Tool page (Prime Number Checker)"
"/math/online-lcm-calculator","src/data/tools.ts","tool","Math & Calculators","INDEX","https://usonlinetools.com/math/online-lcm-calculator","200","Canonical Tool page (LCM Calculator)"
"/math/online-gcd-calculator","src/data/tools.ts","tool","Math & Calculators","INDEX","https://usonlinetools.com/math/online-gcd-calculator","200","Canonical Tool page (GCD Calculator)"
"/math/random-number-generator","src/data/tools.ts","tool","Math & Calculators","INDEX","https://usonlinetools.com/math/random-number-generator","200","Canonical Tool page (Random Number Generator)"
"/math/mean-median-mode-calculator","src/data/tools.ts","tool","Math & Calculators","INDEX","https://usonlinetools.com/math/mean-median-mode-calculator","200","Canonical Tool page (Mean Median Mode Calculator)"
"/math/rounding-numbers-calculator","src/data/tools.ts","tool","Math & Calculators","INDEX","https://usonlinetools.com/math/rounding-numbers-calculator","200","Canonical Tool page (Rounding Numbers Calculator)"
"/math/exponents-calculator","src/data/tools.ts","tool","Math & Calculators","INDEX","https://usonlinetools.com/math/exponents-calculator","200","Canonical Tool page (Exponents Calculator)"
"/math/variance-calculator","src/data/tools.ts","tool","Math & Calculators","INDEX","https://usonlinetools.com/math/variance-calculator","200","Canonical Tool page (Variance Calculator)"
"/math/number-sequence-generator","src/data/tools.ts","tool","Math & Calculators","INDEX","https://usonlinetools.com/math/number-sequence-generator","200","Canonical Tool page (Number Sequence Generator)"
"/math/divisibility-checker","src/data/tools.ts","tool","Math & Calculators","INDEX","https://usonlinetools.com/math/divisibility-checker","200","Canonical Tool page (Divisibility Checker)"
"/math/online-matrix-calculator","src/data/tools.ts","tool","Math & Calculators","INDEX","https://usonlinetools.com/math/online-matrix-calculator","200","Canonical Tool page (Matrix Calculator)"
"/math/online-quadratic-equation-solver","src/data/tools.ts","tool","Math & Calculators","INDEX","https://usonlinetools.com/math/online-quadratic-equation-solver","200","Canonical Tool page (Quadratic Equation Solver)"
"/math/permutation-calculator","src/data/tools.ts","tool","Math & Calculators","INDEX","https://usonlinetools.com/math/permutation-calculator","200","Canonical Tool page (Permutation Calculator)"
"/math/combination-calculator","src/data/tools.ts","tool","Math & Calculators","INDEX","https://usonlinetools.com/math/combination-calculator","200","Canonical Tool page (Combination Calculator)"
"/math/modulo-calculator","src/data/tools.ts","tool","Math & Calculators","INDEX","https://usonlinetools.com/math/modulo-calculator","200","Canonical Tool page (Modulo Calculator)"
"/math/proportion-calculator","src/data/tools.ts","tool","Math & Calculators","INDEX","https://usonlinetools.com/math/proportion-calculator","200","Canonical Tool page (Proportion Calculator)"
"/math/percentage-error-calculator","src/data/tools.ts","tool","Math & Calculators","INDEX","https://usonlinetools.com/math/percentage-error-calculator","200","Canonical Tool page (Percentage Error Calculator)"
"/math/fraction-calculator","src/data/tools.ts","tool","Math & Calculators","INDEX","https://usonlinetools.com/math/fraction-calculator","200","Canonical Tool page (Fraction Calculator)"
"/finance/online-simple-interest-calculator","src/data/tools.ts","tool","Finance & Cost","INDEX","https://usonlinetools.com/finance/online-simple-interest-calculator","200","Canonical Tool page (Simple Interest Calculator)"
"/finance/online-compound-interest-calculator","src/data/tools.ts","tool","Finance & Cost","INDEX","https://usonlinetools.com/finance/online-compound-interest-calculator","200","Canonical Tool page (Compound Interest Calculator)"
"/finance/online-loan-emi-calculator","src/data/tools.ts","tool","Finance & Cost","INDEX","https://usonlinetools.com/finance/online-loan-emi-calculator","200","Canonical Tool page (Loan EMI Calculator)"
"/finance/discount-calculator","src/data/tools.ts","tool","Finance & Cost","INDEX","https://usonlinetools.com/finance/discount-calculator","200","Canonical Tool page (Discount Calculator)"
"/finance/profit-margin-calculator","src/data/tools.ts","tool","Finance & Cost","INDEX","https://usonlinetools.com/finance/profit-margin-calculator","200","Canonical Tool page (Profit Margin Calculator)"
"/finance/markup-calculator","src/data/tools.ts","tool","Finance & Cost","INDEX","https://usonlinetools.com/finance/markup-calculator","200","Canonical Tool page (Markup Calculator)"
"/finance/break-even-calculator","src/data/tools.ts","tool","Finance & Cost","INDEX","https://usonlinetools.com/finance/break-even-calculator","200","Canonical Tool page (Break Even Calculator)"
"/finance/online-roi-calculator","src/data/tools.ts","tool","Finance & Cost","INDEX","https://usonlinetools.com/finance/online-roi-calculator","200","Canonical Tool page (ROI Calculator)"
"/finance/savings-calculator","src/data/tools.ts","tool","Finance & Cost","INDEX","https://usonlinetools.com/finance/savings-calculator","200","Canonical Tool page (Savings Calculator)"
"/finance/online-cagr-calculator","src/data/tools.ts","tool","Finance & Cost","INDEX","https://usonlinetools.com/finance/online-cagr-calculator","200","Canonical Tool page (CAGR Calculator)"
"/finance/online-debt-to-income-calculator","src/data/tools.ts","tool","Finance & Cost","INDEX","https://usonlinetools.com/finance/online-debt-to-income-calculator","200","Canonical Tool page (Debt-to-Income Calculator)"
"/finance/online-loan-to-value-calculator","src/data/tools.ts","tool","Finance & Cost","INDEX","https://usonlinetools.com/finance/online-loan-to-value-calculator","200","Canonical Tool page (Loan-to-Value Calculator)"
"/finance/tip-calculator","src/data/tools.ts","tool","Finance & Cost","INDEX","https://usonlinetools.com/finance/tip-calculator","200","Canonical Tool page (Tip Calculator)"
"/finance/online-salary-calculator","src/data/tools.ts","tool","Finance & Cost","INDEX","https://usonlinetools.com/finance/online-salary-calculator","200","Canonical Tool page (Salary Calculator)"
"/finance/online-tax-calculator","src/data/tools.ts","tool","Finance & Cost","INDEX","https://usonlinetools.com/finance/online-tax-calculator","200","Canonical Tool page (Tax Calculator)"
"/finance/online-mortgage-payment-calculator","src/data/tools.ts","tool","Finance & Cost","INDEX","https://usonlinetools.com/finance/online-mortgage-payment-calculator","200","Canonical Tool page (Mortgage Payment Calculator)"
"/finance/online-gst-calculator","src/data/tools.ts","tool","Finance & Cost","INDEX","https://usonlinetools.com/finance/online-gst-calculator","200","Canonical Tool page (GST Calculator)"
"/finance/online-inflation-calculator","src/data/tools.ts","tool","Finance & Cost","INDEX","https://usonlinetools.com/finance/online-inflation-calculator","200","Canonical Tool page (Inflation Calculator)"
"/finance/commission-calculator","src/data/tools.ts","tool","Finance & Cost","INDEX","https://usonlinetools.com/finance/commission-calculator","200","Canonical Tool page (Commission Calculator)"
"/finance/online-investment-growth-calculator","src/data/tools.ts","tool","Finance & Cost","INDEX","https://usonlinetools.com/finance/online-investment-growth-calculator","200","Canonical Tool page (Investment Growth Calculator)"
"/finance/online-budget-calculator","src/data/tools.ts","tool","Finance & Cost","INDEX","https://usonlinetools.com/finance/online-budget-calculator","200","Canonical Tool page (Budget Calculator)"
"/finance/expense-calculator","src/data/tools.ts","tool","Finance & Cost","INDEX","https://usonlinetools.com/finance/expense-calculator","200","Canonical Tool page (Expense Calculator)"
"/finance/cost-per-unit-calculator","src/data/tools.ts","tool","Finance & Cost","INDEX","https://usonlinetools.com/finance/cost-per-unit-calculator","200","Canonical Tool page (Cost Per Unit Calculator)"
"/finance/price-per-unit-calculator","src/data/tools.ts","tool","Finance & Cost","INDEX","https://usonlinetools.com/finance/price-per-unit-calculator","200","Canonical Tool page (Price Per Unit Calculator)"
"/finance/payback-period-calculator","src/data/tools.ts","tool","Finance & Cost","INDEX","https://usonlinetools.com/finance/payback-period-calculator","200","Canonical Tool page (Payback Period Calculator)"
"/finance/loan-interest-calculator","src/data/tools.ts","tool","Finance & Cost","INDEX","https://usonlinetools.com/finance/loan-interest-calculator","200","Canonical Tool page (Loan Interest Calculator)"
"/finance/savings-goal-calculator","src/data/tools.ts","tool","Finance & Cost","INDEX","https://usonlinetools.com/finance/savings-goal-calculator","200","Canonical Tool page (Savings Goal Calculator)"
"/finance/revenue-calculator","src/data/tools.ts","tool","Finance & Cost","INDEX","https://usonlinetools.com/finance/revenue-calculator","200","Canonical Tool page (Revenue Calculator)"
"/finance/cost-split-calculator","src/data/tools.ts","tool","Finance & Cost","INDEX","https://usonlinetools.com/finance/cost-split-calculator","200","Canonical Tool page (Cost Split Calculator)"
"/finance/depreciation-calculator","src/data/tools.ts","tool","Finance & Cost","INDEX","https://usonlinetools.com/finance/depreciation-calculator","200","Canonical Tool page (Depreciation Calculator)"
"/finance/net-worth-calculator","src/data/tools.ts","tool","Finance & Cost","INDEX","https://usonlinetools.com/finance/net-worth-calculator","200","Canonical Tool page (Net Worth Calculator)"
"/finance/online-retirement-calculator","src/data/tools.ts","tool","Finance & Cost","INDEX","https://usonlinetools.com/finance/online-retirement-calculator","200","Canonical Tool page (Retirement Calculator)"
"/finance/online-car-loan-calculator","src/data/tools.ts","tool","Finance & Cost","INDEX","https://usonlinetools.com/finance/online-car-loan-calculator","200","Canonical Tool page (Car Loan Calculator)"
"/finance/credit-card-payoff-calculator","src/data/tools.ts","tool","Finance & Cost","INDEX","https://usonlinetools.com/finance/credit-card-payoff-calculator","200","Canonical Tool page (Credit Card Payoff Calculator)"
"/finance/down-payment-calculator","src/data/tools.ts","tool","Finance & Cost","INDEX","https://usonlinetools.com/finance/down-payment-calculator","200","Canonical Tool page (Down Payment Calculator)"
"/finance/online-amortization-calculator","src/data/tools.ts","tool","Finance & Cost","INDEX","https://usonlinetools.com/finance/online-amortization-calculator","200","Canonical Tool page (Amortization Calculator)"
"/finance/stock-profit-calculator","src/data/tools.ts","tool","Finance & Cost","INDEX","https://usonlinetools.com/finance/stock-profit-calculator","200","Canonical Tool page (Stock Profit Calculator)"
"/finance/dividend-calculator","src/data/tools.ts","tool","Finance & Cost","INDEX","https://usonlinetools.com/finance/dividend-calculator","200","Canonical Tool page (Dividend Calculator)"
"/finance/online-currency-exchange-calculator","src/data/tools.ts","tool","Finance & Cost","INDEX","https://usonlinetools.com/finance/online-currency-exchange-calculator","200","Canonical Tool page (Currency Exchange Calculator)"
"/finance/hourly-to-salary-calculator","src/data/tools.ts","tool","Finance & Cost","INDEX","https://usonlinetools.com/finance/hourly-to-salary-calculator","200","Canonical Tool page (Hourly to Salary Calculator)"
"/conversion/online-length-converter","src/data/tools.ts","tool","Conversion Tools","INDEX","https://usonlinetools.com/conversion/online-length-converter","200","Canonical Tool page (Length Converter)"
"/conversion/online-weight-converter","src/data/tools.ts","tool","Conversion Tools","INDEX","https://usonlinetools.com/conversion/online-weight-converter","200","Canonical Tool page (Weight Converter)"
"/conversion/online-temperature-converter","src/data/tools.ts","tool","Conversion Tools","INDEX","https://usonlinetools.com/conversion/online-temperature-converter","200","Canonical Tool page (Temperature Converter)"
"/conversion/online-area-converter","src/data/tools.ts","tool","Conversion Tools","INDEX","https://usonlinetools.com/conversion/online-area-converter","200","Canonical Tool page (Area Converter)"
"/conversion/online-volume-converter","src/data/tools.ts","tool","Conversion Tools","INDEX","https://usonlinetools.com/conversion/online-volume-converter","200","Canonical Tool page (Volume Converter)"
"/conversion/online-speed-converter","src/data/tools.ts","tool","Conversion Tools","INDEX","https://usonlinetools.com/conversion/online-speed-converter","200","Canonical Tool page (Speed Converter)"
"/conversion/color-converter","src/data/tools.ts","tool","Conversion Tools","INDEX","https://usonlinetools.com/conversion/color-converter","200","Canonical Tool page (Color Converter)"
"/conversion/online-binary-to-decimal-converter","src/data/tools.ts","tool","Conversion Tools","INDEX","https://usonlinetools.com/conversion/online-binary-to-decimal-converter","200","Canonical Tool page (Binary to Decimal Converter)"
"/conversion/decimal-to-binary-converter","src/data/tools.ts","tool","Conversion Tools","INDEX","https://usonlinetools.com/conversion/decimal-to-binary-converter","200","Canonical Tool page (Decimal to Binary Converter)"
"/conversion/hex-to-decimal-converter","src/data/tools.ts","tool","Conversion Tools","INDEX","https://usonlinetools.com/conversion/hex-to-decimal-converter","200","Canonical Tool page (Hex to Decimal Converter)"
"/conversion/online-roman-numeral-converter","src/data/tools.ts","tool","Conversion Tools","INDEX","https://usonlinetools.com/conversion/online-roman-numeral-converter","200","Canonical Tool page (Roman Numeral Converter)"
"/conversion/data-storage-converter","src/data/tools.ts","tool","Conversion Tools","INDEX","https://usonlinetools.com/conversion/data-storage-converter","200","Canonical Tool page (Data Storage Converter)"
"/conversion/energy-converter","src/data/tools.ts","tool","Conversion Tools","INDEX","https://usonlinetools.com/conversion/energy-converter","200","Canonical Tool page (Energy Converter)"
"/conversion/pressure-converter","src/data/tools.ts","tool","Conversion Tools","INDEX","https://usonlinetools.com/conversion/pressure-converter","200","Canonical Tool page (Pressure Converter)"
"/conversion/time-converter","src/data/tools.ts","tool","Conversion Tools","INDEX","https://usonlinetools.com/conversion/time-converter","200","Canonical Tool page (Time Converter)"
"/conversion/angle-converter","src/data/tools.ts","tool","Conversion Tools","INDEX","https://usonlinetools.com/conversion/angle-converter","200","Canonical Tool page (Angle Converter)"
"/conversion/frequency-converter","src/data/tools.ts","tool","Conversion Tools","INDEX","https://usonlinetools.com/conversion/frequency-converter","200","Canonical Tool page (Frequency Converter)"
"/conversion/fuel-efficiency-converter","src/data/tools.ts","tool","Conversion Tools","INDEX","https://usonlinetools.com/conversion/fuel-efficiency-converter","200","Canonical Tool page (Fuel Efficiency Converter)"
"/conversion/number-to-words-converter","src/data/tools.ts","tool","Conversion Tools","INDEX","https://usonlinetools.com/conversion/number-to-words-converter","200","Canonical Tool page (Number to Words Converter)"
"/conversion/words-to-number-converter","src/data/tools.ts","tool","Conversion Tools","INDEX","https://usonlinetools.com/conversion/words-to-number-converter","200","Canonical Tool page (Words to Number Converter)"
"/conversion/base-converter","src/data/tools.ts","tool","Conversion Tools","INDEX","https://usonlinetools.com/conversion/base-converter","200","Canonical Tool page (Base Converter)"
"/conversion/binary-to-hex-converter","src/data/tools.ts","tool","Conversion Tools","INDEX","https://usonlinetools.com/conversion/binary-to-hex-converter","200","Canonical Tool page (Binary to Hex Converter)"
"/conversion/hex-to-binary-converter","src/data/tools.ts","tool","Conversion Tools","INDEX","https://usonlinetools.com/conversion/hex-to-binary-converter","200","Canonical Tool page (Hex to Binary Converter)"
"/conversion/octal-converter","src/data/tools.ts","tool","Conversion Tools","INDEX","https://usonlinetools.com/conversion/octal-converter","200","Canonical Tool page (Octal Converter)"
"/conversion/unit-price-converter","src/data/tools.ts","tool","Conversion Tools","INDEX","https://usonlinetools.com/conversion/unit-price-converter","200","Canonical Tool page (Unit Price Converter)"
"/conversion/density-converter","src/data/tools.ts","tool","Conversion Tools","INDEX","https://usonlinetools.com/conversion/density-converter","200","Canonical Tool page (Density Converter)"
"/conversion/power-converter","src/data/tools.ts","tool","Conversion Tools","INDEX","https://usonlinetools.com/conversion/power-converter","200","Canonical Tool page (Power Converter)"
"/conversion/torque-converter","src/data/tools.ts","tool","Conversion Tools","INDEX","https://usonlinetools.com/conversion/torque-converter","200","Canonical Tool page (Torque Converter)"
"/conversion/force-converter","src/data/tools.ts","tool","Conversion Tools","INDEX","https://usonlinetools.com/conversion/force-converter","200","Canonical Tool page (Force Converter)"
"/conversion/electric-current-converter","src/data/tools.ts","tool","Conversion Tools","INDEX","https://usonlinetools.com/conversion/electric-current-converter","200","Canonical Tool page (Electric Current Converter)"
"/conversion/online-shoe-size-converter","src/data/tools.ts","tool","Conversion Tools","INDEX","https://usonlinetools.com/conversion/online-shoe-size-converter","200","Canonical Tool page (Shoe Size Converter)"
"/conversion/online-cooking-converter","src/data/tools.ts","tool","Conversion Tools","INDEX","https://usonlinetools.com/conversion/online-cooking-converter","200","Canonical Tool page (Cooking Converter)"
"/time-date/online-age-calculator","src/data/tools.ts","tool","Time & Date","INDEX","https://usonlinetools.com/time-date/online-age-calculator","200","Canonical Tool page (Age Calculator)"
"/time-date/date-difference-calculator","src/data/tools.ts","tool","Time & Date","INDEX","https://usonlinetools.com/time-date/date-difference-calculator","200","Canonical Tool page (Date Difference Calculator)"
"/time-date/online-countdown-timer","src/data/tools.ts","tool","Time & Date","INDEX","https://usonlinetools.com/time-date/online-countdown-timer","200","Canonical Tool page (Countdown Timer)"
"/time-date/time-duration-calculator","src/data/tools.ts","tool","Time & Date","INDEX","https://usonlinetools.com/time-date/time-duration-calculator","200","Canonical Tool page (Time Duration Calculator)"
"/time-date/work-hours-calculator","src/data/tools.ts","tool","Time & Date","INDEX","https://usonlinetools.com/time-date/work-hours-calculator","200","Canonical Tool page (Work Hours Calculator)"
"/time-date/business-days-calculator","src/data/tools.ts","tool","Time & Date","INDEX","https://usonlinetools.com/time-date/business-days-calculator","200","Canonical Tool page (Business Days Calculator)"
"/time-date/leap-year-checker","src/data/tools.ts","tool","Time & Date","INDEX","https://usonlinetools.com/time-date/leap-year-checker","200","Canonical Tool page (Leap Year Checker)"
"/time-date/online-time-zone-converter","src/data/tools.ts","tool","Time & Date","INDEX","https://usonlinetools.com/time-date/online-time-zone-converter","200","Canonical Tool page (Time Zone Converter)"
"/time-date/online-stopwatch","src/data/tools.ts","tool","Time & Date","INDEX","https://usonlinetools.com/time-date/online-stopwatch","200","Canonical Tool page (Stopwatch Tool)"
"/time-date/half-birthday-calculator","src/data/tools.ts","tool","Time & Date","INDEX","https://usonlinetools.com/time-date/half-birthday-calculator","200","Canonical Tool page (Half Birthday Calculator)"
"/time-date/week-number-calculator","src/data/tools.ts","tool","Time & Date","INDEX","https://usonlinetools.com/time-date/week-number-calculator","200","Canonical Tool page (Week Number Calculator)"
"/time-date/overtime-calculator","src/data/tools.ts","tool","Time & Date","INDEX","https://usonlinetools.com/time-date/overtime-calculator","200","Canonical Tool page (Overtime Calculator)"
"/time-date/days-between-dates-calculator","src/data/tools.ts","tool","Time & Date","INDEX","https://usonlinetools.com/time-date/days-between-dates-calculator","200","Canonical Tool page (Days Between Dates Calculator)"
"/time-date/working-days-calculator","src/data/tools.ts","tool","Time & Date","INDEX","https://usonlinetools.com/time-date/working-days-calculator","200","Canonical Tool page (Working Days Calculator)"
"/time-date/time-addition-calculator","src/data/tools.ts","tool","Time & Date","INDEX","https://usonlinetools.com/time-date/time-addition-calculator","200","Canonical Tool page (Time Addition Calculator)"
"/time-date/time-subtraction-calculator","src/data/tools.ts","tool","Time & Date","INDEX","https://usonlinetools.com/time-date/time-subtraction-calculator","200","Canonical Tool page (Time Subtraction Calculator)"
"/time-date/meeting-time-calculator","src/data/tools.ts","tool","Time & Date","INDEX","https://usonlinetools.com/time-date/meeting-time-calculator","200","Canonical Tool page (Meeting Time Calculator)"
"/time-date/shift-schedule-calculator","src/data/tools.ts","tool","Time & Date","INDEX","https://usonlinetools.com/time-date/shift-schedule-calculator","200","Canonical Tool page (Shift Schedule Calculator)"
"/time-date/deadline-calculator","src/data/tools.ts","tool","Time & Date","INDEX","https://usonlinetools.com/time-date/deadline-calculator","200","Canonical Tool page (Deadline Calculator)"
"/time-date/study-time-calculator","src/data/tools.ts","tool","Time & Date","INDEX","https://usonlinetools.com/time-date/study-time-calculator","200","Canonical Tool page (Study Time Calculator)"
"/time-date/reading-time-calculator","src/data/tools.ts","tool","Time & Date","INDEX","https://usonlinetools.com/time-date/reading-time-calculator","200","Canonical Tool page (Reading Time Calculator)"
"/time-date/event-countdown-timer","src/data/tools.ts","tool","Time & Date","INDEX","https://usonlinetools.com/time-date/event-countdown-timer","200","Canonical Tool page (Event Countdown Timer)"
"/time-date/hourly-time-calculator","src/data/tools.ts","tool","Time & Date","INDEX","https://usonlinetools.com/time-date/hourly-time-calculator","200","Canonical Tool page (Hourly Time Calculator)"
"/time-date/shift-hours-calculator","src/data/tools.ts","tool","Time & Date","INDEX","https://usonlinetools.com/time-date/shift-hours-calculator","200","Canonical Tool page (Shift Hours Calculator)"
"/time-date/time-tracking-calculator","src/data/tools.ts","tool","Time & Date","INDEX","https://usonlinetools.com/time-date/time-tracking-calculator","200","Canonical Tool page (Time Tracking Calculator)"
"/time-date/time-calculator","src/data/tools.ts","tool","Time & Date","INDEX","https://usonlinetools.com/time-date/time-calculator","200","Canonical Tool page (Time Calculator)"
"/time-date/online-military-time-converter","src/data/tools.ts","tool","Time & Date","INDEX","https://usonlinetools.com/time-date/online-military-time-converter","200","Canonical Tool page (Military Time Converter)"
"/time-date/era-calculator","src/data/tools.ts","tool","Time & Date","INDEX","https://usonlinetools.com/time-date/era-calculator","200","Canonical Tool page (Era Calculator)"
"/time-date/zodiac-sign-calculator","src/data/tools.ts","tool","Time & Date","INDEX","https://usonlinetools.com/time-date/zodiac-sign-calculator","200","Canonical Tool page (Zodiac Sign Calculator)"
"/time-date/chinese-zodiac-calculator","src/data/tools.ts","tool","Time & Date","INDEX","https://usonlinetools.com/time-date/chinese-zodiac-calculator","200","Canonical Tool page (Chinese Zodiac Calculator)"
"/time-date/age-in-days-calculator","src/data/tools.ts","tool","Time & Date","INDEX","https://usonlinetools.com/time-date/age-in-days-calculator","200","Canonical Tool page (Age in Days Calculator)"
"/time-date/retirement-age-calculator","src/data/tools.ts","tool","Time & Date","INDEX","https://usonlinetools.com/time-date/retirement-age-calculator","200","Canonical Tool page (Retirement Age Calculator)"
"/health/online-bmi-calculator","src/data/tools.ts","tool","Health & Fitness","INDEX","https://usonlinetools.com/health/online-bmi-calculator","200","Canonical Tool page (BMI Calculator)"
"/health/online-bmr-calculator","src/data/tools.ts","tool","Health & Fitness","INDEX","https://usonlinetools.com/health/online-bmr-calculator","200","Canonical Tool page (BMR Calculator)"
"/health/online-body-surface-area-calculator","src/data/tools.ts","tool","Health & Fitness","INDEX","https://usonlinetools.com/health/online-body-surface-area-calculator","200","Canonical Tool page (Body Surface Area Calculator)"
"/health/online-tdee-calculator","src/data/tools.ts","tool","Health & Fitness","INDEX","https://usonlinetools.com/health/online-tdee-calculator","200","Canonical Tool page (TDEE Calculator)"
"/health/calorie-intake-calculator","src/data/tools.ts","tool","Health & Fitness","INDEX","https://usonlinetools.com/health/calorie-intake-calculator","200","Canonical Tool page (Calorie Intake Calculator)"
"/health/water-intake-calculator","src/data/tools.ts","tool","Health & Fitness","INDEX","https://usonlinetools.com/health/water-intake-calculator","200","Canonical Tool page (Water Intake Calculator)"
"/health/ideal-weight-calculator","src/data/tools.ts","tool","Health & Fitness","INDEX","https://usonlinetools.com/health/ideal-weight-calculator","200","Canonical Tool page (Ideal Weight Calculator)"
"/health/body-fat-calculator","src/data/tools.ts","tool","Health & Fitness","INDEX","https://usonlinetools.com/health/body-fat-calculator","200","Canonical Tool page (Body Fat Calculator)"
"/health/protein-intake-calculator","src/data/tools.ts","tool","Health & Fitness","INDEX","https://usonlinetools.com/health/protein-intake-calculator","200","Canonical Tool page (Protein Intake Calculator)"
"/health/running-pace-calculator","src/data/tools.ts","tool","Health & Fitness","INDEX","https://usonlinetools.com/health/running-pace-calculator","200","Canonical Tool page (Running Pace Calculator)"
"/health/heart-rate-calculator","src/data/tools.ts","tool","Health & Fitness","INDEX","https://usonlinetools.com/health/heart-rate-calculator","200","Canonical Tool page (Heart Rate Calculator)"
"/health/sleep-calculator","src/data/tools.ts","tool","Health & Fitness","INDEX","https://usonlinetools.com/health/sleep-calculator","200","Canonical Tool page (Sleep Calculator)"
"/health/pregnancy-due-date-calculator","src/data/tools.ts","tool","Health & Fitness","INDEX","https://usonlinetools.com/health/pregnancy-due-date-calculator","200","Canonical Tool page (Pregnancy Due Date Calculator)"
"/calculators/ovulation-calculator/","src/data/tools.ts","tool","Health & Fitness","INDEX","https://usonlinetools.com/calculators/ovulation-calculator/","200","Canonical Tool page (Ovulation Calculator)"
"/health/calorie-deficit-calculator","src/data/tools.ts","tool","Health & Fitness","INDEX","https://usonlinetools.com/health/calorie-deficit-calculator","200","Canonical Tool page (Calorie Deficit Calculator)"
"/health/cat-age-calculator","src/data/tools.ts","tool","Health & Fitness","INDEX","https://usonlinetools.com/health/cat-age-calculator","200","Canonical Tool page (Cat Age Calculator)"
"/health/dog-age-calculator","src/data/tools.ts","tool","Health & Fitness","INDEX","https://usonlinetools.com/health/dog-age-calculator","200","Canonical Tool page (Dog Age Calculator)"
"/health/lean-body-mass-calculator","src/data/tools.ts","tool","Health & Fitness","INDEX","https://usonlinetools.com/health/lean-body-mass-calculator","200","Canonical Tool page (Lean Body Mass Calculator)"
"/health/daily-calories-burn-calculator","src/data/tools.ts","tool","Health & Fitness","INDEX","https://usonlinetools.com/health/daily-calories-burn-calculator","200","Canonical Tool page (Daily Calories Burn Calculator)"
"/health/one-rep-max-calculator","src/data/tools.ts","tool","Health & Fitness","INDEX","https://usonlinetools.com/health/one-rep-max-calculator","200","Canonical Tool page (One Rep Max Calculator)"
"/health/body-type-calculator","src/data/tools.ts","tool","Health & Fitness","INDEX","https://usonlinetools.com/health/body-type-calculator","200","Canonical Tool page (Body Type Calculator)"
"/health/fitness-age-calculator","src/data/tools.ts","tool","Health & Fitness","INDEX","https://usonlinetools.com/health/fitness-age-calculator","200","Canonical Tool page (Fitness Age Calculator)"
"/health/walking-calories-calculator","src/data/tools.ts","tool","Health & Fitness","INDEX","https://usonlinetools.com/health/walking-calories-calculator","200","Canonical Tool page (Walking Calories Calculator)"
"/health/cycling-calories-calculator","src/data/tools.ts","tool","Health & Fitness","INDEX","https://usonlinetools.com/health/cycling-calories-calculator","200","Canonical Tool page (Cycling Calories Calculator)"
"/health/macro-nutrient-calculator","src/data/tools.ts","tool","Health & Fitness","INDEX","https://usonlinetools.com/health/macro-nutrient-calculator","200","Canonical Tool page (Macro Nutrient Calculator)"
"/health/fat-intake-calculator","src/data/tools.ts","tool","Health & Fitness","INDEX","https://usonlinetools.com/health/fat-intake-calculator","200","Canonical Tool page (Fat Intake Calculator)"
"/health/workout-duration-calculator","src/data/tools.ts","tool","Health & Fitness","INDEX","https://usonlinetools.com/health/workout-duration-calculator","200","Canonical Tool page (Workout Duration Calculator)"
"/health/step-counter-estimator","src/data/tools.ts","tool","Health & Fitness","INDEX","https://usonlinetools.com/health/step-counter-estimator","200","Canonical Tool page (Step Counter Estimator)"
"/health/calorie-calculator","src/data/tools.ts","tool","Health & Fitness","INDEX","https://usonlinetools.com/health/calorie-calculator","200","Canonical Tool page (Calorie Calculator)"
"/health/bac-calculator","src/data/tools.ts","tool","Health & Fitness","INDEX","https://usonlinetools.com/health/bac-calculator","200","Canonical Tool page (BAC Calculator)"
"/health/waist-to-hip-ratio-calculator","src/data/tools.ts","tool","Health & Fitness","INDEX","https://usonlinetools.com/health/waist-to-hip-ratio-calculator","200","Canonical Tool page (Waist to Hip Ratio Calculator)"
"/health/keto-calculator","src/data/tools.ts","tool","Health & Fitness","INDEX","https://usonlinetools.com/health/keto-calculator","200","Canonical Tool page (Keto Calculator)"
"/health/intermittent-fasting-calculator","src/data/tools.ts","tool","Health & Fitness","INDEX","https://usonlinetools.com/health/intermittent-fasting-calculator","200","Canonical Tool page (Intermittent Fasting Calculator)"
"/health/vo2-max-calculator","src/data/tools.ts","tool","Health & Fitness","INDEX","https://usonlinetools.com/health/vo2-max-calculator","200","Canonical Tool page (VO2 Max Calculator)"
"/construction/concrete-calculator","src/data/tools.ts","tool","Construction & DIY","INDEX","https://usonlinetools.com/construction/concrete-calculator","200","Canonical Tool page (Concrete Volume Calculator)"
"/construction/cement-calculator","src/data/tools.ts","tool","Construction & DIY","INDEX","https://usonlinetools.com/construction/cement-calculator","200","Canonical Tool page (Cement Calculator)"
"/construction/brick-calculator","src/data/tools.ts","tool","Construction & DIY","INDEX","https://usonlinetools.com/construction/brick-calculator","200","Canonical Tool page (Brick Calculator)"
"/construction/steel-weight-calculator","src/data/tools.ts","tool","Construction & DIY","INDEX","https://usonlinetools.com/construction/steel-weight-calculator","200","Canonical Tool page (Steel Weight Calculator)"
"/construction/paint-calculator","src/data/tools.ts","tool","Construction & DIY","INDEX","https://usonlinetools.com/construction/paint-calculator","200","Canonical Tool page (Paint Calculator)"
"/construction/tile-calculator","src/data/tools.ts","tool","Construction & DIY","INDEX","https://usonlinetools.com/construction/tile-calculator","200","Canonical Tool page (Tile Calculator)"
"/construction/flooring-calculator","src/data/tools.ts","tool","Construction & DIY","INDEX","https://usonlinetools.com/construction/flooring-calculator","200","Canonical Tool page (Flooring Calculator)"
"/construction/room-area-calculator","src/data/tools.ts","tool","Construction & DIY","INDEX","https://usonlinetools.com/construction/room-area-calculator","200","Canonical Tool page (Room Area Calculator)"
"/construction/roof-area-calculator","src/data/tools.ts","tool","Construction & DIY","INDEX","https://usonlinetools.com/construction/roof-area-calculator","200","Canonical Tool page (Roof Area Calculator)"
"/construction/water-tank-calculator","src/data/tools.ts","tool","Construction & DIY","INDEX","https://usonlinetools.com/construction/water-tank-calculator","200","Canonical Tool page (Water Tank Capacity Calculator)"
"/construction/asphalt-calculator","src/data/tools.ts","tool","Construction & DIY","INDEX","https://usonlinetools.com/construction/asphalt-calculator","200","Canonical Tool page (Asphalt Calculator)"
"/construction/gravel-calculator","src/data/tools.ts","tool","Construction & DIY","INDEX","https://usonlinetools.com/construction/gravel-calculator","200","Canonical Tool page (Gravel Calculator)"
"/construction/fence-length-calculator","src/data/tools.ts","tool","Construction & DIY","INDEX","https://usonlinetools.com/construction/fence-length-calculator","200","Canonical Tool page (Fence Length Calculator)"
"/construction/lumber-calculator","src/data/tools.ts","tool","Construction & DIY","INDEX","https://usonlinetools.com/construction/lumber-calculator","200","Canonical Tool page (Lumber Calculator)"
"/construction/wall-area-calculator","src/data/tools.ts","tool","Construction & DIY","INDEX","https://usonlinetools.com/construction/wall-area-calculator","200","Canonical Tool page (Wall Area Calculator)"
"/construction/pipe-volume-calculator","src/data/tools.ts","tool","Construction & DIY","INDEX","https://usonlinetools.com/construction/pipe-volume-calculator","200","Canonical Tool page (Pipe Volume Calculator)"
"/construction/sand-calculator","src/data/tools.ts","tool","Construction & DIY","INDEX","https://usonlinetools.com/construction/sand-calculator","200","Canonical Tool page (Sand Calculator)"
"/construction/excavation-calculator","src/data/tools.ts","tool","Construction & DIY","INDEX","https://usonlinetools.com/construction/excavation-calculator","200","Canonical Tool page (Excavation Calculator)"
"/construction/stair-calculator","src/data/tools.ts","tool","Construction & DIY","INDEX","https://usonlinetools.com/construction/stair-calculator","200","Canonical Tool page (Stair Calculator)"
"/construction/material-cost-calculator","src/data/tools.ts","tool","Construction & DIY","INDEX","https://usonlinetools.com/construction/material-cost-calculator","200","Canonical Tool page (Material Cost Calculator)"
"/construction/deck-area-calculator","src/data/tools.ts","tool","Construction & DIY","INDEX","https://usonlinetools.com/construction/deck-area-calculator","200","Canonical Tool page (Deck Area Calculator)"
"/construction/plaster-calculator","src/data/tools.ts","tool","Construction & DIY","INDEX","https://usonlinetools.com/construction/plaster-calculator","200","Canonical Tool page (Plaster Calculator)"
"/construction/insulation-calculator","src/data/tools.ts","tool","Construction & DIY","INDEX","https://usonlinetools.com/construction/insulation-calculator","200","Canonical Tool page (Insulation Calculator)"
"/construction/concrete-block-calculator","src/data/tools.ts","tool","Construction & DIY","INDEX","https://usonlinetools.com/construction/concrete-block-calculator","200","Canonical Tool page (Concrete Block Calculator)"
"/construction/paver-calculator","src/data/tools.ts","tool","Construction & DIY","INDEX","https://usonlinetools.com/construction/paver-calculator","200","Canonical Tool page (Paver Calculator)"
"/construction/bitumen-calculator","src/data/tools.ts","tool","Construction & DIY","INDEX","https://usonlinetools.com/construction/bitumen-calculator","200","Canonical Tool page (Bitumen Calculator)"
"/construction/pool-salt-calculator","src/data/tools.ts","tool","Construction & DIY","INDEX","https://usonlinetools.com/construction/pool-salt-calculator","200","Canonical Tool page (Pool Salt Calculator)"
"/construction/rebar-calculator","src/data/tools.ts","tool","Construction & DIY","INDEX","https://usonlinetools.com/construction/rebar-calculator","200","Canonical Tool page (Rebar Calculator)"
"/construction/drywall-calculator","src/data/tools.ts","tool","Construction & DIY","INDEX","https://usonlinetools.com/construction/drywall-calculator","200","Canonical Tool page (Drywall Calculator)"
"/construction/wallpaper-calculator","src/data/tools.ts","tool","Construction & DIY","INDEX","https://usonlinetools.com/construction/wallpaper-calculator","200","Canonical Tool page (Wallpaper Calculator)"
"/construction/mulch-calculator","src/data/tools.ts","tool","Construction & DIY","INDEX","https://usonlinetools.com/construction/mulch-calculator","200","Canonical Tool page (Mulch Calculator)"
"/construction/soil-calculator","src/data/tools.ts","tool","Construction & DIY","INDEX","https://usonlinetools.com/construction/soil-calculator","200","Canonical Tool page (Soil Calculator)"
"/construction/solar-panel-calculator","src/data/tools.ts","tool","Construction & DIY","INDEX","https://usonlinetools.com/construction/solar-panel-calculator","200","Canonical Tool page (Solar Panel Calculator)"
"/construction/electrical-load-calculator","src/data/tools.ts","tool","Construction & DIY","INDEX","https://usonlinetools.com/construction/electrical-load-calculator","200","Canonical Tool page (Electrical Load Calculator)"
"/productivity/online-word-counter","src/data/tools.ts","tool","Productivity & Text","INDEX","https://usonlinetools.com/productivity/online-word-counter","200","Canonical Tool page (Word Counter)"
"/productivity/random-name-generator","src/data/tools.ts","tool","Productivity & Text","INDEX","https://usonlinetools.com/productivity/random-name-generator","200","Canonical Tool page (Random Name Generator)"
"/productivity/username-generator","src/data/tools.ts","tool","Productivity & Text","INDEX","https://usonlinetools.com/productivity/username-generator","200","Canonical Tool page (Username Generator)"
"/productivity/dice-roller","src/data/tools.ts","tool","Productivity & Text","INDEX","https://usonlinetools.com/productivity/dice-roller","200","Canonical Tool page (Dice Roller)"
"/productivity/coin-flip","src/data/tools.ts","tool","Productivity & Text","INDEX","https://usonlinetools.com/productivity/coin-flip","200","Canonical Tool page (Coin Flip Tool)"
"/productivity/random-color-generator","src/data/tools.ts","tool","Productivity & Text","INDEX","https://usonlinetools.com/productivity/random-color-generator","200","Canonical Tool page (Random Color Generator)"
"/productivity/case-converter","src/data/tools.ts","tool","Productivity & Text","INDEX","https://usonlinetools.com/productivity/case-converter","200","Canonical Tool page (Case Converter)"
"/productivity/text-reverser","src/data/tools.ts","tool","Productivity & Text","INDEX","https://usonlinetools.com/productivity/text-reverser","200","Canonical Tool page (Text Reverser Tool)"
"/productivity/duplicate-line-remover","src/data/tools.ts","tool","Productivity & Text","INDEX","https://usonlinetools.com/productivity/duplicate-line-remover","200","Canonical Tool page (Duplicate Line Remover)"
"/productivity/alphabetical-sort","src/data/tools.ts","tool","Productivity & Text","INDEX","https://usonlinetools.com/productivity/alphabetical-sort","200","Canonical Tool page (Alphabetical Sort Tool)"
"/productivity/palindrome-checker","src/data/tools.ts","tool","Productivity & Text","INDEX","https://usonlinetools.com/productivity/palindrome-checker","200","Canonical Tool page (Palindrome Checker)"
"/productivity/hashtag-generator","src/data/tools.ts","tool","Productivity & Text","INDEX","https://usonlinetools.com/productivity/hashtag-generator","200","Canonical Tool page (Hashtag Generator Tool)"
"/productivity/word-frequency-counter","src/data/tools.ts","tool","Productivity & Text","INDEX","https://usonlinetools.com/productivity/word-frequency-counter","200","Canonical Tool page (Word Frequency Counter)"
"/productivity/random-letter-generator","src/data/tools.ts","tool","Productivity & Text","INDEX","https://usonlinetools.com/productivity/random-letter-generator","200","Canonical Tool page (Random Letter Generator)"
"/productivity/random-picker-tool","src/data/tools.ts","tool","Productivity & Text","INDEX","https://usonlinetools.com/productivity/random-picker-tool","200","Canonical Tool page (Random Picker Tool)"
"/productivity/spin-wheel-generator","src/data/tools.ts","tool","Productivity & Text","INDEX","https://usonlinetools.com/productivity/spin-wheel-generator","200","Canonical Tool page (Spin Wheel Generator)"
"/productivity/character-counter-tool","src/data/tools.ts","tool","Productivity & Text","INDEX","https://usonlinetools.com/productivity/character-counter-tool","200","Canonical Tool page (Character Counter Tool)"
"/productivity/line-counter-tool","src/data/tools.ts","tool","Productivity & Text","INDEX","https://usonlinetools.com/productivity/line-counter-tool","200","Canonical Tool page (Line Counter Tool)"
"/productivity/remove-extra-spaces-tool","src/data/tools.ts","tool","Productivity & Text","INDEX","https://usonlinetools.com/productivity/remove-extra-spaces-tool","200","Canonical Tool page (Remove Extra Spaces Tool)"
"/productivity/sort-text-lines-tool","src/data/tools.ts","tool","Productivity & Text","INDEX","https://usonlinetools.com/productivity/sort-text-lines-tool","200","Canonical Tool page (Sort Text Lines Tool)"
"/productivity/list-randomizer-tool","src/data/tools.ts","tool","Productivity & Text","INDEX","https://usonlinetools.com/productivity/list-randomizer-tool","200","Canonical Tool page (List Randomizer Tool)"
"/productivity/text-formatter-tool","src/data/tools.ts","tool","Productivity & Text","INDEX","https://usonlinetools.com/productivity/text-formatter-tool","200","Canonical Tool page (Text Formatter Tool)"
"/productivity/json-formatter","src/data/tools.ts","tool","Productivity & Text","INDEX","https://usonlinetools.com/productivity/json-formatter","200","Canonical Tool page (JSON Formatter)"
"/productivity/base64-encoder-decoder","src/data/tools.ts","tool","Productivity & Text","INDEX","https://usonlinetools.com/productivity/base64-encoder-decoder","200","Canonical Tool page (Base64 Encoder Decoder)"
"/productivity/love-calculator","src/data/tools.ts","tool","Productivity & Text","INDEX","https://usonlinetools.com/productivity/love-calculator","200","Canonical Tool page (Love Calculator)"
"/education/online-gpa-calculator","src/data/tools.ts","tool","Student & Education","INDEX","https://usonlinetools.com/education/online-gpa-calculator","200","Canonical Tool page (GPA Calculator)"
"/education/grade-calculator","src/data/tools.ts","tool","Student & Education","INDEX","https://usonlinetools.com/education/grade-calculator","200","Canonical Tool page (Grade Calculator)"
"/education/weighted-grade-calculator","src/data/tools.ts","tool","Student & Education","INDEX","https://usonlinetools.com/education/weighted-grade-calculator","200","Canonical Tool page (Weighted Grade Calculator)"
"/education/final-grade-calculator","src/data/tools.ts","tool","Student & Education","INDEX","https://usonlinetools.com/education/final-grade-calculator","200","Canonical Tool page (Final Grade Calculator)"
"/education/percentage-grade-calculator","src/data/tools.ts","tool","Student & Education","INDEX","https://usonlinetools.com/education/percentage-grade-calculator","200","Canonical Tool page (Percentage Grade Calculator)"
"/education/attendance-percentage-calculator","src/data/tools.ts","tool","Student & Education","INDEX","https://usonlinetools.com/education/attendance-percentage-calculator","200","Canonical Tool page (Attendance Percentage Calculator)"
"/education/reading-speed-calculator","src/data/tools.ts","tool","Student & Education","INDEX","https://usonlinetools.com/education/reading-speed-calculator","200","Canonical Tool page (Reading Speed Calculator)"
"/education/marks-percentage-calculator","src/data/tools.ts","tool","Student & Education","INDEX","https://usonlinetools.com/education/marks-percentage-calculator","200","Canonical Tool page (Marks Percentage Calculator)"
"/education/marks-to-gpa-converter","src/data/tools.ts","tool","Student & Education","INDEX","https://usonlinetools.com/education/marks-to-gpa-converter","200","Canonical Tool page (Marks to GPA Converter)"
"/education/class-average-calculator","src/data/tools.ts","tool","Student & Education","INDEX","https://usonlinetools.com/education/class-average-calculator","200","Canonical Tool page (Class Average Calculator)"
"/education/score-calculator","src/data/tools.ts","tool","Student & Education","INDEX","https://usonlinetools.com/education/score-calculator","200","Canonical Tool page (Score Calculator)"
"/education/study-planner-calculator","src/data/tools.ts","tool","Student & Education","INDEX","https://usonlinetools.com/education/study-planner-calculator","200","Canonical Tool page (Study Planner Calculator)"
"/education/homework-time-calculator","src/data/tools.ts","tool","Student & Education","INDEX","https://usonlinetools.com/education/homework-time-calculator","200","Canonical Tool page (Homework Time Calculator)"
"/education/exam-countdown-timer","src/data/tools.ts","tool","Student & Education","INDEX","https://usonlinetools.com/education/exam-countdown-timer","200","Canonical Tool page (Exam Countdown Timer)"
"/education/assignment-grade-calculator","src/data/tools.ts","tool","Student & Education","INDEX","https://usonlinetools.com/education/assignment-grade-calculator","200","Canonical Tool page (Assignment Grade Calculator)"
"/education/semester-planner-tool","src/data/tools.ts","tool","Student & Education","INDEX","https://usonlinetools.com/education/semester-planner-tool","200","Canonical Tool page (Semester Planner Tool)"
"/education/quiz-score-calculator","src/data/tools.ts","tool","Student & Education","INDEX","https://usonlinetools.com/education/quiz-score-calculator","200","Canonical Tool page (Quiz Score Calculator)"
"/education/flashcard-timer-tool","src/data/tools.ts","tool","Student & Education","INDEX","https://usonlinetools.com/education/flashcard-timer-tool","200","Canonical Tool page (Flashcard Timer Tool)"
"/education/exam-score-predictor","src/data/tools.ts","tool","Student & Education","INDEX","https://usonlinetools.com/education/exam-score-predictor","200","Canonical Tool page (Exam Score Predictor)"
"/education/study-hours-tracker","src/data/tools.ts","tool","Student & Education","INDEX","https://usonlinetools.com/education/study-hours-tracker","200","Canonical Tool page (Study Hours Tracker)"
"/education/grade-improvement-calculator","src/data/tools.ts","tool","Student & Education","INDEX","https://usonlinetools.com/education/grade-improvement-calculator","200","Canonical Tool page (Grade Improvement Calculator)"
"/education/test-score-analyzer","src/data/tools.ts","tool","Student & Education","INDEX","https://usonlinetools.com/education/test-score-analyzer","200","Canonical Tool page (Test Score Analyzer)"
"/education/learning-time-calculator","src/data/tools.ts","tool","Student & Education","INDEX","https://usonlinetools.com/education/learning-time-calculator","200","Canonical Tool page (Learning Time Calculator)"
"/education/school-schedule-planner","src/data/tools.ts","tool","Student & Education","INDEX","https://usonlinetools.com/education/school-schedule-planner","200","Canonical Tool page (School Schedule Planner)"
"/education/revision-planner-tool","src/data/tools.ts","tool","Student & Education","INDEX","https://usonlinetools.com/education/revision-planner-tool","200","Canonical Tool page (Revision Planner Tool)"
"/education/cgpa-calculator","src/data/tools.ts","tool","Student & Education","INDEX","https://usonlinetools.com/education/cgpa-calculator","200","Canonical Tool page (CGPA Calculator)"
"/education/sat-score-calculator","src/data/tools.ts","tool","Student & Education","INDEX","https://usonlinetools.com/education/sat-score-calculator","200","Canonical Tool page (SAT Score Calculator)"
"/education/typing-speed-test","src/data/tools.ts","tool","Student & Education","INDEX","https://usonlinetools.com/education/typing-speed-test","200","Canonical Tool page (Typing Speed Test)"
"/education/scholarship-calculator","src/data/tools.ts","tool","Student & Education","INDEX","https://usonlinetools.com/education/scholarship-calculator","200","Canonical Tool page (Scholarship Calculator)"
"/education/college-gpa-calculator","src/data/tools.ts","tool","Student & Education","INDEX","https://usonlinetools.com/education/college-gpa-calculator","200","Canonical Tool page (College GPA Calculator)"
"/education/snow-day-calculator","src/data/tools.ts","tool","Student & Education","INDEX","https://usonlinetools.com/education/snow-day-calculator","200","Canonical Tool page (Snow Day Calculator)"
"/gaming/blox-fruits-calculator","src/data/tools.ts","tool","Gaming Calculators","INDEX","https://usonlinetools.com/gaming/blox-fruits-calculator","200","Canonical Tool page (Blox Fruits Calculator)"
"/gaming/blox-fruits-trade-calculator","src/data/tools.ts","tool","Gaming Calculators","INDEX","https://usonlinetools.com/gaming/blox-fruits-trade-calculator","200","Canonical Tool page (Blox Fruits Trade Calculator)"
"/gaming/roblox-tax-calculator","src/data/tools.ts","tool","Gaming Calculators","INDEX","https://usonlinetools.com/gaming/roblox-tax-calculator","200","Canonical Tool page (Roblox Tax Calculator)"
"/gaming/minecraft-circle-calculator","src/data/tools.ts","tool","Gaming Calculators","INDEX","https://usonlinetools.com/gaming/minecraft-circle-calculator","200","Canonical Tool page (Minecraft Circle Calculator)"
"/gaming/valorant-sensitivity-calculator","src/data/tools.ts","tool","Gaming Calculators","INDEX","https://usonlinetools.com/gaming/valorant-sensitivity-calculator","200","Canonical Tool page (Valorant Sensitivity Calculator)"
"/gaming/fortnite-dpi-calculator","src/data/tools.ts","tool","Gaming Calculators","INDEX","https://usonlinetools.com/gaming/fortnite-dpi-calculator","200","Canonical Tool page (Fortnite DPI Calculator)"
"/gaming/xp-level-calculator","src/data/tools.ts","tool","Gaming Calculators","INDEX","https://usonlinetools.com/gaming/xp-level-calculator","200","Canonical Tool page (XP Level Calculator)"
"/gaming/clash-of-clans-upgrade-calculator","src/data/tools.ts","tool","Gaming Calculators","INDEX","https://usonlinetools.com/gaming/clash-of-clans-upgrade-calculator","200","Canonical Tool page (Clash of Clans Upgrade Calculator)"
"/gaming/damage-calculator","src/data/tools.ts","tool","Gaming Calculators","INDEX","https://usonlinetools.com/gaming/damage-calculator","200","Canonical Tool page (Damage Calculator)"
"/gaming/game-currency-converter","src/data/tools.ts","tool","Gaming Calculators","INDEX","https://usonlinetools.com/gaming/game-currency-converter","200","Canonical Tool page (Game Currency Converter)"
"/gaming/genshin-impact-calculator","src/data/tools.ts","tool","Gaming Calculators","INDEX","https://usonlinetools.com/gaming/genshin-impact-calculator","200","Canonical Tool page (Genshin Impact Calculator)"
"/gaming/cs2-sensitivity-calculator","src/data/tools.ts","tool","Gaming Calculators","INDEX","https://usonlinetools.com/gaming/cs2-sensitivity-calculator","200","Canonical Tool page (CS2 Sensitivity Calculator)"
"/gaming/pokemon-iv-calculator","src/data/tools.ts","tool","Gaming Calculators","INDEX","https://usonlinetools.com/gaming/pokemon-iv-calculator","200","Canonical Tool page (Pokemon IV Calculator)"
"/gaming/dnd-dice-roller","src/data/tools.ts","tool","Gaming Calculators","INDEX","https://usonlinetools.com/gaming/dnd-dice-roller","200","Canonical Tool page (D&D Dice Roller)"
"/gaming/gaming-fps-calculator","src/data/tools.ts","tool","Gaming Calculators","INDEX","https://usonlinetools.com/gaming/gaming-fps-calculator","200","Canonical Tool page (Gaming FPS Calculator)"
"/gaming/esports-earnings-calculator","src/data/tools.ts","tool","Gaming Calculators","INDEX","https://usonlinetools.com/gaming/esports-earnings-calculator","200","Canonical Tool page (Esports Earnings Calculator)"
"/image/online-image-resizer","src/data/tools.ts","tool","Image Tools","INDEX","https://usonlinetools.com/image/online-image-resizer","200","Canonical Tool page (Image Resizer)"
"/image/online-image-compressor","src/data/tools.ts","tool","Image Tools","INDEX","https://usonlinetools.com/image/online-image-compressor","200","Canonical Tool page (Image Compressor)"
"/image/online-image-cropper","src/data/tools.ts","tool","Image Tools","INDEX","https://usonlinetools.com/image/online-image-cropper","200","Canonical Tool page (Image Cropper)"
"/image/online-image-format-converter","src/data/tools.ts","tool","Image Tools","INDEX","https://usonlinetools.com/image/online-image-format-converter","200","Canonical Tool page (Image Format Converter)"
"/image/online-image-to-base64","src/data/tools.ts","tool","Image Tools","INDEX","https://usonlinetools.com/image/online-image-to-base64","200","Canonical Tool page (Image to Base64 Converter)"
"/image/online-base64-to-image","src/data/tools.ts","tool","Image Tools","INDEX","https://usonlinetools.com/image/online-base64-to-image","200","Canonical Tool page (Base64 to Image Converter)"
"/image/online-image-rotate-flip","src/data/tools.ts","tool","Image Tools","INDEX","https://usonlinetools.com/image/online-image-rotate-flip","200","Canonical Tool page (Image Rotate & Flip)"
"/image/online-image-color-picker","src/data/tools.ts","tool","Image Tools","INDEX","https://usonlinetools.com/image/online-image-color-picker","200","Canonical Tool page (Image Color Picker)"
"/image/online-image-watermark-tool","src/data/tools.ts","tool","Image Tools","INDEX","https://usonlinetools.com/image/online-image-watermark-tool","200","Canonical Tool page (Image Watermark Tool)"
"/image/online-image-filter-editor","src/data/tools.ts","tool","Image Tools","INDEX","https://usonlinetools.com/image/online-image-filter-editor","200","Canonical Tool page (Image Filter Editor)"
"/image/online-image-to-png","src/data/tools.ts","tool","Image Tools","INDEX","https://usonlinetools.com/image/online-image-to-png","200","Canonical Tool page (Image to PNG Converter)"
"/image/online-image-to-jpg","src/data/tools.ts","tool","Image Tools","INDEX","https://usonlinetools.com/image/online-image-to-jpg","200","Canonical Tool page (Image to JPG Converter)"
"/image/online-png-to-webp","src/data/tools.ts","tool","Image Tools","INDEX","https://usonlinetools.com/image/online-png-to-webp","200","Canonical Tool page (PNG to WebP Converter)"
"/image/online-svg-to-png","src/data/tools.ts","tool","Image Tools","INDEX","https://usonlinetools.com/image/online-svg-to-png","200","Canonical Tool page (SVG to PNG Converter)"
"/image/online-image-background-remover","src/data/tools.ts","tool","Image Tools","INDEX","https://usonlinetools.com/image/online-image-background-remover","200","Canonical Tool page (Background Remover)"
"/image/online-image-collage-maker","src/data/tools.ts","tool","Image Tools","INDEX","https://usonlinetools.com/image/online-image-collage-maker","200","Canonical Tool page (Image Collage Maker)"
"/image/online-qr-code-generator","src/data/tools.ts","tool","Image Tools","INDEX","https://usonlinetools.com/image/online-qr-code-generator","200","Canonical Tool page (QR Code Generator)"
"/image/online-meme-generator","src/data/tools.ts","tool","Image Tools","INDEX","https://usonlinetools.com/image/online-meme-generator","200","Canonical Tool page (Meme Generator)"
"/image/online-favicon-generator","src/data/tools.ts","tool","Image Tools","INDEX","https://usonlinetools.com/image/online-favicon-generator","200","Canonical Tool page (Favicon Generator)"
"/image/online-image-pixel-counter","src/data/tools.ts","tool","Image Tools","INDEX","https://usonlinetools.com/image/online-image-pixel-counter","200","Canonical Tool page (Image Pixel Counter)"
"/pdf/online-pdf-merge","src/data/tools.ts","tool","PDF Tools","INDEX","https://usonlinetools.com/pdf/online-pdf-merge","200","Canonical Tool page (PDF Merge)"
"/pdf/online-pdf-split","src/data/tools.ts","tool","PDF Tools","INDEX","https://usonlinetools.com/pdf/online-pdf-split","200","Canonical Tool page (PDF Split)"
"/pdf/online-pdf-compress","src/data/tools.ts","tool","PDF Tools","INDEX","https://usonlinetools.com/pdf/online-pdf-compress","200","Canonical Tool page (PDF Compressor)"
"/pdf/online-image-to-pdf","src/data/tools.ts","tool","PDF Tools","INDEX","https://usonlinetools.com/pdf/online-image-to-pdf","200","Canonical Tool page (Image to PDF Converter)"
"/pdf/online-pdf-to-image","src/data/tools.ts","tool","PDF Tools","INDEX","https://usonlinetools.com/pdf/online-pdf-to-image","200","Canonical Tool page (PDF to Image Converter)"
"/pdf/online-pdf-rotate","src/data/tools.ts","tool","PDF Tools","INDEX","https://usonlinetools.com/pdf/online-pdf-rotate","200","Canonical Tool page (PDF Page Rotator)"
"/pdf/online-pdf-page-remover","src/data/tools.ts","tool","PDF Tools","INDEX","https://usonlinetools.com/pdf/online-pdf-page-remover","200","Canonical Tool page (PDF Page Remover)"
"/pdf/online-pdf-page-reorder","src/data/tools.ts","tool","PDF Tools","INDEX","https://usonlinetools.com/pdf/online-pdf-page-reorder","200","Canonical Tool page (PDF Page Reorder)"
"/pdf/online-pdf-watermark","src/data/tools.ts","tool","PDF Tools","INDEX","https://usonlinetools.com/pdf/online-pdf-watermark","200","Canonical Tool page (PDF Watermark Tool)"
"/pdf/online-pdf-password-protect","src/data/tools.ts","tool","PDF Tools","INDEX","https://usonlinetools.com/pdf/online-pdf-password-protect","200","Canonical Tool page (PDF Password Protector)"
"/pdf/online-pdf-unlock","src/data/tools.ts","tool","PDF Tools","INDEX","https://usonlinetools.com/pdf/online-pdf-unlock","200","Canonical Tool page (PDF Unlock Tool)"
"/pdf/online-pdf-to-text","src/data/tools.ts","tool","PDF Tools","INDEX","https://usonlinetools.com/pdf/online-pdf-to-text","200","Canonical Tool page (PDF to Text Extractor)"
"/pdf/online-pdf-page-number","src/data/tools.ts","tool","PDF Tools","INDEX","https://usonlinetools.com/pdf/online-pdf-page-number","200","Canonical Tool page (PDF Page Number Adder)"
"/pdf/online-pdf-header-footer","src/data/tools.ts","tool","PDF Tools","INDEX","https://usonlinetools.com/pdf/online-pdf-header-footer","200","Canonical Tool page (PDF Header & Footer)"
"/pdf/online-jpg-to-pdf","src/data/tools.ts","tool","PDF Tools","INDEX","https://usonlinetools.com/pdf/online-jpg-to-pdf","200","Canonical Tool page (JPG to PDF Converter)"
"/pdf/online-pdf-sign","src/data/tools.ts","tool","PDF Tools","INDEX","https://usonlinetools.com/pdf/online-pdf-sign","200","Canonical Tool page (PDF Signature Tool)"
"/developer/online-json-formatter","src/data/tools.ts","tool","Developer Tools","INDEX","https://usonlinetools.com/developer/online-json-formatter","200","Canonical Tool page (JSON Formatter & Beautifier)"
"/developer/online-json-validator","src/data/tools.ts","tool","Developer Tools","INDEX","https://usonlinetools.com/developer/online-json-validator","200","Canonical Tool page (JSON Validator)"
"/developer/online-json-to-csv","src/data/tools.ts","tool","Developer Tools","INDEX","https://usonlinetools.com/developer/online-json-to-csv","200","Canonical Tool page (JSON to CSV Converter)"
"/developer/csv-to-json-converter","src/data/tools.ts","tool","Developer Tools","INDEX","https://usonlinetools.com/developer/csv-to-json-converter","200","Canonical Tool page (CSV to JSON Converter)"
"/developer/json-minifier","src/data/tools.ts","tool","Developer Tools","INDEX","https://usonlinetools.com/developer/json-minifier","200","Canonical Tool page (JSON Minifier)"
"/developer/online-html-formatter","src/data/tools.ts","tool","Developer Tools","INDEX","https://usonlinetools.com/developer/online-html-formatter","200","Canonical Tool page (HTML Formatter & Beautifier)"
"/developer/online-html-minifier","src/data/tools.ts","tool","Developer Tools","INDEX","https://usonlinetools.com/developer/online-html-minifier","200","Canonical Tool page (HTML Minifier)"
"/developer/online-css-minifier","src/data/tools.ts","tool","Developer Tools","INDEX","https://usonlinetools.com/developer/online-css-minifier","200","Canonical Tool page (CSS Minifier)"
"/developer/online-css-formatter","src/data/tools.ts","tool","Developer Tools","INDEX","https://usonlinetools.com/developer/online-css-formatter","200","Canonical Tool page (CSS Formatter & Beautifier)"
"/developer/online-javascript-minifier","src/data/tools.ts","tool","Developer Tools","INDEX","https://usonlinetools.com/developer/online-javascript-minifier","200","Canonical Tool page (JavaScript Minifier)"
"/developer/online-javascript-formatter","src/data/tools.ts","tool","Developer Tools","INDEX","https://usonlinetools.com/developer/online-javascript-formatter","200","Canonical Tool page (JavaScript Formatter)"
"/developer/online-regex-tester","src/data/tools.ts","tool","Developer Tools","INDEX","https://usonlinetools.com/developer/online-regex-tester","200","Canonical Tool page (Regex Tester)"
"/developer/url-encoder-decoder","src/data/tools.ts","tool","Developer Tools","INDEX","https://usonlinetools.com/developer/url-encoder-decoder","200","Canonical Tool page (URL Encoder & Decoder)"
"/developer/html-entity-encoder","src/data/tools.ts","tool","Developer Tools","INDEX","https://usonlinetools.com/developer/html-entity-encoder","200","Canonical Tool page (HTML Entity Encoder & Decoder)"
"/developer/online-jwt-decoder","src/data/tools.ts","tool","Developer Tools","INDEX","https://usonlinetools.com/developer/online-jwt-decoder","200","Canonical Tool page (JWT Decoder)"
"/developer/xml-formatter","src/data/tools.ts","tool","Developer Tools","INDEX","https://usonlinetools.com/developer/xml-formatter","200","Canonical Tool page (XML Formatter & Beautifier)"
"/developer/online-sql-formatter","src/data/tools.ts","tool","Developer Tools","INDEX","https://usonlinetools.com/developer/online-sql-formatter","200","Canonical Tool page (SQL Formatter)"
"/developer/online-markdown-previewer","src/data/tools.ts","tool","Developer Tools","INDEX","https://usonlinetools.com/developer/online-markdown-previewer","200","Canonical Tool page (Markdown Previewer)"
"/developer/text-diff-checker","src/data/tools.ts","tool","Developer Tools","INDEX","https://usonlinetools.com/developer/text-diff-checker","200","Canonical Tool page (Text Diff Checker)"
"/developer/url-slug-generator","src/data/tools.ts","tool","Developer Tools","INDEX","https://usonlinetools.com/developer/url-slug-generator","200","Canonical Tool page (URL Slug Generator)"
"/developer/cron-expression-generator","src/data/tools.ts","tool","Developer Tools","INDEX","https://usonlinetools.com/developer/cron-expression-generator","200","Canonical Tool page (Cron Expression Generator)"
"/developer/online-unix-timestamp-converter","src/data/tools.ts","tool","Developer Tools","INDEX","https://usonlinetools.com/developer/online-unix-timestamp-converter","200","Canonical Tool page (Online Unix Timestamp Converter)"
"/developer/online-uuid-generator","src/data/tools.ts","tool","Developer Tools","INDEX","https://usonlinetools.com/developer/online-uuid-generator","200","Canonical Tool page (Online UUID Generator)"
"/developer/online-lorem-ipsum-generator","src/data/tools.ts","tool","Developer Tools","INDEX","https://usonlinetools.com/developer/online-lorem-ipsum-generator","200","Canonical Tool page (Online Lorem Ipsum Generator)"
"/developer/color-code-converter","src/data/tools.ts","tool","Developer Tools","INDEX","https://usonlinetools.com/developer/color-code-converter","200","Canonical Tool page (Color Code Converter)"
"/developer/online-hash-generator","src/data/tools.ts","tool","Developer Tools","INDEX","https://usonlinetools.com/developer/online-hash-generator","200","Canonical Tool page (Hash Generator (MD5, SHA))"
"/developer/html-to-markdown","src/data/tools.ts","tool","Developer Tools","INDEX","https://usonlinetools.com/developer/html-to-markdown","200","Canonical Tool page (HTML to Markdown Converter)"
"/developer/markdown-to-html","src/data/tools.ts","tool","Developer Tools","INDEX","https://usonlinetools.com/developer/markdown-to-html","200","Canonical Tool page (Markdown to HTML Converter)"
"/developer/json-to-xml","src/data/tools.ts","tool","Developer Tools","INDEX","https://usonlinetools.com/developer/json-to-xml","200","Canonical Tool page (JSON to XML Converter)"
"/developer/yaml-to-json","src/data/tools.ts","tool","Developer Tools","INDEX","https://usonlinetools.com/developer/yaml-to-json","200","Canonical Tool page (YAML to JSON Converter)"
"/developer/string-escape-unescape","src/data/tools.ts","tool","Developer Tools","INDEX","https://usonlinetools.com/developer/string-escape-unescape","200","Canonical Tool page (String Escape & Unescape)"
"/developer/online-json-path-tester","src/data/tools.ts","tool","Developer Tools","INDEX","https://usonlinetools.com/developer/online-json-path-tester","200","Canonical Tool page (JSONPath Tester)"
"/developer/text-to-binary-converter","src/data/tools.ts","tool","Developer Tools","INDEX","https://usonlinetools.com/developer/text-to-binary-converter","200","Canonical Tool page (Text to Binary Converter)"
"/css-design/css-gradient-generator","src/data/tools.ts","tool","CSS & Design Tools","INDEX","https://usonlinetools.com/css-design/css-gradient-generator","200","Canonical Tool page (CSS Gradient Generator)"
"/css-design/css-box-shadow-generator","src/data/tools.ts","tool","CSS & Design Tools","INDEX","https://usonlinetools.com/css-design/css-box-shadow-generator","200","Canonical Tool page (CSS Box Shadow Generator)"
"/css-design/css-text-shadow-generator","src/data/tools.ts","tool","CSS & Design Tools","INDEX","https://usonlinetools.com/css-design/css-text-shadow-generator","200","Canonical Tool page (CSS Text Shadow Generator)"
"/css-design/css-border-radius-generator","src/data/tools.ts","tool","CSS & Design Tools","INDEX","https://usonlinetools.com/css-design/css-border-radius-generator","200","Canonical Tool page (CSS Border Radius Generator)"
"/css-design/css-flexbox-generator","src/data/tools.ts","tool","CSS & Design Tools","INDEX","https://usonlinetools.com/css-design/css-flexbox-generator","200","Canonical Tool page (CSS Flexbox Generator)"
"/css-design/css-grid-generator","src/data/tools.ts","tool","CSS & Design Tools","INDEX","https://usonlinetools.com/css-design/css-grid-generator","200","Canonical Tool page (CSS Grid Generator)"
"/css-design/css-animation-generator","src/data/tools.ts","tool","CSS & Design Tools","INDEX","https://usonlinetools.com/css-design/css-animation-generator","200","Canonical Tool page (CSS Animation Generator)"
"/css-design/css-clip-path-generator","src/data/tools.ts","tool","CSS & Design Tools","INDEX","https://usonlinetools.com/css-design/css-clip-path-generator","200","Canonical Tool page (CSS Clip-Path Generator)"
"/css-design/css-filter-generator","src/data/tools.ts","tool","CSS & Design Tools","INDEX","https://usonlinetools.com/css-design/css-filter-generator","200","Canonical Tool page (CSS Filter Generator)"
"/css-design/color-palette-generator","src/data/tools.ts","tool","CSS & Design Tools","INDEX","https://usonlinetools.com/css-design/color-palette-generator","200","Canonical Tool page (Color Palette Generator)"
"/css-design/color-contrast-checker","src/data/tools.ts","tool","CSS & Design Tools","INDEX","https://usonlinetools.com/css-design/color-contrast-checker","200","Canonical Tool page (Color Contrast Checker)"
"/css-design/color-picker-tool","src/data/tools.ts","tool","CSS & Design Tools","INDEX","https://usonlinetools.com/css-design/color-picker-tool","200","Canonical Tool page (Color Picker)"
"/css-design/hex-to-rgb-converter","src/data/tools.ts","tool","CSS & Design Tools","INDEX","https://usonlinetools.com/css-design/hex-to-rgb-converter","200","Canonical Tool page (HEX to RGB Converter)"
"/css-design/rgb-to-hex-converter","src/data/tools.ts","tool","CSS & Design Tools","INDEX","https://usonlinetools.com/css-design/rgb-to-hex-converter","200","Canonical Tool page (RGB to HEX Converter)"
"/css-design/tailwind-color-generator","src/data/tools.ts","tool","CSS & Design Tools","INDEX","https://usonlinetools.com/css-design/tailwind-color-generator","200","Canonical Tool page (Tailwind CSS Color Generator)"
"/css-design/glassmorphism-generator","src/data/tools.ts","tool","CSS & Design Tools","INDEX","https://usonlinetools.com/css-design/glassmorphism-generator","200","Canonical Tool page (Glassmorphism Generator)"
"/css-design/neumorphism-generator","src/data/tools.ts","tool","CSS & Design Tools","INDEX","https://usonlinetools.com/css-design/neumorphism-generator","200","Canonical Tool page (Neumorphism Generator)"
"/css-design/css-triangle-generator","src/data/tools.ts","tool","CSS & Design Tools","INDEX","https://usonlinetools.com/css-design/css-triangle-generator","200","Canonical Tool page (CSS Triangle Generator)"
"/seo/meta-tag-generator","src/data/tools.ts","tool","SEO Tools","INDEX","https://usonlinetools.com/seo/meta-tag-generator","200","Canonical Tool page (Meta Tag Generator)"
"/seo/open-graph-generator","src/data/tools.ts","tool","SEO Tools","INDEX","https://usonlinetools.com/seo/open-graph-generator","200","Canonical Tool page (Open Graph Tag Generator)"
"/seo/twitter-card-generator","src/data/tools.ts","tool","SEO Tools","INDEX","https://usonlinetools.com/seo/twitter-card-generator","200","Canonical Tool page (Twitter Card Generator)"
"/seo/online-robots-txt-generator","src/data/tools.ts","tool","SEO Tools","INDEX","https://usonlinetools.com/seo/online-robots-txt-generator","200","Canonical Tool page (Robots.txt Generator)"
"/seo/online-sitemap-generator","src/data/tools.ts","tool","SEO Tools","INDEX","https://usonlinetools.com/seo/online-sitemap-generator","200","Canonical Tool page (XML Sitemap Generator)"
"/seo/online-keyword-density-checker","src/data/tools.ts","tool","SEO Tools","INDEX","https://usonlinetools.com/seo/online-keyword-density-checker","200","Canonical Tool page (Keyword Density Checker)"
"/seo/serp-preview-tool","src/data/tools.ts","tool","SEO Tools","INDEX","https://usonlinetools.com/seo/serp-preview-tool","200","Canonical Tool page (Google SERP Preview)"
"/seo/schema-markup-generator","src/data/tools.ts","tool","SEO Tools","INDEX","https://usonlinetools.com/seo/schema-markup-generator","200","Canonical Tool page (Schema Markup Generator)"
"/seo/canonical-tag-generator","src/data/tools.ts","tool","SEO Tools","INDEX","https://usonlinetools.com/seo/canonical-tag-generator","200","Canonical Tool page (Canonical Tag Generator)"
"/seo/htaccess-redirect-generator","src/data/tools.ts","tool","SEO Tools","INDEX","https://usonlinetools.com/seo/htaccess-redirect-generator","200","Canonical Tool page (.htaccess Redirect Generator)"
"/seo/online-readability-checker","src/data/tools.ts","tool","SEO Tools","INDEX","https://usonlinetools.com/seo/online-readability-checker","200","Canonical Tool page (Readability Score Checker)"
"/seo/online-heading-tag-checker","src/data/tools.ts","tool","SEO Tools","INDEX","https://usonlinetools.com/seo/online-heading-tag-checker","200","Canonical Tool page (HTML Heading Tag Checker)"
"/seo/favicon-checker","src/data/tools.ts","tool","SEO Tools","INDEX","https://usonlinetools.com/seo/favicon-checker","200","Canonical Tool page (Favicon Code Generator)"
"/security/online-password-generator","src/data/tools.ts","tool","Security & Encryption","INDEX","https://usonlinetools.com/security/online-password-generator","200","Canonical Tool page (Password Generator)"
"/security/password-strength-checker","src/data/tools.ts","tool","Security & Encryption","INDEX","https://usonlinetools.com/security/password-strength-checker","200","Canonical Tool page (Password Strength Checker)"
"/security/md5-hash-generator","src/data/tools.ts","tool","Security & Encryption","INDEX","https://usonlinetools.com/security/md5-hash-generator","200","Canonical Tool page (MD5 Hash Generator)"
"/security/sha256-hash-generator","src/data/tools.ts","tool","Security & Encryption","INDEX","https://usonlinetools.com/security/sha256-hash-generator","200","Canonical Tool page (SHA-256 Hash Generator)"
"/security/sha1-hash-generator","src/data/tools.ts","tool","Security & Encryption","INDEX","https://usonlinetools.com/security/sha1-hash-generator","200","Canonical Tool page (SHA-1 Hash Generator)"
"/security/sha512-hash-generator","src/data/tools.ts","tool","Security & Encryption","INDEX","https://usonlinetools.com/security/sha512-hash-generator","200","Canonical Tool page (SHA-512 Hash Generator)"
"/security/online-bcrypt-hash-generator","src/data/tools.ts","tool","Security & Encryption","INDEX","https://usonlinetools.com/security/online-bcrypt-hash-generator","200","Canonical Tool page (Bcrypt Hash Generator)"
"/security/online-aes-encrypt-decrypt","src/data/tools.ts","tool","Security & Encryption","INDEX","https://usonlinetools.com/security/online-aes-encrypt-decrypt","200","Canonical Tool page (AES Encrypt & Decrypt)"
"/security/rsa-key-generator","src/data/tools.ts","tool","Security & Encryption","INDEX","https://usonlinetools.com/security/rsa-key-generator","200","Canonical Tool page (RSA Key Pair Generator)"
"/security/hmac-generator","src/data/tools.ts","tool","Security & Encryption","INDEX","https://usonlinetools.com/security/hmac-generator","200","Canonical Tool page (HMAC Generator)"
"/security/random-string-generator","src/data/tools.ts","tool","Security & Encryption","INDEX","https://usonlinetools.com/security/random-string-generator","200","Canonical Tool page (Random String Generator)"
"/security/encryption-decoder","src/data/tools.ts","tool","Security & Encryption","INDEX","https://usonlinetools.com/security/encryption-decoder","200","Canonical Tool page (Caesar Cipher Tool)"
"/security/binary-to-text","src/data/tools.ts","tool","Security & Encryption","INDEX","https://usonlinetools.com/security/binary-to-text","200","Canonical Tool page (Binary to Text Converter)"
"/security/hex-to-text","src/data/tools.ts","tool","Security & Encryption","INDEX","https://usonlinetools.com/security/hex-to-text","200","Canonical Tool page (Hex to Text Converter)"
"/security/online-morse-code-translator","src/data/tools.ts","tool","Security & Encryption","INDEX","https://usonlinetools.com/security/online-morse-code-translator","200","Canonical Tool page (Morse Code Translator)"
"/social-media/twitter-character-counter","src/data/tools.ts","tool","Social Media Tools","INDEX","https://usonlinetools.com/social-media/twitter-character-counter","200","Canonical Tool page (Twitter/X Character Counter)"
"/social-media/online-instagram-caption-counter","src/data/tools.ts","tool","Social Media Tools","INDEX","https://usonlinetools.com/social-media/online-instagram-caption-counter","200","Canonical Tool page (Instagram Caption Counter)"
"/social-media/online-social-media-image-resizer","src/data/tools.ts","tool","Social Media Tools","INDEX","https://usonlinetools.com/social-media/online-social-media-image-resizer","200","Canonical Tool page (Social Media Image Resizer)"
"/social-media/youtube-thumbnail-checker","src/data/tools.ts","tool","Social Media Tools","INDEX","https://usonlinetools.com/social-media/youtube-thumbnail-checker","200","Canonical Tool page (YouTube Thumbnail Checker)"
"/social-media/emoji-picker-and-copier","src/data/tools.ts","tool","Social Media Tools","INDEX","https://usonlinetools.com/social-media/emoji-picker-and-copier","200","Canonical Tool page (Emoji Picker & Copier)"
"/social-media/text-to-emoji-converter","src/data/tools.ts","tool","Social Media Tools","INDEX","https://usonlinetools.com/social-media/text-to-emoji-converter","200","Canonical Tool page (Text to Emoji Converter)"
"/social-media/online-linkedin-post-formatter","src/data/tools.ts","tool","Social Media Tools","INDEX","https://usonlinetools.com/social-media/online-linkedin-post-formatter","200","Canonical Tool page (LinkedIn Post Formatter)"
"/social-media/social-media-bio-generator","src/data/tools.ts","tool","Social Media Tools","INDEX","https://usonlinetools.com/social-media/social-media-bio-generator","200","Canonical Tool page (Social Media Bio Generator)"
"/social-media/unicode-text-converter","src/data/tools.ts","tool","Social Media Tools","INDEX","https://usonlinetools.com/social-media/unicode-text-converter","200","Canonical Tool page (Unicode Text Converter)"
"/social-media/tiktok-character-counter","src/data/tools.ts","tool","Social Media Tools","INDEX","https://usonlinetools.com/social-media/tiktok-character-counter","200","Canonical Tool page (TikTok Caption Counter)"
"/social-media/online-social-post-scheduler-planner","src/data/tools.ts","tool","Social Media Tools","INDEX","https://usonlinetools.com/social-media/online-social-post-scheduler-planner","200","Canonical Tool page (Social Post Planner)"
"/tools/percentage-calculator","src/App.tsx","legacy_redirect","","REDIRECT","https://usonlinetools.com/math/online-percentage-calculator","301","Redirects to canonical: /math/online-percentage-calculator"
"/math/percentage-calculator","src/App.tsx","legacy_redirect","","REDIRECT","https://usonlinetools.com/math/online-percentage-calculator","301","Redirects to canonical: /math/online-percentage-calculator"
"/tools/online-percentage-calculator","src/App.tsx","legacy_redirect","","REDIRECT","https://usonlinetools.com/math/online-percentage-calculator","301","Redirects to canonical: /math/online-percentage-calculator"
"/tools/fraction-to-decimal-calculator","src/App.tsx","legacy_redirect","","REDIRECT","https://usonlinetools.com/math/fraction-to-decimal-calculator","301","Redirects to canonical: /math/fraction-to-decimal-calculator"
"/tools/decimal-to-fraction-calculator","src/App.tsx","legacy_redirect","","REDIRECT","https://usonlinetools.com/math/decimal-to-fraction-calculator","301","Redirects to canonical: /math/decimal-to-fraction-calculator"
"/tools/ratio-calculator","src/App.tsx","legacy_redirect","","REDIRECT","https://usonlinetools.com/math/ratio-calculator","301","Redirects to canonical: /math/ratio-calculator"
"/tools/average-calculator","src/App.tsx","legacy_redirect","","REDIRECT","https://usonlinetools.com/math/average-calculator","301","Redirects to canonical: /math/average-calculator"
"/tools/online-scientific-calculator","src/App.tsx","legacy_redirect","","REDIRECT","https://usonlinetools.com/math/online-scientific-calculator","301","Redirects to canonical: /math/online-scientific-calculator"
"/tools/online-standard-deviation-calculator","src/App.tsx","legacy_redirect","","REDIRECT","https://usonlinetools.com/math/online-standard-deviation-calculator","301","Redirects to canonical: /math/online-standard-deviation-calculator"
"/tools/square-root-calculator","src/App.tsx","legacy_redirect","","REDIRECT","https://usonlinetools.com/math/square-root-calculator","301","Redirects to canonical: /math/square-root-calculator"
"/tools/cube-root-calculator","src/App.tsx","legacy_redirect","","REDIRECT","https://usonlinetools.com/math/cube-root-calculator","301","Redirects to canonical: /math/cube-root-calculator"
"/tools/power-calculator","src/App.tsx","legacy_redirect","","REDIRECT","https://usonlinetools.com/math/power-calculator","301","Redirects to canonical: /math/power-calculator"
"/tools/logarithm-calculator","src/App.tsx","legacy_redirect","","REDIRECT","https://usonlinetools.com/math/logarithm-calculator","301","Redirects to canonical: /math/logarithm-calculator"
"/tools/factorial-calculator","src/App.tsx","legacy_redirect","","REDIRECT","https://usonlinetools.com/math/factorial-calculator","301","Redirects to canonical: /math/factorial-calculator"
"/tools/prime-number-checker","src/App.tsx","legacy_redirect","","REDIRECT","https://usonlinetools.com/math/prime-number-checker","301","Redirects to canonical: /math/prime-number-checker"
"/tools/online-lcm-calculator","src/App.tsx","legacy_redirect","","REDIRECT","https://usonlinetools.com/math/online-lcm-calculator","301","Redirects to canonical: /math/online-lcm-calculator"
"/tools/online-gcd-calculator","src/App.tsx","legacy_redirect","","REDIRECT","https://usonlinetools.com/math/online-gcd-calculator","301","Redirects to canonical: /math/online-gcd-calculator"
"/tools/random-number-generator","src/App.tsx","legacy_redirect","","REDIRECT","https://usonlinetools.com/math/random-number-generator","301","Redirects to canonical: /math/random-number-generator"
"/tools/mean-median-mode-calculator","src/App.tsx","legacy_redirect","","REDIRECT","https://usonlinetools.com/math/mean-median-mode-calculator","301","Redirects to canonical: /math/mean-median-mode-calculator"
"/tools/rounding-numbers-calculator","src/App.tsx","legacy_redirect","","REDIRECT","https://usonlinetools.com/math/rounding-numbers-calculator","301","Redirects to canonical: /math/rounding-numbers-calculator"
"/tools/exponents-calculator","src/App.tsx","legacy_redirect","","REDIRECT","https://usonlinetools.com/math/exponents-calculator","301","Redirects to canonical: /math/exponents-calculator"
"/tools/variance-calculator","src/App.tsx","legacy_redirect","","REDIRECT","https://usonlinetools.com/math/variance-calculator","301","Redirects to canonical: /math/variance-calculator"
"/tools/number-sequence-generator","src/App.tsx","legacy_redirect","","REDIRECT","https://usonlinetools.com/math/number-sequence-generator","301","Redirects to canonical: /math/number-sequence-generator"
"/tools/divisibility-checker","src/App.tsx","legacy_redirect","","REDIRECT","https://usonlinetools.com/math/divisibility-checker","301","Redirects to canonical: /math/divisibility-checker"
"/tools/online-matrix-calculator","src/App.tsx","legacy_redirect","","REDIRECT","https://usonlinetools.com/math/online-matrix-calculator","301","Redirects to canonical: /math/online-matrix-calculator"
"/tools/online-quadratic-equation-solver","src/App.tsx","legacy_redirect","","REDIRECT","https://usonlinetools.com/math/online-quadratic-equation-solver","301","Redirects to canonical: /math/online-quadratic-equation-solver"
"/tools/permutation-calculator","src/App.tsx","legacy_redirect","","REDIRECT","https://usonlinetools.com/math/permutation-calculator","301","Redirects to canonical: /math/permutation-calculator"
"/tools/combination-calculator","src/App.tsx","legacy_redirect","","REDIRECT","https://usonlinetools.com/math/combination-calculator","301","Redirects to canonical: /math/combination-calculator"
"/tools/modulo-calculator","src/App.tsx","legacy_redirect","","REDIRECT","https://usonlinetools.com/math/modulo-calculator","301","Redirects to canonical: /math/modulo-calculator"
"/tools/proportion-calculator","src/App.tsx","legacy_redirect","","REDIRECT","https://usonlinetools.com/math/proportion-calculator","301","Redirects to canonical: /math/proportion-calculator"
"/tools/percentage-error-calculator","src/App.tsx","legacy_redirect","","REDIRECT","https://usonlinetools.com/math/percentage-error-calculator","301","Redirects to canonical: /math/percentage-error-calculator"
"/tools/fraction-calculator","src/App.tsx","legacy_redirect","","REDIRECT","https://usonlinetools.com/math/fraction-calculator","301","Redirects to canonical: /math/fraction-calculator"
"/tools/online-simple-interest-calculator","src/App.tsx","legacy_redirect","","REDIRECT","https://usonlinetools.com/finance/online-simple-interest-calculator","301","Redirects to canonical: /finance/online-simple-interest-calculator"
"/tools/online-compound-interest-calculator","src/App.tsx","legacy_redirect","","REDIRECT","https://usonlinetools.com/finance/online-compound-interest-calculator","301","Redirects to canonical: /finance/online-compound-interest-calculator"
"/tools/online-loan-emi-calculator","src/App.tsx","legacy_redirect","","REDIRECT","https://usonlinetools.com/finance/online-loan-emi-calculator","301","Redirects to canonical: /finance/online-loan-emi-calculator"
"/tools/discount-calculator","src/App.tsx","legacy_redirect","","REDIRECT","https://usonlinetools.com/finance/discount-calculator","301","Redirects to canonical: /finance/discount-calculator"
"/tools/profit-margin-calculator","src/App.tsx","legacy_redirect","","REDIRECT","https://usonlinetools.com/finance/profit-margin-calculator","301","Redirects to canonical: /finance/profit-margin-calculator"
"/tools/markup-calculator","src/App.tsx","legacy_redirect","","REDIRECT","https://usonlinetools.com/finance/markup-calculator","301","Redirects to canonical: /finance/markup-calculator"
"/tools/break-even-calculator","src/App.tsx","legacy_redirect","","REDIRECT","https://usonlinetools.com/finance/break-even-calculator","301","Redirects to canonical: /finance/break-even-calculator"
"/tools/online-roi-calculator","src/App.tsx","legacy_redirect","","REDIRECT","https://usonlinetools.com/finance/online-roi-calculator","301","Redirects to canonical: /finance/online-roi-calculator"
"/tools/savings-calculator","src/App.tsx","legacy_redirect","","REDIRECT","https://usonlinetools.com/finance/savings-calculator","301","Redirects to canonical: /finance/savings-calculator"
"/tools/online-cagr-calculator","src/App.tsx","legacy_redirect","","REDIRECT","https://usonlinetools.com/finance/online-cagr-calculator","301","Redirects to canonical: /finance/online-cagr-calculator"
"/tools/online-debt-to-income-calculator","src/App.tsx","legacy_redirect","","REDIRECT","https://usonlinetools.com/finance/online-debt-to-income-calculator","301","Redirects to canonical: /finance/online-debt-to-income-calculator"
"/tools/online-loan-to-value-calculator","src/App.tsx","legacy_redirect","","REDIRECT","https://usonlinetools.com/finance/online-loan-to-value-calculator","301","Redirects to canonical: /finance/online-loan-to-value-calculator"
"/tools/tip-calculator","src/App.tsx","legacy_redirect","","REDIRECT","https://usonlinetools.com/finance/tip-calculator","301","Redirects to canonical: /finance/tip-calculator"
"/tools/online-salary-calculator","src/App.tsx","legacy_redirect","","REDIRECT","https://usonlinetools.com/finance/online-salary-calculator","301","Redirects to canonical: /finance/online-salary-calculator"
"/tools/online-tax-calculator","src/App.tsx","legacy_redirect","","REDIRECT","https://usonlinetools.com/finance/online-tax-calculator","301","Redirects to canonical: /finance/online-tax-calculator"
"/tools/online-mortgage-payment-calculator","src/App.tsx","legacy_redirect","","REDIRECT","https://usonlinetools.com/finance/online-mortgage-payment-calculator","301","Redirects to canonical: /finance/online-mortgage-payment-calculator"
"/tools/online-gst-calculator","src/App.tsx","legacy_redirect","","REDIRECT","https://usonlinetools.com/finance/online-gst-calculator","301","Redirects to canonical: /finance/online-gst-calculator"
"/tools/online-inflation-calculator","src/App.tsx","legacy_redirect","","REDIRECT","https://usonlinetools.com/finance/online-inflation-calculator","301","Redirects to canonical: /finance/online-inflation-calculator"
"/tools/commission-calculator","src/App.tsx","legacy_redirect","","REDIRECT","https://usonlinetools.com/finance/commission-calculator","301","Redirects to canonical: /finance/commission-calculator"
"/tools/online-investment-growth-calculator","src/App.tsx","legacy_redirect","","REDIRECT","https://usonlinetools.com/finance/online-investment-growth-calculator","301","Redirects to canonical: /finance/online-investment-growth-calculator"
"/tools/online-budget-calculator","src/App.tsx","legacy_redirect","","REDIRECT","https://usonlinetools.com/finance/online-budget-calculator","301","Redirects to canonical: /finance/online-budget-calculator"
"/tools/expense-calculator","src/App.tsx","legacy_redirect","","REDIRECT","https://usonlinetools.com/finance/expense-calculator","301","Redirects to canonical: /finance/expense-calculator"
"/tools/cost-per-unit-calculator","src/App.tsx","legacy_redirect","","REDIRECT","https://usonlinetools.com/finance/cost-per-unit-calculator","301","Redirects to canonical: /finance/cost-per-unit-calculator"
"/tools/price-per-unit-calculator","src/App.tsx","legacy_redirect","","REDIRECT","https://usonlinetools.com/finance/price-per-unit-calculator","301","Redirects to canonical: /finance/price-per-unit-calculator"
"/tools/payback-period-calculator","src/App.tsx","legacy_redirect","","REDIRECT","https://usonlinetools.com/finance/payback-period-calculator","301","Redirects to canonical: /finance/payback-period-calculator"
"/tools/loan-interest-calculator","src/App.tsx","legacy_redirect","","REDIRECT","https://usonlinetools.com/finance/loan-interest-calculator","301","Redirects to canonical: /finance/loan-interest-calculator"
"/tools/savings-goal-calculator","src/App.tsx","legacy_redirect","","REDIRECT","https://usonlinetools.com/finance/savings-goal-calculator","301","Redirects to canonical: /finance/savings-goal-calculator"
"/tools/revenue-calculator","src/App.tsx","legacy_redirect","","REDIRECT","https://usonlinetools.com/finance/revenue-calculator","301","Redirects to canonical: /finance/revenue-calculator"
"/tools/cost-split-calculator","src/App.tsx","legacy_redirect","","REDIRECT","https://usonlinetools.com/finance/cost-split-calculator","301","Redirects to canonical: /finance/cost-split-calculator"
"/tools/depreciation-calculator","src/App.tsx","legacy_redirect","","REDIRECT","https://usonlinetools.com/finance/depreciation-calculator","301","Redirects to canonical: /finance/depreciation-calculator"
"/tools/net-worth-calculator","src/App.tsx","legacy_redirect","","REDIRECT","https://usonlinetools.com/finance/net-worth-calculator","301","Redirects to canonical: /finance/net-worth-calculator"
"/tools/online-retirement-calculator","src/App.tsx","legacy_redirect","","REDIRECT","https://usonlinetools.com/finance/online-retirement-calculator","301","Redirects to canonical: /finance/online-retirement-calculator"
"/tools/online-car-loan-calculator","src/App.tsx","legacy_redirect","","REDIRECT","https://usonlinetools.com/finance/online-car-loan-calculator","301","Redirects to canonical: /finance/online-car-loan-calculator"
"/tools/credit-card-payoff-calculator","src/App.tsx","legacy_redirect","","REDIRECT","https://usonlinetools.com/finance/credit-card-payoff-calculator","301","Redirects to canonical: /finance/credit-card-payoff-calculator"
"/tools/down-payment-calculator","src/App.tsx","legacy_redirect","","REDIRECT","https://usonlinetools.com/finance/down-payment-calculator","301","Redirects to canonical: /finance/down-payment-calculator"
"/tools/online-amortization-calculator","src/App.tsx","legacy_redirect","","REDIRECT","https://usonlinetools.com/finance/online-amortization-calculator","301","Redirects to canonical: /finance/online-amortization-calculator"
"/tools/stock-profit-calculator","src/App.tsx","legacy_redirect","","REDIRECT","https://usonlinetools.com/finance/stock-profit-calculator","301","Redirects to canonical: /finance/stock-profit-calculator"
"/tools/dividend-calculator","src/App.tsx","legacy_redirect","","REDIRECT","https://usonlinetools.com/finance/dividend-calculator","301","Redirects to canonical: /finance/dividend-calculator"
"/tools/online-currency-exchange-calculator","src/App.tsx","legacy_redirect","","REDIRECT","https://usonlinetools.com/finance/online-currency-exchange-calculator","301","Redirects to canonical: /finance/online-currency-exchange-calculator"
"/tools/hourly-to-salary-calculator","src/App.tsx","legacy_redirect","","REDIRECT","https://usonlinetools.com/finance/hourly-to-salary-calculator","301","Redirects to canonical: /finance/hourly-to-salary-calculator"
"/tools/online-length-converter","src/App.tsx","legacy_redirect","","REDIRECT","https://usonlinetools.com/conversion/online-length-converter","301","Redirects to canonical: /conversion/online-length-converter"
"/tools/online-weight-converter","src/App.tsx","legacy_redirect","","REDIRECT","https://usonlinetools.com/conversion/online-weight-converter","301","Redirects to canonical: /conversion/online-weight-converter"
"/tools/online-temperature-converter","src/App.tsx","legacy_redirect","","REDIRECT","https://usonlinetools.com/conversion/online-temperature-converter","301","Redirects to canonical: /conversion/online-temperature-converter"
"/tools/online-area-converter","src/App.tsx","legacy_redirect","","REDIRECT","https://usonlinetools.com/conversion/online-area-converter","301","Redirects to canonical: /conversion/online-area-converter"
"/tools/online-volume-converter","src/App.tsx","legacy_redirect","","REDIRECT","https://usonlinetools.com/conversion/online-volume-converter","301","Redirects to canonical: /conversion/online-volume-converter"
"/tools/online-speed-converter","src/App.tsx","legacy_redirect","","REDIRECT","https://usonlinetools.com/conversion/online-speed-converter","301","Redirects to canonical: /conversion/online-speed-converter"
"/tools/color-converter","src/App.tsx","legacy_redirect","","REDIRECT","https://usonlinetools.com/conversion/color-converter","301","Redirects to canonical: /conversion/color-converter"
"/tools/online-binary-to-decimal-converter","src/App.tsx","legacy_redirect","","REDIRECT","https://usonlinetools.com/conversion/online-binary-to-decimal-converter","301","Redirects to canonical: /conversion/online-binary-to-decimal-converter"
"/tools/decimal-to-binary-converter","src/App.tsx","legacy_redirect","","REDIRECT","https://usonlinetools.com/conversion/decimal-to-binary-converter","301","Redirects to canonical: /conversion/decimal-to-binary-converter"
"/tools/hex-to-decimal-converter","src/App.tsx","legacy_redirect","","REDIRECT","https://usonlinetools.com/conversion/hex-to-decimal-converter","301","Redirects to canonical: /conversion/hex-to-decimal-converter"
"/tools/online-roman-numeral-converter","src/App.tsx","legacy_redirect","","REDIRECT","https://usonlinetools.com/conversion/online-roman-numeral-converter","301","Redirects to canonical: /conversion/online-roman-numeral-converter"
"/tools/data-storage-converter","src/App.tsx","legacy_redirect","","REDIRECT","https://usonlinetools.com/conversion/data-storage-converter","301","Redirects to canonical: /conversion/data-storage-converter"
"/tools/energy-converter","src/App.tsx","legacy_redirect","","REDIRECT","https://usonlinetools.com/conversion/energy-converter","301","Redirects to canonical: /conversion/energy-converter"
"/tools/pressure-converter","src/App.tsx","legacy_redirect","","REDIRECT","https://usonlinetools.com/conversion/pressure-converter","301","Redirects to canonical: /conversion/pressure-converter"
"/tools/time-converter","src/App.tsx","legacy_redirect","","REDIRECT","https://usonlinetools.com/conversion/time-converter","301","Redirects to canonical: /conversion/time-converter"
"/tools/angle-converter","src/App.tsx","legacy_redirect","","REDIRECT","https://usonlinetools.com/conversion/angle-converter","301","Redirects to canonical: /conversion/angle-converter"
"/tools/frequency-converter","src/App.tsx","legacy_redirect","","REDIRECT","https://usonlinetools.com/conversion/frequency-converter","301","Redirects to canonical: /conversion/frequency-converter"
"/tools/fuel-efficiency-converter","src/App.tsx","legacy_redirect","","REDIRECT","https://usonlinetools.com/conversion/fuel-efficiency-converter","301","Redirects to canonical: /conversion/fuel-efficiency-converter"
"/tools/number-to-words-converter","src/App.tsx","legacy_redirect","","REDIRECT","https://usonlinetools.com/conversion/number-to-words-converter","301","Redirects to canonical: /conversion/number-to-words-converter"
"/tools/words-to-number-converter","src/App.tsx","legacy_redirect","","REDIRECT","https://usonlinetools.com/conversion/words-to-number-converter","301","Redirects to canonical: /conversion/words-to-number-converter"
"/tools/base-converter","src/App.tsx","legacy_redirect","","REDIRECT","https://usonlinetools.com/conversion/base-converter","301","Redirects to canonical: /conversion/base-converter"
"/tools/binary-to-hex-converter","src/App.tsx","legacy_redirect","","REDIRECT","https://usonlinetools.com/conversion/binary-to-hex-converter","301","Redirects to canonical: /conversion/binary-to-hex-converter"
"/tools/hex-to-binary-converter","src/App.tsx","legacy_redirect","","REDIRECT","https://usonlinetools.com/conversion/hex-to-binary-converter","301","Redirects to canonical: /conversion/hex-to-binary-converter"
"/tools/octal-converter","src/App.tsx","legacy_redirect","","REDIRECT","https://usonlinetools.com/conversion/octal-converter","301","Redirects to canonical: /conversion/octal-converter"
"/tools/unit-price-converter","src/App.tsx","legacy_redirect","","REDIRECT","https://usonlinetools.com/conversion/unit-price-converter","301","Redirects to canonical: /conversion/unit-price-converter"
"/tools/density-converter","src/App.tsx","legacy_redirect","","REDIRECT","https://usonlinetools.com/conversion/density-converter","301","Redirects to canonical: /conversion/density-converter"
"/tools/power-converter","src/App.tsx","legacy_redirect","","REDIRECT","https://usonlinetools.com/conversion/power-converter","301","Redirects to canonical: /conversion/power-converter"
"/tools/torque-converter","src/App.tsx","legacy_redirect","","REDIRECT","https://usonlinetools.com/conversion/torque-converter","301","Redirects to canonical: /conversion/torque-converter"
"/tools/force-converter","src/App.tsx","legacy_redirect","","REDIRECT","https://usonlinetools.com/conversion/force-converter","301","Redirects to canonical: /conversion/force-converter"
"/tools/electric-current-converter","src/App.tsx","legacy_redirect","","REDIRECT","https://usonlinetools.com/conversion/electric-current-converter","301","Redirects to canonical: /conversion/electric-current-converter"
"/tools/online-shoe-size-converter","src/App.tsx","legacy_redirect","","REDIRECT","https://usonlinetools.com/conversion/online-shoe-size-converter","301","Redirects to canonical: /conversion/online-shoe-size-converter"
"/tools/online-cooking-converter","src/App.tsx","legacy_redirect","","REDIRECT","https://usonlinetools.com/conversion/online-cooking-converter","301","Redirects to canonical: /conversion/online-cooking-converter"
"/tools/online-age-calculator","src/App.tsx","legacy_redirect","","REDIRECT","https://usonlinetools.com/time-date/online-age-calculator","301","Redirects to canonical: /time-date/online-age-calculator"
"/tools/date-difference-calculator","src/App.tsx","legacy_redirect","","REDIRECT","https://usonlinetools.com/time-date/date-difference-calculator","301","Redirects to canonical: /time-date/date-difference-calculator"
"/tools/online-countdown-timer","src/App.tsx","legacy_redirect","","REDIRECT","https://usonlinetools.com/time-date/online-countdown-timer","301","Redirects to canonical: /time-date/online-countdown-timer"
"/tools/time-duration-calculator","src/App.tsx","legacy_redirect","","REDIRECT","https://usonlinetools.com/time-date/time-duration-calculator","301","Redirects to canonical: /time-date/time-duration-calculator"
"/tools/work-hours-calculator","src/App.tsx","legacy_redirect","","REDIRECT","https://usonlinetools.com/time-date/work-hours-calculator","301","Redirects to canonical: /time-date/work-hours-calculator"
"/tools/business-days-calculator","src/App.tsx","legacy_redirect","","REDIRECT","https://usonlinetools.com/time-date/business-days-calculator","301","Redirects to canonical: /time-date/business-days-calculator"
"/tools/leap-year-checker","src/App.tsx","legacy_redirect","","REDIRECT","https://usonlinetools.com/time-date/leap-year-checker","301","Redirects to canonical: /time-date/leap-year-checker"
"/tools/online-time-zone-converter","src/App.tsx","legacy_redirect","","REDIRECT","https://usonlinetools.com/time-date/online-time-zone-converter","301","Redirects to canonical: /time-date/online-time-zone-converter"
"/tools/online-stopwatch","src/App.tsx","legacy_redirect","","REDIRECT","https://usonlinetools.com/time-date/online-stopwatch","301","Redirects to canonical: /time-date/online-stopwatch"
"/tools/half-birthday-calculator","src/App.tsx","legacy_redirect","","REDIRECT","https://usonlinetools.com/time-date/half-birthday-calculator","301","Redirects to canonical: /time-date/half-birthday-calculator"
"/tools/week-number-calculator","src/App.tsx","legacy_redirect","","REDIRECT","https://usonlinetools.com/time-date/week-number-calculator","301","Redirects to canonical: /time-date/week-number-calculator"
"/tools/overtime-calculator","src/App.tsx","legacy_redirect","","REDIRECT","https://usonlinetools.com/time-date/overtime-calculator","301","Redirects to canonical: /time-date/overtime-calculator"
"/tools/days-between-dates-calculator","src/App.tsx","legacy_redirect","","REDIRECT","https://usonlinetools.com/time-date/days-between-dates-calculator","301","Redirects to canonical: /time-date/days-between-dates-calculator"
"/tools/working-days-calculator","src/App.tsx","legacy_redirect","","REDIRECT","https://usonlinetools.com/time-date/working-days-calculator","301","Redirects to canonical: /time-date/working-days-calculator"
"/tools/time-addition-calculator","src/App.tsx","legacy_redirect","","REDIRECT","https://usonlinetools.com/time-date/time-addition-calculator","301","Redirects to canonical: /time-date/time-addition-calculator"
"/tools/time-subtraction-calculator","src/App.tsx","legacy_redirect","","REDIRECT","https://usonlinetools.com/time-date/time-subtraction-calculator","301","Redirects to canonical: /time-date/time-subtraction-calculator"
"/tools/meeting-time-calculator","src/App.tsx","legacy_redirect","","REDIRECT","https://usonlinetools.com/time-date/meeting-time-calculator","301","Redirects to canonical: /time-date/meeting-time-calculator"
"/tools/shift-schedule-calculator","src/App.tsx","legacy_redirect","","REDIRECT","https://usonlinetools.com/time-date/shift-schedule-calculator","301","Redirects to canonical: /time-date/shift-schedule-calculator"
"/tools/deadline-calculator","src/App.tsx","legacy_redirect","","REDIRECT","https://usonlinetools.com/time-date/deadline-calculator","301","Redirects to canonical: /time-date/deadline-calculator"
"/tools/study-time-calculator","src/App.tsx","legacy_redirect","","REDIRECT","https://usonlinetools.com/time-date/study-time-calculator","301","Redirects to canonical: /time-date/study-time-calculator"
"/tools/reading-time-calculator","src/App.tsx","legacy_redirect","","REDIRECT","https://usonlinetools.com/time-date/reading-time-calculator","301","Redirects to canonical: /time-date/reading-time-calculator"
"/tools/event-countdown-timer","src/App.tsx","legacy_redirect","","REDIRECT","https://usonlinetools.com/time-date/event-countdown-timer","301","Redirects to canonical: /time-date/event-countdown-timer"
"/tools/hourly-time-calculator","src/App.tsx","legacy_redirect","","REDIRECT","https://usonlinetools.com/time-date/hourly-time-calculator","301","Redirects to canonical: /time-date/hourly-time-calculator"
"/tools/shift-hours-calculator","src/App.tsx","legacy_redirect","","REDIRECT","https://usonlinetools.com/time-date/shift-hours-calculator","301","Redirects to canonical: /time-date/shift-hours-calculator"
"/tools/time-tracking-calculator","src/App.tsx","legacy_redirect","","REDIRECT","https://usonlinetools.com/time-date/time-tracking-calculator","301","Redirects to canonical: /time-date/time-tracking-calculator"
"/tools/time-calculator","src/App.tsx","legacy_redirect","","REDIRECT","https://usonlinetools.com/time-date/time-calculator","301","Redirects to canonical: /time-date/time-calculator"
"/tools/online-military-time-converter","src/App.tsx","legacy_redirect","","REDIRECT","https://usonlinetools.com/time-date/online-military-time-converter","301","Redirects to canonical: /time-date/online-military-time-converter"
"/tools/era-calculator","src/App.tsx","legacy_redirect","","REDIRECT","https://usonlinetools.com/time-date/era-calculator","301","Redirects to canonical: /time-date/era-calculator"
"/tools/zodiac-sign-calculator","src/App.tsx","legacy_redirect","","REDIRECT","https://usonlinetools.com/time-date/zodiac-sign-calculator","301","Redirects to canonical: /time-date/zodiac-sign-calculator"
"/tools/chinese-zodiac-calculator","src/App.tsx","legacy_redirect","","REDIRECT","https://usonlinetools.com/time-date/chinese-zodiac-calculator","301","Redirects to canonical: /time-date/chinese-zodiac-calculator"
"/tools/age-in-days-calculator","src/App.tsx","legacy_redirect","","REDIRECT","https://usonlinetools.com/time-date/age-in-days-calculator","301","Redirects to canonical: /time-date/age-in-days-calculator"
"/tools/retirement-age-calculator","src/App.tsx","legacy_redirect","","REDIRECT","https://usonlinetools.com/time-date/retirement-age-calculator","301","Redirects to canonical: /time-date/retirement-age-calculator"
"/tools/online-bmi-calculator","src/App.tsx","legacy_redirect","","REDIRECT","https://usonlinetools.com/health/online-bmi-calculator","301","Redirects to canonical: /health/online-bmi-calculator"
"/tools/online-bmr-calculator","src/App.tsx","legacy_redirect","","REDIRECT","https://usonlinetools.com/health/online-bmr-calculator","301","Redirects to canonical: /health/online-bmr-calculator"
"/tools/online-body-surface-area-calculator","src/App.tsx","legacy_redirect","","REDIRECT","https://usonlinetools.com/health/online-body-surface-area-calculator","301","Redirects to canonical: /health/online-body-surface-area-calculator"
"/tools/online-tdee-calculator","src/App.tsx","legacy_redirect","","REDIRECT","https://usonlinetools.com/health/online-tdee-calculator","301","Redirects to canonical: /health/online-tdee-calculator"
"/tools/calorie-intake-calculator","src/App.tsx","legacy_redirect","","REDIRECT","https://usonlinetools.com/health/calorie-intake-calculator","301","Redirects to canonical: /health/calorie-intake-calculator"
"/tools/water-intake-calculator","src/App.tsx","legacy_redirect","","REDIRECT","https://usonlinetools.com/health/water-intake-calculator","301","Redirects to canonical: /health/water-intake-calculator"
"/tools/ideal-weight-calculator","src/App.tsx","legacy_redirect","","REDIRECT","https://usonlinetools.com/health/ideal-weight-calculator","301","Redirects to canonical: /health/ideal-weight-calculator"
"/tools/body-fat-calculator","src/App.tsx","legacy_redirect","","REDIRECT","https://usonlinetools.com/health/body-fat-calculator","301","Redirects to canonical: /health/body-fat-calculator"
"/tools/protein-intake-calculator","src/App.tsx","legacy_redirect","","REDIRECT","https://usonlinetools.com/health/protein-intake-calculator","301","Redirects to canonical: /health/protein-intake-calculator"
"/tools/running-pace-calculator","src/App.tsx","legacy_redirect","","REDIRECT","https://usonlinetools.com/health/running-pace-calculator","301","Redirects to canonical: /health/running-pace-calculator"
"/tools/heart-rate-calculator","src/App.tsx","legacy_redirect","","REDIRECT","https://usonlinetools.com/health/heart-rate-calculator","301","Redirects to canonical: /health/heart-rate-calculator"
"/tools/sleep-calculator","src/App.tsx","legacy_redirect","","REDIRECT","https://usonlinetools.com/health/sleep-calculator","301","Redirects to canonical: /health/sleep-calculator"
"/tools/pregnancy-due-date-calculator","src/App.tsx","legacy_redirect","","REDIRECT","https://usonlinetools.com/health/pregnancy-due-date-calculator","301","Redirects to canonical: /health/pregnancy-due-date-calculator"
"/tools/ovulation-calculator","src/App.tsx","legacy_redirect","","REDIRECT","https://usonlinetools.com/calculators/ovulation-calculator/","301","Redirects to canonical: /calculators/ovulation-calculator/"
"/health/ovulation-calculator","src/App.tsx","legacy_redirect","","REDIRECT","https://usonlinetools.com/calculators/ovulation-calculator/","301","Redirects to canonical: /calculators/ovulation-calculator/"
"/tools/calorie-deficit-calculator","src/App.tsx","legacy_redirect","","REDIRECT","https://usonlinetools.com/health/calorie-deficit-calculator","301","Redirects to canonical: /health/calorie-deficit-calculator"
"/tools/cat-age-calculator","src/App.tsx","legacy_redirect","","REDIRECT","https://usonlinetools.com/health/cat-age-calculator","301","Redirects to canonical: /health/cat-age-calculator"
"/tools/dog-age-calculator","src/App.tsx","legacy_redirect","","REDIRECT","https://usonlinetools.com/health/dog-age-calculator","301","Redirects to canonical: /health/dog-age-calculator"
"/tools/lean-body-mass-calculator","src/App.tsx","legacy_redirect","","REDIRECT","https://usonlinetools.com/health/lean-body-mass-calculator","301","Redirects to canonical: /health/lean-body-mass-calculator"
"/tools/daily-calories-burn-calculator","src/App.tsx","legacy_redirect","","REDIRECT","https://usonlinetools.com/health/daily-calories-burn-calculator","301","Redirects to canonical: /health/daily-calories-burn-calculator"
"/tools/one-rep-max-calculator","src/App.tsx","legacy_redirect","","REDIRECT","https://usonlinetools.com/health/one-rep-max-calculator","301","Redirects to canonical: /health/one-rep-max-calculator"
"/tools/body-type-calculator","src/App.tsx","legacy_redirect","","REDIRECT","https://usonlinetools.com/health/body-type-calculator","301","Redirects to canonical: /health/body-type-calculator"
"/tools/fitness-age-calculator","src/App.tsx","legacy_redirect","","REDIRECT","https://usonlinetools.com/health/fitness-age-calculator","301","Redirects to canonical: /health/fitness-age-calculator"
"/tools/walking-calories-calculator","src/App.tsx","legacy_redirect","","REDIRECT","https://usonlinetools.com/health/walking-calories-calculator","301","Redirects to canonical: /health/walking-calories-calculator"
"/tools/cycling-calories-calculator","src/App.tsx","legacy_redirect","","REDIRECT","https://usonlinetools.com/health/cycling-calories-calculator","301","Redirects to canonical: /health/cycling-calories-calculator"
"/tools/macro-nutrient-calculator","src/App.tsx","legacy_redirect","","REDIRECT","https://usonlinetools.com/health/macro-nutrient-calculator","301","Redirects to canonical: /health/macro-nutrient-calculator"
"/tools/fat-intake-calculator","src/App.tsx","legacy_redirect","","REDIRECT","https://usonlinetools.com/health/fat-intake-calculator","301","Redirects to canonical: /health/fat-intake-calculator"
"/tools/workout-duration-calculator","src/App.tsx","legacy_redirect","","REDIRECT","https://usonlinetools.com/health/workout-duration-calculator","301","Redirects to canonical: /health/workout-duration-calculator"
"/tools/step-counter-estimator","src/App.tsx","legacy_redirect","","REDIRECT","https://usonlinetools.com/health/step-counter-estimator","301","Redirects to canonical: /health/step-counter-estimator"
"/tools/calorie-calculator","src/App.tsx","legacy_redirect","","REDIRECT","https://usonlinetools.com/health/calorie-calculator","301","Redirects to canonical: /health/calorie-calculator"
"/tools/bac-calculator","src/App.tsx","legacy_redirect","","REDIRECT","https://usonlinetools.com/health/bac-calculator","301","Redirects to canonical: /health/bac-calculator"
"/tools/waist-to-hip-ratio-calculator","src/App.tsx","legacy_redirect","","REDIRECT","https://usonlinetools.com/health/waist-to-hip-ratio-calculator","301","Redirects to canonical: /health/waist-to-hip-ratio-calculator"
"/tools/keto-calculator","src/App.tsx","legacy_redirect","","REDIRECT","https://usonlinetools.com/health/keto-calculator","301","Redirects to canonical: /health/keto-calculator"
"/tools/intermittent-fasting-calculator","src/App.tsx","legacy_redirect","","REDIRECT","https://usonlinetools.com/health/intermittent-fasting-calculator","301","Redirects to canonical: /health/intermittent-fasting-calculator"
"/tools/vo2-max-calculator","src/App.tsx","legacy_redirect","","REDIRECT","https://usonlinetools.com/health/vo2-max-calculator","301","Redirects to canonical: /health/vo2-max-calculator"
"/tools/concrete-calculator","src/App.tsx","legacy_redirect","","REDIRECT","https://usonlinetools.com/construction/concrete-calculator","301","Redirects to canonical: /construction/concrete-calculator"
"/tools/cement-calculator","src/App.tsx","legacy_redirect","","REDIRECT","https://usonlinetools.com/construction/cement-calculator","301","Redirects to canonical: /construction/cement-calculator"
"/tools/brick-calculator","src/App.tsx","legacy_redirect","","REDIRECT","https://usonlinetools.com/construction/brick-calculator","301","Redirects to canonical: /construction/brick-calculator"
"/tools/steel-weight-calculator","src/App.tsx","legacy_redirect","","REDIRECT","https://usonlinetools.com/construction/steel-weight-calculator","301","Redirects to canonical: /construction/steel-weight-calculator"
"/tools/paint-calculator","src/App.tsx","legacy_redirect","","REDIRECT","https://usonlinetools.com/construction/paint-calculator","301","Redirects to canonical: /construction/paint-calculator"
"/tools/tile-calculator","src/App.tsx","legacy_redirect","","REDIRECT","https://usonlinetools.com/construction/tile-calculator","301","Redirects to canonical: /construction/tile-calculator"
"/tools/flooring-calculator","src/App.tsx","legacy_redirect","","REDIRECT","https://usonlinetools.com/construction/flooring-calculator","301","Redirects to canonical: /construction/flooring-calculator"
"/tools/room-area-calculator","src/App.tsx","legacy_redirect","","REDIRECT","https://usonlinetools.com/construction/room-area-calculator","301","Redirects to canonical: /construction/room-area-calculator"
"/tools/roof-area-calculator","src/App.tsx","legacy_redirect","","REDIRECT","https://usonlinetools.com/construction/roof-area-calculator","301","Redirects to canonical: /construction/roof-area-calculator"
"/tools/water-tank-calculator","src/App.tsx","legacy_redirect","","REDIRECT","https://usonlinetools.com/construction/water-tank-calculator","301","Redirects to canonical: /construction/water-tank-calculator"
"/tools/asphalt-calculator","src/App.tsx","legacy_redirect","","REDIRECT","https://usonlinetools.com/construction/asphalt-calculator","301","Redirects to canonical: /construction/asphalt-calculator"
"/tools/gravel-calculator","src/App.tsx","legacy_redirect","","REDIRECT","https://usonlinetools.com/construction/gravel-calculator","301","Redirects to canonical: /construction/gravel-calculator"
"/tools/fence-length-calculator","src/App.tsx","legacy_redirect","","REDIRECT","https://usonlinetools.com/construction/fence-length-calculator","301","Redirects to canonical: /construction/fence-length-calculator"
"/tools/lumber-calculator","src/App.tsx","legacy_redirect","","REDIRECT","https://usonlinetools.com/construction/lumber-calculator","301","Redirects to canonical: /construction/lumber-calculator"
"/tools/wall-area-calculator","src/App.tsx","legacy_redirect","","REDIRECT","https://usonlinetools.com/construction/wall-area-calculator","301","Redirects to canonical: /construction/wall-area-calculator"
"/tools/pipe-volume-calculator","src/App.tsx","legacy_redirect","","REDIRECT","https://usonlinetools.com/construction/pipe-volume-calculator","301","Redirects to canonical: /construction/pipe-volume-calculator"
"/tools/sand-calculator","src/App.tsx","legacy_redirect","","REDIRECT","https://usonlinetools.com/construction/sand-calculator","301","Redirects to canonical: /construction/sand-calculator"
"/tools/excavation-calculator","src/App.tsx","legacy_redirect","","REDIRECT","https://usonlinetools.com/construction/excavation-calculator","301","Redirects to canonical: /construction/excavation-calculator"
"/tools/stair-calculator","src/App.tsx","legacy_redirect","","REDIRECT","https://usonlinetools.com/construction/stair-calculator","301","Redirects to canonical: /construction/stair-calculator"
"/tools/material-cost-calculator","src/App.tsx","legacy_redirect","","REDIRECT","https://usonlinetools.com/construction/material-cost-calculator","301","Redirects to canonical: /construction/material-cost-calculator"
"/tools/deck-area-calculator","src/App.tsx","legacy_redirect","","REDIRECT","https://usonlinetools.com/construction/deck-area-calculator","301","Redirects to canonical: /construction/deck-area-calculator"
"/tools/plaster-calculator","src/App.tsx","legacy_redirect","","REDIRECT","https://usonlinetools.com/construction/plaster-calculator","301","Redirects to canonical: /construction/plaster-calculator"
"/tools/insulation-calculator","src/App.tsx","legacy_redirect","","REDIRECT","https://usonlinetools.com/construction/insulation-calculator","301","Redirects to canonical: /construction/insulation-calculator"
"/tools/concrete-block-calculator","src/App.tsx","legacy_redirect","","REDIRECT","https://usonlinetools.com/construction/concrete-block-calculator","301","Redirects to canonical: /construction/concrete-block-calculator"
"/tools/paver-calculator","src/App.tsx","legacy_redirect","","REDIRECT","https://usonlinetools.com/construction/paver-calculator","301","Redirects to canonical: /construction/paver-calculator"
"/tools/bitumen-calculator","src/App.tsx","legacy_redirect","","REDIRECT","https://usonlinetools.com/construction/bitumen-calculator","301","Redirects to canonical: /construction/bitumen-calculator"
"/tools/pool-salt-calculator","src/App.tsx","legacy_redirect","","REDIRECT","https://usonlinetools.com/construction/pool-salt-calculator","301","Redirects to canonical: /construction/pool-salt-calculator"
"/tools/rebar-calculator","src/App.tsx","legacy_redirect","","REDIRECT","https://usonlinetools.com/construction/rebar-calculator","301","Redirects to canonical: /construction/rebar-calculator"
"/tools/drywall-calculator","src/App.tsx","legacy_redirect","","REDIRECT","https://usonlinetools.com/construction/drywall-calculator","301","Redirects to canonical: /construction/drywall-calculator"
"/tools/wallpaper-calculator","src/App.tsx","legacy_redirect","","REDIRECT","https://usonlinetools.com/construction/wallpaper-calculator","301","Redirects to canonical: /construction/wallpaper-calculator"
"/tools/mulch-calculator","src/App.tsx","legacy_redirect","","REDIRECT","https://usonlinetools.com/construction/mulch-calculator","301","Redirects to canonical: /construction/mulch-calculator"
"/tools/soil-calculator","src/App.tsx","legacy_redirect","","REDIRECT","https://usonlinetools.com/construction/soil-calculator","301","Redirects to canonical: /construction/soil-calculator"
"/tools/solar-panel-calculator","src/App.tsx","legacy_redirect","","REDIRECT","https://usonlinetools.com/construction/solar-panel-calculator","301","Redirects to canonical: /construction/solar-panel-calculator"
"/tools/electrical-load-calculator","src/App.tsx","legacy_redirect","","REDIRECT","https://usonlinetools.com/construction/electrical-load-calculator","301","Redirects to canonical: /construction/electrical-load-calculator"
"/tools/online-word-counter","src/App.tsx","legacy_redirect","","REDIRECT","https://usonlinetools.com/productivity/online-word-counter","301","Redirects to canonical: /productivity/online-word-counter"
"/tools/random-name-generator","src/App.tsx","legacy_redirect","","REDIRECT","https://usonlinetools.com/productivity/random-name-generator","301","Redirects to canonical: /productivity/random-name-generator"
"/tools/username-generator","src/App.tsx","legacy_redirect","","REDIRECT","https://usonlinetools.com/productivity/username-generator","301","Redirects to canonical: /productivity/username-generator"
"/tools/dice-roller","src/App.tsx","legacy_redirect","","REDIRECT","https://usonlinetools.com/productivity/dice-roller","301","Redirects to canonical: /productivity/dice-roller"
"/tools/coin-flip","src/App.tsx","legacy_redirect","","REDIRECT","https://usonlinetools.com/productivity/coin-flip","301","Redirects to canonical: /productivity/coin-flip"
"/tools/random-color-generator","src/App.tsx","legacy_redirect","","REDIRECT","https://usonlinetools.com/productivity/random-color-generator","301","Redirects to canonical: /productivity/random-color-generator"
"/tools/case-converter","src/App.tsx","legacy_redirect","","REDIRECT","https://usonlinetools.com/productivity/case-converter","301","Redirects to canonical: /productivity/case-converter"
"/tools/text-reverser","src/App.tsx","legacy_redirect","","REDIRECT","https://usonlinetools.com/productivity/text-reverser","301","Redirects to canonical: /productivity/text-reverser"
"/tools/duplicate-line-remover","src/App.tsx","legacy_redirect","","REDIRECT","https://usonlinetools.com/productivity/duplicate-line-remover","301","Redirects to canonical: /productivity/duplicate-line-remover"
"/tools/alphabetical-sort","src/App.tsx","legacy_redirect","","REDIRECT","https://usonlinetools.com/productivity/alphabetical-sort","301","Redirects to canonical: /productivity/alphabetical-sort"
"/tools/palindrome-checker","src/App.tsx","legacy_redirect","","REDIRECT","https://usonlinetools.com/productivity/palindrome-checker","301","Redirects to canonical: /productivity/palindrome-checker"
"/tools/hashtag-generator","src/App.tsx","legacy_redirect","","REDIRECT","https://usonlinetools.com/productivity/hashtag-generator","301","Redirects to canonical: /productivity/hashtag-generator"
"/tools/word-frequency-counter","src/App.tsx","legacy_redirect","","REDIRECT","https://usonlinetools.com/productivity/word-frequency-counter","301","Redirects to canonical: /productivity/word-frequency-counter"
"/tools/random-letter-generator","src/App.tsx","legacy_redirect","","REDIRECT","https://usonlinetools.com/productivity/random-letter-generator","301","Redirects to canonical: /productivity/random-letter-generator"
"/tools/random-picker-tool","src/App.tsx","legacy_redirect","","REDIRECT","https://usonlinetools.com/productivity/random-picker-tool","301","Redirects to canonical: /productivity/random-picker-tool"
"/tools/spin-wheel-generator","src/App.tsx","legacy_redirect","","REDIRECT","https://usonlinetools.com/productivity/spin-wheel-generator","301","Redirects to canonical: /productivity/spin-wheel-generator"
"/tools/character-counter-tool","src/App.tsx","legacy_redirect","","REDIRECT","https://usonlinetools.com/productivity/character-counter-tool","301","Redirects to canonical: /productivity/character-counter-tool"
"/tools/line-counter-tool","src/App.tsx","legacy_redirect","","REDIRECT","https://usonlinetools.com/productivity/line-counter-tool","301","Redirects to canonical: /productivity/line-counter-tool"
"/tools/remove-extra-spaces-tool","src/App.tsx","legacy_redirect","","REDIRECT","https://usonlinetools.com/productivity/remove-extra-spaces-tool","301","Redirects to canonical: /productivity/remove-extra-spaces-tool"
"/tools/sort-text-lines-tool","src/App.tsx","legacy_redirect","","REDIRECT","https://usonlinetools.com/productivity/sort-text-lines-tool","301","Redirects to canonical: /productivity/sort-text-lines-tool"
"/tools/list-randomizer-tool","src/App.tsx","legacy_redirect","","REDIRECT","https://usonlinetools.com/productivity/list-randomizer-tool","301","Redirects to canonical: /productivity/list-randomizer-tool"
"/tools/text-formatter-tool","src/App.tsx","legacy_redirect","","REDIRECT","https://usonlinetools.com/productivity/text-formatter-tool","301","Redirects to canonical: /productivity/text-formatter-tool"
"/tools/uuid-generator","src/App.tsx","legacy_redirect","","REDIRECT","https://usonlinetools.com/developer/online-uuid-generator","301","Redirects to canonical: /developer/online-uuid-generator"
"/developer/uuid-generator","src/App.tsx","legacy_redirect","","REDIRECT","https://usonlinetools.com/developer/online-uuid-generator","301","Redirects to canonical: /developer/online-uuid-generator"
"/tools/online-uuid-generator","src/App.tsx","legacy_redirect","","REDIRECT","https://usonlinetools.com/developer/online-uuid-generator","301","Redirects to canonical: /developer/online-uuid-generator"
"/tools/json-formatter","src/App.tsx","legacy_redirect","","REDIRECT","https://usonlinetools.com/productivity/json-formatter","301","Redirects to canonical: /productivity/json-formatter"
"/tools/base64-encoder-decoder","src/App.tsx","legacy_redirect","","REDIRECT","https://usonlinetools.com/productivity/base64-encoder-decoder","301","Redirects to canonical: /productivity/base64-encoder-decoder"
"/tools/love-calculator","src/App.tsx","legacy_redirect","","REDIRECT","https://usonlinetools.com/productivity/love-calculator","301","Redirects to canonical: /productivity/love-calculator"
"/tools/online-gpa-calculator","src/App.tsx","legacy_redirect","","REDIRECT","https://usonlinetools.com/education/online-gpa-calculator","301","Redirects to canonical: /education/online-gpa-calculator"
"/tools/grade-calculator","src/App.tsx","legacy_redirect","","REDIRECT","https://usonlinetools.com/education/grade-calculator","301","Redirects to canonical: /education/grade-calculator"
"/tools/weighted-grade-calculator","src/App.tsx","legacy_redirect","","REDIRECT","https://usonlinetools.com/education/weighted-grade-calculator","301","Redirects to canonical: /education/weighted-grade-calculator"
"/tools/final-grade-calculator","src/App.tsx","legacy_redirect","","REDIRECT","https://usonlinetools.com/education/final-grade-calculator","301","Redirects to canonical: /education/final-grade-calculator"
"/tools/percentage-grade-calculator","src/App.tsx","legacy_redirect","","REDIRECT","https://usonlinetools.com/education/percentage-grade-calculator","301","Redirects to canonical: /education/percentage-grade-calculator"
"/tools/attendance-percentage-calculator","src/App.tsx","legacy_redirect","","REDIRECT","https://usonlinetools.com/education/attendance-percentage-calculator","301","Redirects to canonical: /education/attendance-percentage-calculator"
"/tools/reading-speed-calculator","src/App.tsx","legacy_redirect","","REDIRECT","https://usonlinetools.com/education/reading-speed-calculator","301","Redirects to canonical: /education/reading-speed-calculator"
"/tools/marks-percentage-calculator","src/App.tsx","legacy_redirect","","REDIRECT","https://usonlinetools.com/education/marks-percentage-calculator","301","Redirects to canonical: /education/marks-percentage-calculator"
"/tools/marks-to-gpa-converter","src/App.tsx","legacy_redirect","","REDIRECT","https://usonlinetools.com/education/marks-to-gpa-converter","301","Redirects to canonical: /education/marks-to-gpa-converter"
"/tools/class-average-calculator","src/App.tsx","legacy_redirect","","REDIRECT","https://usonlinetools.com/education/class-average-calculator","301","Redirects to canonical: /education/class-average-calculator"
"/tools/score-calculator","src/App.tsx","legacy_redirect","","REDIRECT","https://usonlinetools.com/education/score-calculator","301","Redirects to canonical: /education/score-calculator"
"/tools/study-planner-calculator","src/App.tsx","legacy_redirect","","REDIRECT","https://usonlinetools.com/education/study-planner-calculator","301","Redirects to canonical: /education/study-planner-calculator"
"/tools/homework-time-calculator","src/App.tsx","legacy_redirect","","REDIRECT","https://usonlinetools.com/education/homework-time-calculator","301","Redirects to canonical: /education/homework-time-calculator"
"/tools/exam-countdown-timer","src/App.tsx","legacy_redirect","","REDIRECT","https://usonlinetools.com/education/exam-countdown-timer","301","Redirects to canonical: /education/exam-countdown-timer"
"/tools/assignment-grade-calculator","src/App.tsx","legacy_redirect","","REDIRECT","https://usonlinetools.com/education/assignment-grade-calculator","301","Redirects to canonical: /education/assignment-grade-calculator"
"/tools/semester-planner-tool","src/App.tsx","legacy_redirect","","REDIRECT","https://usonlinetools.com/education/semester-planner-tool","301","Redirects to canonical: /education/semester-planner-tool"
"/tools/quiz-score-calculator","src/App.tsx","legacy_redirect","","REDIRECT","https://usonlinetools.com/education/quiz-score-calculator","301","Redirects to canonical: /education/quiz-score-calculator"
"/tools/flashcard-timer-tool","src/App.tsx","legacy_redirect","","REDIRECT","https://usonlinetools.com/education/flashcard-timer-tool","301","Redirects to canonical: /education/flashcard-timer-tool"
"/tools/exam-score-predictor","src/App.tsx","legacy_redirect","","REDIRECT","https://usonlinetools.com/education/exam-score-predictor","301","Redirects to canonical: /education/exam-score-predictor"
"/tools/study-hours-tracker","src/App.tsx","legacy_redirect","","REDIRECT","https://usonlinetools.com/education/study-hours-tracker","301","Redirects to canonical: /education/study-hours-tracker"
"/tools/grade-improvement-calculator","src/App.tsx","legacy_redirect","","REDIRECT","https://usonlinetools.com/education/grade-improvement-calculator","301","Redirects to canonical: /education/grade-improvement-calculator"
"/tools/test-score-analyzer","src/App.tsx","legacy_redirect","","REDIRECT","https://usonlinetools.com/education/test-score-analyzer","301","Redirects to canonical: /education/test-score-analyzer"
"/tools/learning-time-calculator","src/App.tsx","legacy_redirect","","REDIRECT","https://usonlinetools.com/education/learning-time-calculator","301","Redirects to canonical: /education/learning-time-calculator"
"/tools/school-schedule-planner","src/App.tsx","legacy_redirect","","REDIRECT","https://usonlinetools.com/education/school-schedule-planner","301","Redirects to canonical: /education/school-schedule-planner"
"/tools/revision-planner-tool","src/App.tsx","legacy_redirect","","REDIRECT","https://usonlinetools.com/education/revision-planner-tool","301","Redirects to canonical: /education/revision-planner-tool"
"/tools/cgpa-calculator","src/App.tsx","legacy_redirect","","REDIRECT","https://usonlinetools.com/education/cgpa-calculator","301","Redirects to canonical: /education/cgpa-calculator"
"/tools/sat-score-calculator","src/App.tsx","legacy_redirect","","REDIRECT","https://usonlinetools.com/education/sat-score-calculator","301","Redirects to canonical: /education/sat-score-calculator"
"/tools/typing-speed-test","src/App.tsx","legacy_redirect","","REDIRECT","https://usonlinetools.com/education/typing-speed-test","301","Redirects to canonical: /education/typing-speed-test"
"/tools/scholarship-calculator","src/App.tsx","legacy_redirect","","REDIRECT","https://usonlinetools.com/education/scholarship-calculator","301","Redirects to canonical: /education/scholarship-calculator"
"/tools/college-gpa-calculator","src/App.tsx","legacy_redirect","","REDIRECT","https://usonlinetools.com/education/college-gpa-calculator","301","Redirects to canonical: /education/college-gpa-calculator"
"/tools/snow-day-calculator","src/App.tsx","legacy_redirect","","REDIRECT","https://usonlinetools.com/education/snow-day-calculator","301","Redirects to canonical: /education/snow-day-calculator"
"/tools/blox-fruits-calculator","src/App.tsx","legacy_redirect","","REDIRECT","https://usonlinetools.com/gaming/blox-fruits-calculator","301","Redirects to canonical: /gaming/blox-fruits-calculator"
"/tools/blox-fruits-trade-calculator","src/App.tsx","legacy_redirect","","REDIRECT","https://usonlinetools.com/gaming/blox-fruits-trade-calculator","301","Redirects to canonical: /gaming/blox-fruits-trade-calculator"
"/tools/roblox-tax-calculator","src/App.tsx","legacy_redirect","","REDIRECT","https://usonlinetools.com/gaming/roblox-tax-calculator","301","Redirects to canonical: /gaming/roblox-tax-calculator"
"/tools/minecraft-circle-calculator","src/App.tsx","legacy_redirect","","REDIRECT","https://usonlinetools.com/gaming/minecraft-circle-calculator","301","Redirects to canonical: /gaming/minecraft-circle-calculator"
"/tools/valorant-sensitivity-calculator","src/App.tsx","legacy_redirect","","REDIRECT","https://usonlinetools.com/gaming/valorant-sensitivity-calculator","301","Redirects to canonical: /gaming/valorant-sensitivity-calculator"
"/tools/fortnite-dpi-calculator","src/App.tsx","legacy_redirect","","REDIRECT","https://usonlinetools.com/gaming/fortnite-dpi-calculator","301","Redirects to canonical: /gaming/fortnite-dpi-calculator"
"/tools/xp-level-calculator","src/App.tsx","legacy_redirect","","REDIRECT","https://usonlinetools.com/gaming/xp-level-calculator","301","Redirects to canonical: /gaming/xp-level-calculator"
"/tools/clash-of-clans-upgrade-calculator","src/App.tsx","legacy_redirect","","REDIRECT","https://usonlinetools.com/gaming/clash-of-clans-upgrade-calculator","301","Redirects to canonical: /gaming/clash-of-clans-upgrade-calculator"
"/tools/damage-calculator","src/App.tsx","legacy_redirect","","REDIRECT","https://usonlinetools.com/gaming/damage-calculator","301","Redirects to canonical: /gaming/damage-calculator"
"/tools/game-currency-converter","src/App.tsx","legacy_redirect","","REDIRECT","https://usonlinetools.com/gaming/game-currency-converter","301","Redirects to canonical: /gaming/game-currency-converter"
"/tools/genshin-impact-calculator","src/App.tsx","legacy_redirect","","REDIRECT","https://usonlinetools.com/gaming/genshin-impact-calculator","301","Redirects to canonical: /gaming/genshin-impact-calculator"
"/tools/cs2-sensitivity-calculator","src/App.tsx","legacy_redirect","","REDIRECT","https://usonlinetools.com/gaming/cs2-sensitivity-calculator","301","Redirects to canonical: /gaming/cs2-sensitivity-calculator"
"/tools/pokemon-iv-calculator","src/App.tsx","legacy_redirect","","REDIRECT","https://usonlinetools.com/gaming/pokemon-iv-calculator","301","Redirects to canonical: /gaming/pokemon-iv-calculator"
"/tools/dnd-dice-roller","src/App.tsx","legacy_redirect","","REDIRECT","https://usonlinetools.com/gaming/dnd-dice-roller","301","Redirects to canonical: /gaming/dnd-dice-roller"
"/tools/gaming-fps-calculator","src/App.tsx","legacy_redirect","","REDIRECT","https://usonlinetools.com/gaming/gaming-fps-calculator","301","Redirects to canonical: /gaming/gaming-fps-calculator"
"/tools/esports-earnings-calculator","src/App.tsx","legacy_redirect","","REDIRECT","https://usonlinetools.com/gaming/esports-earnings-calculator","301","Redirects to canonical: /gaming/esports-earnings-calculator"
"/tools/image-resizer","src/App.tsx","legacy_redirect","","REDIRECT","https://usonlinetools.com/image/online-image-resizer","301","Redirects to canonical: /image/online-image-resizer"
"/image/image-resizer","src/App.tsx","legacy_redirect","","REDIRECT","https://usonlinetools.com/image/online-image-resizer","301","Redirects to canonical: /image/online-image-resizer"
"/tools/online-image-resizer","src/App.tsx","legacy_redirect","","REDIRECT","https://usonlinetools.com/image/online-image-resizer","301","Redirects to canonical: /image/online-image-resizer"
"/tools/image-compressor","src/App.tsx","legacy_redirect","","REDIRECT","https://usonlinetools.com/image/online-image-compressor","301","Redirects to canonical: /image/online-image-compressor"
"/image/image-compressor","src/App.tsx","legacy_redirect","","REDIRECT","https://usonlinetools.com/image/online-image-compressor","301","Redirects to canonical: /image/online-image-compressor"
"/tools/online-image-compressor","src/App.tsx","legacy_redirect","","REDIRECT","https://usonlinetools.com/image/online-image-compressor","301","Redirects to canonical: /image/online-image-compressor"
"/tools/image-cropper","src/App.tsx","legacy_redirect","","REDIRECT","https://usonlinetools.com/image/online-image-cropper","301","Redirects to canonical: /image/online-image-cropper"
"/image/image-cropper","src/App.tsx","legacy_redirect","","REDIRECT","https://usonlinetools.com/image/online-image-cropper","301","Redirects to canonical: /image/online-image-cropper"
"/tools/online-image-cropper","src/App.tsx","legacy_redirect","","REDIRECT","https://usonlinetools.com/image/online-image-cropper","301","Redirects to canonical: /image/online-image-cropper"
"/tools/image-format-converter","src/App.tsx","legacy_redirect","","REDIRECT","https://usonlinetools.com/image/online-image-format-converter","301","Redirects to canonical: /image/online-image-format-converter"
"/image/image-format-converter","src/App.tsx","legacy_redirect","","REDIRECT","https://usonlinetools.com/image/online-image-format-converter","301","Redirects to canonical: /image/online-image-format-converter"
"/tools/online-image-format-converter","src/App.tsx","legacy_redirect","","REDIRECT","https://usonlinetools.com/image/online-image-format-converter","301","Redirects to canonical: /image/online-image-format-converter"
"/tools/image-to-base64","src/App.tsx","legacy_redirect","","REDIRECT","https://usonlinetools.com/image/online-image-to-base64","301","Redirects to canonical: /image/online-image-to-base64"
"/image/image-to-base64","src/App.tsx","legacy_redirect","","REDIRECT","https://usonlinetools.com/image/online-image-to-base64","301","Redirects to canonical: /image/online-image-to-base64"
"/tools/online-image-to-base64","src/App.tsx","legacy_redirect","","REDIRECT","https://usonlinetools.com/image/online-image-to-base64","301","Redirects to canonical: /image/online-image-to-base64"
"/tools/base64-to-image","src/App.tsx","legacy_redirect","","REDIRECT","https://usonlinetools.com/image/online-base64-to-image","301","Redirects to canonical: /image/online-base64-to-image"
"/image/base64-to-image","src/App.tsx","legacy_redirect","","REDIRECT","https://usonlinetools.com/image/online-base64-to-image","301","Redirects to canonical: /image/online-base64-to-image"
"/tools/online-base64-to-image","src/App.tsx","legacy_redirect","","REDIRECT","https://usonlinetools.com/image/online-base64-to-image","301","Redirects to canonical: /image/online-base64-to-image"
"/tools/image-rotate-flip","src/App.tsx","legacy_redirect","","REDIRECT","https://usonlinetools.com/image/online-image-rotate-flip","301","Redirects to canonical: /image/online-image-rotate-flip"
"/image/image-rotate-flip","src/App.tsx","legacy_redirect","","REDIRECT","https://usonlinetools.com/image/online-image-rotate-flip","301","Redirects to canonical: /image/online-image-rotate-flip"
"/tools/online-image-rotate-flip","src/App.tsx","legacy_redirect","","REDIRECT","https://usonlinetools.com/image/online-image-rotate-flip","301","Redirects to canonical: /image/online-image-rotate-flip"
"/tools/image-color-picker","src/App.tsx","legacy_redirect","","REDIRECT","https://usonlinetools.com/image/online-image-color-picker","301","Redirects to canonical: /image/online-image-color-picker"
"/image/image-color-picker","src/App.tsx","legacy_redirect","","REDIRECT","https://usonlinetools.com/image/online-image-color-picker","301","Redirects to canonical: /image/online-image-color-picker"
"/tools/online-image-color-picker","src/App.tsx","legacy_redirect","","REDIRECT","https://usonlinetools.com/image/online-image-color-picker","301","Redirects to canonical: /image/online-image-color-picker"
"/tools/image-watermark","src/App.tsx","legacy_redirect","","REDIRECT","https://usonlinetools.com/image/online-image-watermark-tool","301","Redirects to canonical: /image/online-image-watermark-tool"
"/image/image-watermark","src/App.tsx","legacy_redirect","","REDIRECT","https://usonlinetools.com/image/online-image-watermark-tool","301","Redirects to canonical: /image/online-image-watermark-tool"
"/tools/online-image-watermark-tool","src/App.tsx","legacy_redirect","","REDIRECT","https://usonlinetools.com/image/online-image-watermark-tool","301","Redirects to canonical: /image/online-image-watermark-tool"
"/tools/image-filter-editor","src/App.tsx","legacy_redirect","","REDIRECT","https://usonlinetools.com/image/online-image-filter-editor","301","Redirects to canonical: /image/online-image-filter-editor"
"/image/image-filter-editor","src/App.tsx","legacy_redirect","","REDIRECT","https://usonlinetools.com/image/online-image-filter-editor","301","Redirects to canonical: /image/online-image-filter-editor"
"/tools/online-image-filter-editor","src/App.tsx","legacy_redirect","","REDIRECT","https://usonlinetools.com/image/online-image-filter-editor","301","Redirects to canonical: /image/online-image-filter-editor"
"/tools/image-to-png","src/App.tsx","legacy_redirect","","REDIRECT","https://usonlinetools.com/image/online-image-to-png","301","Redirects to canonical: /image/online-image-to-png"
"/image/image-to-png","src/App.tsx","legacy_redirect","","REDIRECT","https://usonlinetools.com/image/online-image-to-png","301","Redirects to canonical: /image/online-image-to-png"
"/tools/online-image-to-png","src/App.tsx","legacy_redirect","","REDIRECT","https://usonlinetools.com/image/online-image-to-png","301","Redirects to canonical: /image/online-image-to-png"
"/tools/image-to-jpg","src/App.tsx","legacy_redirect","","REDIRECT","https://usonlinetools.com/image/online-image-to-jpg","301","Redirects to canonical: /image/online-image-to-jpg"
"/image/image-to-jpg","src/App.tsx","legacy_redirect","","REDIRECT","https://usonlinetools.com/image/online-image-to-jpg","301","Redirects to canonical: /image/online-image-to-jpg"
"/tools/online-image-to-jpg","src/App.tsx","legacy_redirect","","REDIRECT","https://usonlinetools.com/image/online-image-to-jpg","301","Redirects to canonical: /image/online-image-to-jpg"
"/tools/png-to-webp","src/App.tsx","legacy_redirect","","REDIRECT","https://usonlinetools.com/image/online-png-to-webp","301","Redirects to canonical: /image/online-png-to-webp"
"/image/png-to-webp","src/App.tsx","legacy_redirect","","REDIRECT","https://usonlinetools.com/image/online-png-to-webp","301","Redirects to canonical: /image/online-png-to-webp"
"/tools/online-png-to-webp","src/App.tsx","legacy_redirect","","REDIRECT","https://usonlinetools.com/image/online-png-to-webp","301","Redirects to canonical: /image/online-png-to-webp"
"/tools/svg-to-png","src/App.tsx","legacy_redirect","","REDIRECT","https://usonlinetools.com/image/online-svg-to-png","301","Redirects to canonical: /image/online-svg-to-png"
"/image/svg-to-png","src/App.tsx","legacy_redirect","","REDIRECT","https://usonlinetools.com/image/online-svg-to-png","301","Redirects to canonical: /image/online-svg-to-png"
"/tools/online-svg-to-png","src/App.tsx","legacy_redirect","","REDIRECT","https://usonlinetools.com/image/online-svg-to-png","301","Redirects to canonical: /image/online-svg-to-png"
"/tools/image-background-remover","src/App.tsx","legacy_redirect","","REDIRECT","https://usonlinetools.com/image/online-image-background-remover","301","Redirects to canonical: /image/online-image-background-remover"
"/image/image-background-remover","src/App.tsx","legacy_redirect","","REDIRECT","https://usonlinetools.com/image/online-image-background-remover","301","Redirects to canonical: /image/online-image-background-remover"
"/tools/online-image-background-remover","src/App.tsx","legacy_redirect","","REDIRECT","https://usonlinetools.com/image/online-image-background-remover","301","Redirects to canonical: /image/online-image-background-remover"
"/tools/image-collage-maker","src/App.tsx","legacy_redirect","","REDIRECT","https://usonlinetools.com/image/online-image-collage-maker","301","Redirects to canonical: /image/online-image-collage-maker"
"/image/image-collage-maker","src/App.tsx","legacy_redirect","","REDIRECT","https://usonlinetools.com/image/online-image-collage-maker","301","Redirects to canonical: /image/online-image-collage-maker"
"/tools/online-image-collage-maker","src/App.tsx","legacy_redirect","","REDIRECT","https://usonlinetools.com/image/online-image-collage-maker","301","Redirects to canonical: /image/online-image-collage-maker"
"/tools/qr-code-generator","src/App.tsx","legacy_redirect","","REDIRECT","https://usonlinetools.com/image/online-qr-code-generator","301","Redirects to canonical: /image/online-qr-code-generator"
"/image/qr-code-generator","src/App.tsx","legacy_redirect","","REDIRECT","https://usonlinetools.com/image/online-qr-code-generator","301","Redirects to canonical: /image/online-qr-code-generator"
"/tools/online-qr-code-generator","src/App.tsx","legacy_redirect","","REDIRECT","https://usonlinetools.com/image/online-qr-code-generator","301","Redirects to canonical: /image/online-qr-code-generator"
"/tools/meme-generator","src/App.tsx","legacy_redirect","","REDIRECT","https://usonlinetools.com/image/online-meme-generator","301","Redirects to canonical: /image/online-meme-generator"
"/image/meme-generator","src/App.tsx","legacy_redirect","","REDIRECT","https://usonlinetools.com/image/online-meme-generator","301","Redirects to canonical: /image/online-meme-generator"
"/tools/online-meme-generator","src/App.tsx","legacy_redirect","","REDIRECT","https://usonlinetools.com/image/online-meme-generator","301","Redirects to canonical: /image/online-meme-generator"
"/tools/favicon-generator","src/App.tsx","legacy_redirect","","REDIRECT","https://usonlinetools.com/image/online-favicon-generator","301","Redirects to canonical: /image/online-favicon-generator"
"/image/favicon-generator","src/App.tsx","legacy_redirect","","REDIRECT","https://usonlinetools.com/image/online-favicon-generator","301","Redirects to canonical: /image/online-favicon-generator"
"/tools/online-favicon-generator","src/App.tsx","legacy_redirect","","REDIRECT","https://usonlinetools.com/image/online-favicon-generator","301","Redirects to canonical: /image/online-favicon-generator"
"/tools/image-pixel-counter","src/App.tsx","legacy_redirect","","REDIRECT","https://usonlinetools.com/image/online-image-pixel-counter","301","Redirects to canonical: /image/online-image-pixel-counter"
"/image/image-pixel-counter","src/App.tsx","legacy_redirect","","REDIRECT","https://usonlinetools.com/image/online-image-pixel-counter","301","Redirects to canonical: /image/online-image-pixel-counter"
"/tools/online-image-pixel-counter","src/App.tsx","legacy_redirect","","REDIRECT","https://usonlinetools.com/image/online-image-pixel-counter","301","Redirects to canonical: /image/online-image-pixel-counter"
"/tools/pdf-merge","src/App.tsx","legacy_redirect","","REDIRECT","https://usonlinetools.com/pdf/online-pdf-merge","301","Redirects to canonical: /pdf/online-pdf-merge"
"/pdf/pdf-merge","src/App.tsx","legacy_redirect","","REDIRECT","https://usonlinetools.com/pdf/online-pdf-merge","301","Redirects to canonical: /pdf/online-pdf-merge"
"/tools/online-pdf-merge","src/App.tsx","legacy_redirect","","REDIRECT","https://usonlinetools.com/pdf/online-pdf-merge","301","Redirects to canonical: /pdf/online-pdf-merge"
"/tools/pdf-split","src/App.tsx","legacy_redirect","","REDIRECT","https://usonlinetools.com/pdf/online-pdf-split","301","Redirects to canonical: /pdf/online-pdf-split"
"/pdf/pdf-split","src/App.tsx","legacy_redirect","","REDIRECT","https://usonlinetools.com/pdf/online-pdf-split","301","Redirects to canonical: /pdf/online-pdf-split"
"/tools/online-pdf-split","src/App.tsx","legacy_redirect","","REDIRECT","https://usonlinetools.com/pdf/online-pdf-split","301","Redirects to canonical: /pdf/online-pdf-split"
"/tools/pdf-compress","src/App.tsx","legacy_redirect","","REDIRECT","https://usonlinetools.com/pdf/online-pdf-compress","301","Redirects to canonical: /pdf/online-pdf-compress"
"/pdf/pdf-compress","src/App.tsx","legacy_redirect","","REDIRECT","https://usonlinetools.com/pdf/online-pdf-compress","301","Redirects to canonical: /pdf/online-pdf-compress"
"/tools/online-pdf-compress","src/App.tsx","legacy_redirect","","REDIRECT","https://usonlinetools.com/pdf/online-pdf-compress","301","Redirects to canonical: /pdf/online-pdf-compress"
"/tools/image-to-pdf","src/App.tsx","legacy_redirect","","REDIRECT","https://usonlinetools.com/pdf/online-image-to-pdf","301","Redirects to canonical: /pdf/online-image-to-pdf"
"/pdf/image-to-pdf","src/App.tsx","legacy_redirect","","REDIRECT","https://usonlinetools.com/pdf/online-image-to-pdf","301","Redirects to canonical: /pdf/online-image-to-pdf"
"/tools/online-image-to-pdf","src/App.tsx","legacy_redirect","","REDIRECT","https://usonlinetools.com/pdf/online-image-to-pdf","301","Redirects to canonical: /pdf/online-image-to-pdf"
"/tools/pdf-to-image","src/App.tsx","legacy_redirect","","REDIRECT","https://usonlinetools.com/pdf/online-pdf-to-image","301","Redirects to canonical: /pdf/online-pdf-to-image"
"/pdf/pdf-to-image","src/App.tsx","legacy_redirect","","REDIRECT","https://usonlinetools.com/pdf/online-pdf-to-image","301","Redirects to canonical: /pdf/online-pdf-to-image"
"/tools/online-pdf-to-image","src/App.tsx","legacy_redirect","","REDIRECT","https://usonlinetools.com/pdf/online-pdf-to-image","301","Redirects to canonical: /pdf/online-pdf-to-image"
"/tools/pdf-rotate","src/App.tsx","legacy_redirect","","REDIRECT","https://usonlinetools.com/pdf/online-pdf-rotate","301","Redirects to canonical: /pdf/online-pdf-rotate"
"/pdf/pdf-rotate","src/App.tsx","legacy_redirect","","REDIRECT","https://usonlinetools.com/pdf/online-pdf-rotate","301","Redirects to canonical: /pdf/online-pdf-rotate"
"/tools/online-pdf-rotate","src/App.tsx","legacy_redirect","","REDIRECT","https://usonlinetools.com/pdf/online-pdf-rotate","301","Redirects to canonical: /pdf/online-pdf-rotate"
"/tools/pdf-page-remover","src/App.tsx","legacy_redirect","","REDIRECT","https://usonlinetools.com/pdf/online-pdf-page-remover","301","Redirects to canonical: /pdf/online-pdf-page-remover"
"/pdf/pdf-page-remover","src/App.tsx","legacy_redirect","","REDIRECT","https://usonlinetools.com/pdf/online-pdf-page-remover","301","Redirects to canonical: /pdf/online-pdf-page-remover"
"/tools/online-pdf-page-remover","src/App.tsx","legacy_redirect","","REDIRECT","https://usonlinetools.com/pdf/online-pdf-page-remover","301","Redirects to canonical: /pdf/online-pdf-page-remover"
"/tools/pdf-page-reorder","src/App.tsx","legacy_redirect","","REDIRECT","https://usonlinetools.com/pdf/online-pdf-page-reorder","301","Redirects to canonical: /pdf/online-pdf-page-reorder"
"/pdf/pdf-page-reorder","src/App.tsx","legacy_redirect","","REDIRECT","https://usonlinetools.com/pdf/online-pdf-page-reorder","301","Redirects to canonical: /pdf/online-pdf-page-reorder"
"/tools/online-pdf-page-reorder","src/App.tsx","legacy_redirect","","REDIRECT","https://usonlinetools.com/pdf/online-pdf-page-reorder","301","Redirects to canonical: /pdf/online-pdf-page-reorder"
"/tools/pdf-watermark","src/App.tsx","legacy_redirect","","REDIRECT","https://usonlinetools.com/pdf/online-pdf-watermark","301","Redirects to canonical: /pdf/online-pdf-watermark"
"/pdf/pdf-watermark","src/App.tsx","legacy_redirect","","REDIRECT","https://usonlinetools.com/pdf/online-pdf-watermark","301","Redirects to canonical: /pdf/online-pdf-watermark"
"/tools/online-pdf-watermark","src/App.tsx","legacy_redirect","","REDIRECT","https://usonlinetools.com/pdf/online-pdf-watermark","301","Redirects to canonical: /pdf/online-pdf-watermark"
"/tools/pdf-password-protect","src/App.tsx","legacy_redirect","","REDIRECT","https://usonlinetools.com/pdf/online-pdf-password-protect","301","Redirects to canonical: /pdf/online-pdf-password-protect"
"/pdf/pdf-password-protect","src/App.tsx","legacy_redirect","","REDIRECT","https://usonlinetools.com/pdf/online-pdf-password-protect","301","Redirects to canonical: /pdf/online-pdf-password-protect"
"/tools/online-pdf-password-protect","src/App.tsx","legacy_redirect","","REDIRECT","https://usonlinetools.com/pdf/online-pdf-password-protect","301","Redirects to canonical: /pdf/online-pdf-password-protect"
"/tools/pdf-unlock","src/App.tsx","legacy_redirect","","REDIRECT","https://usonlinetools.com/pdf/online-pdf-unlock","301","Redirects to canonical: /pdf/online-pdf-unlock"
"/pdf/pdf-unlock","src/App.tsx","legacy_redirect","","REDIRECT","https://usonlinetools.com/pdf/online-pdf-unlock","301","Redirects to canonical: /pdf/online-pdf-unlock"
"/tools/online-pdf-unlock","src/App.tsx","legacy_redirect","","REDIRECT","https://usonlinetools.com/pdf/online-pdf-unlock","301","Redirects to canonical: /pdf/online-pdf-unlock"
"/tools/pdf-to-text","src/App.tsx","legacy_redirect","","REDIRECT","https://usonlinetools.com/pdf/online-pdf-to-text","301","Redirects to canonical: /pdf/online-pdf-to-text"
"/pdf/pdf-to-text","src/App.tsx","legacy_redirect","","REDIRECT","https://usonlinetools.com/pdf/online-pdf-to-text","301","Redirects to canonical: /pdf/online-pdf-to-text"
"/tools/online-pdf-to-text","src/App.tsx","legacy_redirect","","REDIRECT","https://usonlinetools.com/pdf/online-pdf-to-text","301","Redirects to canonical: /pdf/online-pdf-to-text"
"/tools/pdf-page-number","src/App.tsx","legacy_redirect","","REDIRECT","https://usonlinetools.com/pdf/online-pdf-page-number","301","Redirects to canonical: /pdf/online-pdf-page-number"
"/pdf/pdf-page-number","src/App.tsx","legacy_redirect","","REDIRECT","https://usonlinetools.com/pdf/online-pdf-page-number","301","Redirects to canonical: /pdf/online-pdf-page-number"
"/tools/online-pdf-page-number","src/App.tsx","legacy_redirect","","REDIRECT","https://usonlinetools.com/pdf/online-pdf-page-number","301","Redirects to canonical: /pdf/online-pdf-page-number"
"/tools/pdf-header-footer","src/App.tsx","legacy_redirect","","REDIRECT","https://usonlinetools.com/pdf/online-pdf-header-footer","301","Redirects to canonical: /pdf/online-pdf-header-footer"
"/pdf/pdf-header-footer","src/App.tsx","legacy_redirect","","REDIRECT","https://usonlinetools.com/pdf/online-pdf-header-footer","301","Redirects to canonical: /pdf/online-pdf-header-footer"
"/tools/online-pdf-header-footer","src/App.tsx","legacy_redirect","","REDIRECT","https://usonlinetools.com/pdf/online-pdf-header-footer","301","Redirects to canonical: /pdf/online-pdf-header-footer"
"/tools/jpg-to-pdf","src/App.tsx","legacy_redirect","","REDIRECT","https://usonlinetools.com/pdf/online-jpg-to-pdf","301","Redirects to canonical: /pdf/online-jpg-to-pdf"
"/pdf/jpg-to-pdf","src/App.tsx","legacy_redirect","","REDIRECT","https://usonlinetools.com/pdf/online-jpg-to-pdf","301","Redirects to canonical: /pdf/online-jpg-to-pdf"
"/tools/online-jpg-to-pdf","src/App.tsx","legacy_redirect","","REDIRECT","https://usonlinetools.com/pdf/online-jpg-to-pdf","301","Redirects to canonical: /pdf/online-jpg-to-pdf"
"/tools/pdf-sign","src/App.tsx","legacy_redirect","","REDIRECT","https://usonlinetools.com/pdf/online-pdf-sign","301","Redirects to canonical: /pdf/online-pdf-sign"
"/pdf/pdf-sign","src/App.tsx","legacy_redirect","","REDIRECT","https://usonlinetools.com/pdf/online-pdf-sign","301","Redirects to canonical: /pdf/online-pdf-sign"
"/tools/online-pdf-sign","src/App.tsx","legacy_redirect","","REDIRECT","https://usonlinetools.com/pdf/online-pdf-sign","301","Redirects to canonical: /pdf/online-pdf-sign"
"/tools/online-json-formatter","src/App.tsx","legacy_redirect","","REDIRECT","https://usonlinetools.com/developer/online-json-formatter","301","Redirects to canonical: /developer/online-json-formatter"
"/tools/online-json-validator","src/App.tsx","legacy_redirect","","REDIRECT","https://usonlinetools.com/developer/online-json-validator","301","Redirects to canonical: /developer/online-json-validator"
"/tools/online-json-to-csv","src/App.tsx","legacy_redirect","","REDIRECT","https://usonlinetools.com/developer/online-json-to-csv","301","Redirects to canonical: /developer/online-json-to-csv"
"/tools/csv-to-json-converter","src/App.tsx","legacy_redirect","","REDIRECT","https://usonlinetools.com/developer/csv-to-json-converter","301","Redirects to canonical: /developer/csv-to-json-converter"
"/tools/json-minifier","src/App.tsx","legacy_redirect","","REDIRECT","https://usonlinetools.com/developer/json-minifier","301","Redirects to canonical: /developer/json-minifier"
"/tools/online-html-formatter","src/App.tsx","legacy_redirect","","REDIRECT","https://usonlinetools.com/developer/online-html-formatter","301","Redirects to canonical: /developer/online-html-formatter"
"/tools/online-html-minifier","src/App.tsx","legacy_redirect","","REDIRECT","https://usonlinetools.com/developer/online-html-minifier","301","Redirects to canonical: /developer/online-html-minifier"
"/tools/online-css-minifier","src/App.tsx","legacy_redirect","","REDIRECT","https://usonlinetools.com/developer/online-css-minifier","301","Redirects to canonical: /developer/online-css-minifier"
"/tools/online-css-formatter","src/App.tsx","legacy_redirect","","REDIRECT","https://usonlinetools.com/developer/online-css-formatter","301","Redirects to canonical: /developer/online-css-formatter"
"/tools/online-javascript-minifier","src/App.tsx","legacy_redirect","","REDIRECT","https://usonlinetools.com/developer/online-javascript-minifier","301","Redirects to canonical: /developer/online-javascript-minifier"
"/tools/online-javascript-formatter","src/App.tsx","legacy_redirect","","REDIRECT","https://usonlinetools.com/developer/online-javascript-formatter","301","Redirects to canonical: /developer/online-javascript-formatter"
"/tools/online-regex-tester","src/App.tsx","legacy_redirect","","REDIRECT","https://usonlinetools.com/developer/online-regex-tester","301","Redirects to canonical: /developer/online-regex-tester"
"/tools/online-base64-encoder-decoder","src/App.tsx","legacy_redirect","","REDIRECT","https://usonlinetools.com/productivity/base64-encoder-decoder","301","Redirects to canonical: /productivity/base64-encoder-decoder"
"/developer/online-base64-encoder-decoder","src/App.tsx","legacy_redirect","","REDIRECT","https://usonlinetools.com/productivity/base64-encoder-decoder","301","Redirects to canonical: /productivity/base64-encoder-decoder"
"/tools/url-encoder-decoder","src/App.tsx","legacy_redirect","","REDIRECT","https://usonlinetools.com/developer/url-encoder-decoder","301","Redirects to canonical: /developer/url-encoder-decoder"
"/tools/html-entity-encoder","src/App.tsx","legacy_redirect","","REDIRECT","https://usonlinetools.com/developer/html-entity-encoder","301","Redirects to canonical: /developer/html-entity-encoder"
"/tools/online-jwt-decoder","src/App.tsx","legacy_redirect","","REDIRECT","https://usonlinetools.com/developer/online-jwt-decoder","301","Redirects to canonical: /developer/online-jwt-decoder"
"/tools/xml-formatter","src/App.tsx","legacy_redirect","","REDIRECT","https://usonlinetools.com/developer/xml-formatter","301","Redirects to canonical: /developer/xml-formatter"
"/tools/online-sql-formatter","src/App.tsx","legacy_redirect","","REDIRECT","https://usonlinetools.com/developer/online-sql-formatter","301","Redirects to canonical: /developer/online-sql-formatter"
"/tools/online-markdown-previewer","src/App.tsx","legacy_redirect","","REDIRECT","https://usonlinetools.com/developer/online-markdown-previewer","301","Redirects to canonical: /developer/online-markdown-previewer"
"/tools/diff-checker","src/App.tsx","legacy_redirect","","REDIRECT","https://usonlinetools.com/developer/text-diff-checker","301","Redirects to canonical: /developer/text-diff-checker"
"/developer/diff-checker","src/App.tsx","legacy_redirect","","REDIRECT","https://usonlinetools.com/developer/text-diff-checker","301","Redirects to canonical: /developer/text-diff-checker"
"/tools/text-diff-checker","src/App.tsx","legacy_redirect","","REDIRECT","https://usonlinetools.com/developer/text-diff-checker","301","Redirects to canonical: /developer/text-diff-checker"
"/tools/slug-generator","src/App.tsx","legacy_redirect","","REDIRECT","https://usonlinetools.com/developer/url-slug-generator","301","Redirects to canonical: /developer/url-slug-generator"
"/developer/slug-generator","src/App.tsx","legacy_redirect","","REDIRECT","https://usonlinetools.com/developer/url-slug-generator","301","Redirects to canonical: /developer/url-slug-generator"
"/tools/url-slug-generator","src/App.tsx","legacy_redirect","","REDIRECT","https://usonlinetools.com/developer/url-slug-generator","301","Redirects to canonical: /developer/url-slug-generator"
"/tools/cron-expression-generator","src/App.tsx","legacy_redirect","","REDIRECT","https://usonlinetools.com/developer/cron-expression-generator","301","Redirects to canonical: /developer/cron-expression-generator"
"/tools/online-unix-timestamp-converter","src/App.tsx","legacy_redirect","","REDIRECT","https://usonlinetools.com/developer/online-unix-timestamp-converter","301","Redirects to canonical: /developer/online-unix-timestamp-converter"
"/tools/online-lorem-ipsum-generator","src/App.tsx","legacy_redirect","","REDIRECT","https://usonlinetools.com/developer/online-lorem-ipsum-generator","301","Redirects to canonical: /developer/online-lorem-ipsum-generator"
"/tools/color-code-converter","src/App.tsx","legacy_redirect","","REDIRECT","https://usonlinetools.com/developer/color-code-converter","301","Redirects to canonical: /developer/color-code-converter"
"/tools/online-hash-generator","src/App.tsx","legacy_redirect","","REDIRECT","https://usonlinetools.com/developer/online-hash-generator","301","Redirects to canonical: /developer/online-hash-generator"
"/tools/html-to-markdown","src/App.tsx","legacy_redirect","","REDIRECT","https://usonlinetools.com/developer/html-to-markdown","301","Redirects to canonical: /developer/html-to-markdown"
"/tools/markdown-to-html","src/App.tsx","legacy_redirect","","REDIRECT","https://usonlinetools.com/developer/markdown-to-html","301","Redirects to canonical: /developer/markdown-to-html"
"/tools/json-to-xml","src/App.tsx","legacy_redirect","","REDIRECT","https://usonlinetools.com/developer/json-to-xml","301","Redirects to canonical: /developer/json-to-xml"
"/tools/yaml-to-json","src/App.tsx","legacy_redirect","","REDIRECT","https://usonlinetools.com/developer/yaml-to-json","301","Redirects to canonical: /developer/yaml-to-json"
"/tools/string-escape-unescape","src/App.tsx","legacy_redirect","","REDIRECT","https://usonlinetools.com/developer/string-escape-unescape","301","Redirects to canonical: /developer/string-escape-unescape"
"/tools/online-json-path-tester","src/App.tsx","legacy_redirect","","REDIRECT","https://usonlinetools.com/developer/online-json-path-tester","301","Redirects to canonical: /developer/online-json-path-tester"
"/tools/text-to-binary-converter","src/App.tsx","legacy_redirect","","REDIRECT","https://usonlinetools.com/developer/text-to-binary-converter","301","Redirects to canonical: /developer/text-to-binary-converter"
"/tools/css-gradient-generator","src/App.tsx","legacy_redirect","","REDIRECT","https://usonlinetools.com/css-design/css-gradient-generator","301","Redirects to canonical: /css-design/css-gradient-generator"
"/tools/css-box-shadow-generator","src/App.tsx","legacy_redirect","","REDIRECT","https://usonlinetools.com/css-design/css-box-shadow-generator","301","Redirects to canonical: /css-design/css-box-shadow-generator"
"/tools/css-text-shadow-generator","src/App.tsx","legacy_redirect","","REDIRECT","https://usonlinetools.com/css-design/css-text-shadow-generator","301","Redirects to canonical: /css-design/css-text-shadow-generator"
"/tools/css-border-radius-generator","src/App.tsx","legacy_redirect","","REDIRECT","https://usonlinetools.com/css-design/css-border-radius-generator","301","Redirects to canonical: /css-design/css-border-radius-generator"
"/tools/css-flexbox-generator","src/App.tsx","legacy_redirect","","REDIRECT","https://usonlinetools.com/css-design/css-flexbox-generator","301","Redirects to canonical: /css-design/css-flexbox-generator"
"/tools/css-grid-generator","src/App.tsx","legacy_redirect","","REDIRECT","https://usonlinetools.com/css-design/css-grid-generator","301","Redirects to canonical: /css-design/css-grid-generator"
"/tools/css-animation-generator","src/App.tsx","legacy_redirect","","REDIRECT","https://usonlinetools.com/css-design/css-animation-generator","301","Redirects to canonical: /css-design/css-animation-generator"
"/tools/css-clip-path-generator","src/App.tsx","legacy_redirect","","REDIRECT","https://usonlinetools.com/css-design/css-clip-path-generator","301","Redirects to canonical: /css-design/css-clip-path-generator"
"/tools/css-filter-generator","src/App.tsx","legacy_redirect","","REDIRECT","https://usonlinetools.com/css-design/css-filter-generator","301","Redirects to canonical: /css-design/css-filter-generator"
"/tools/color-palette-generator","src/App.tsx","legacy_redirect","","REDIRECT","https://usonlinetools.com/css-design/color-palette-generator","301","Redirects to canonical: /css-design/color-palette-generator"
"/tools/color-contrast-checker","src/App.tsx","legacy_redirect","","REDIRECT","https://usonlinetools.com/css-design/color-contrast-checker","301","Redirects to canonical: /css-design/color-contrast-checker"
"/tools/color-picker","src/App.tsx","legacy_redirect","","REDIRECT","https://usonlinetools.com/css-design/color-picker-tool","301","Redirects to canonical: /css-design/color-picker-tool"
"/css-design/color-picker","src/App.tsx","legacy_redirect","","REDIRECT","https://usonlinetools.com/css-design/color-picker-tool","301","Redirects to canonical: /css-design/color-picker-tool"
"/tools/color-picker-tool","src/App.tsx","legacy_redirect","","REDIRECT","https://usonlinetools.com/css-design/color-picker-tool","301","Redirects to canonical: /css-design/color-picker-tool"
"/tools/hex-to-rgb-converter","src/App.tsx","legacy_redirect","","REDIRECT","https://usonlinetools.com/css-design/hex-to-rgb-converter","301","Redirects to canonical: /css-design/hex-to-rgb-converter"
"/tools/rgb-to-hex-converter","src/App.tsx","legacy_redirect","","REDIRECT","https://usonlinetools.com/css-design/rgb-to-hex-converter","301","Redirects to canonical: /css-design/rgb-to-hex-converter"
"/tools/tailwind-color-generator","src/App.tsx","legacy_redirect","","REDIRECT","https://usonlinetools.com/css-design/tailwind-color-generator","301","Redirects to canonical: /css-design/tailwind-color-generator"
"/tools/glassmorphism-generator","src/App.tsx","legacy_redirect","","REDIRECT","https://usonlinetools.com/css-design/glassmorphism-generator","301","Redirects to canonical: /css-design/glassmorphism-generator"
"/tools/neumorphism-generator","src/App.tsx","legacy_redirect","","REDIRECT","https://usonlinetools.com/css-design/neumorphism-generator","301","Redirects to canonical: /css-design/neumorphism-generator"
"/tools/css-triangle-generator","src/App.tsx","legacy_redirect","","REDIRECT","https://usonlinetools.com/css-design/css-triangle-generator","301","Redirects to canonical: /css-design/css-triangle-generator"
"/tools/meta-tag-generator","src/App.tsx","legacy_redirect","","REDIRECT","https://usonlinetools.com/seo/meta-tag-generator","301","Redirects to canonical: /seo/meta-tag-generator"
"/tools/open-graph-generator","src/App.tsx","legacy_redirect","","REDIRECT","https://usonlinetools.com/seo/open-graph-generator","301","Redirects to canonical: /seo/open-graph-generator"
"/tools/twitter-card-generator","src/App.tsx","legacy_redirect","","REDIRECT","https://usonlinetools.com/seo/twitter-card-generator","301","Redirects to canonical: /seo/twitter-card-generator"
"/tools/online-robots-txt-generator","src/App.tsx","legacy_redirect","","REDIRECT","https://usonlinetools.com/seo/online-robots-txt-generator","301","Redirects to canonical: /seo/online-robots-txt-generator"
"/tools/online-sitemap-generator","src/App.tsx","legacy_redirect","","REDIRECT","https://usonlinetools.com/seo/online-sitemap-generator","301","Redirects to canonical: /seo/online-sitemap-generator"
"/tools/online-keyword-density-checker","src/App.tsx","legacy_redirect","","REDIRECT","https://usonlinetools.com/seo/online-keyword-density-checker","301","Redirects to canonical: /seo/online-keyword-density-checker"
"/tools/serp-preview-tool","src/App.tsx","legacy_redirect","","REDIRECT","https://usonlinetools.com/seo/serp-preview-tool","301","Redirects to canonical: /seo/serp-preview-tool"
"/tools/schema-markup-generator","src/App.tsx","legacy_redirect","","REDIRECT","https://usonlinetools.com/seo/schema-markup-generator","301","Redirects to canonical: /seo/schema-markup-generator"
"/tools/canonical-tag-generator","src/App.tsx","legacy_redirect","","REDIRECT","https://usonlinetools.com/seo/canonical-tag-generator","301","Redirects to canonical: /seo/canonical-tag-generator"
"/tools/htaccess-redirect-generator","src/App.tsx","legacy_redirect","","REDIRECT","https://usonlinetools.com/seo/htaccess-redirect-generator","301","Redirects to canonical: /seo/htaccess-redirect-generator"
"/tools/online-readability-checker","src/App.tsx","legacy_redirect","","REDIRECT","https://usonlinetools.com/seo/online-readability-checker","301","Redirects to canonical: /seo/online-readability-checker"
"/tools/online-heading-tag-checker","src/App.tsx","legacy_redirect","","REDIRECT","https://usonlinetools.com/seo/online-heading-tag-checker","301","Redirects to canonical: /seo/online-heading-tag-checker"
"/tools/favicon-checker","src/App.tsx","legacy_redirect","","REDIRECT","https://usonlinetools.com/seo/favicon-checker","301","Redirects to canonical: /seo/favicon-checker"
"/tools/online-password-generator","src/App.tsx","legacy_redirect","","REDIRECT","https://usonlinetools.com/security/online-password-generator","301","Redirects to canonical: /security/online-password-generator"
"/tools/password-strength-checker","src/App.tsx","legacy_redirect","","REDIRECT","https://usonlinetools.com/security/password-strength-checker","301","Redirects to canonical: /security/password-strength-checker"
"/tools/md5-hash-generator","src/App.tsx","legacy_redirect","","REDIRECT","https://usonlinetools.com/security/md5-hash-generator","301","Redirects to canonical: /security/md5-hash-generator"
"/tools/sha256-hash-generator","src/App.tsx","legacy_redirect","","REDIRECT","https://usonlinetools.com/security/sha256-hash-generator","301","Redirects to canonical: /security/sha256-hash-generator"
"/tools/sha1-hash-generator","src/App.tsx","legacy_redirect","","REDIRECT","https://usonlinetools.com/security/sha1-hash-generator","301","Redirects to canonical: /security/sha1-hash-generator"
"/tools/sha512-hash-generator","src/App.tsx","legacy_redirect","","REDIRECT","https://usonlinetools.com/security/sha512-hash-generator","301","Redirects to canonical: /security/sha512-hash-generator"
"/tools/online-bcrypt-hash-generator","src/App.tsx","legacy_redirect","","REDIRECT","https://usonlinetools.com/security/online-bcrypt-hash-generator","301","Redirects to canonical: /security/online-bcrypt-hash-generator"
"/tools/online-aes-encrypt-decrypt","src/App.tsx","legacy_redirect","","REDIRECT","https://usonlinetools.com/security/online-aes-encrypt-decrypt","301","Redirects to canonical: /security/online-aes-encrypt-decrypt"
"/tools/rsa-key-generator","src/App.tsx","legacy_redirect","","REDIRECT","https://usonlinetools.com/security/rsa-key-generator","301","Redirects to canonical: /security/rsa-key-generator"
"/tools/hmac-generator","src/App.tsx","legacy_redirect","","REDIRECT","https://usonlinetools.com/security/hmac-generator","301","Redirects to canonical: /security/hmac-generator"
"/tools/random-string-generator","src/App.tsx","legacy_redirect","","REDIRECT","https://usonlinetools.com/security/random-string-generator","301","Redirects to canonical: /security/random-string-generator"
"/tools/encryption-decoder","src/App.tsx","legacy_redirect","","REDIRECT","https://usonlinetools.com/security/encryption-decoder","301","Redirects to canonical: /security/encryption-decoder"
"/tools/binary-to-text","src/App.tsx","legacy_redirect","","REDIRECT","https://usonlinetools.com/security/binary-to-text","301","Redirects to canonical: /security/binary-to-text"
"/tools/hex-to-text","src/App.tsx","legacy_redirect","","REDIRECT","https://usonlinetools.com/security/hex-to-text","301","Redirects to canonical: /security/hex-to-text"
"/tools/online-morse-code-translator","src/App.tsx","legacy_redirect","","REDIRECT","https://usonlinetools.com/security/online-morse-code-translator","301","Redirects to canonical: /security/online-morse-code-translator"
"/tools/twitter-character-counter","src/App.tsx","legacy_redirect","","REDIRECT","https://usonlinetools.com/social-media/twitter-character-counter","301","Redirects to canonical: /social-media/twitter-character-counter"
"/tools/online-instagram-caption-counter","src/App.tsx","legacy_redirect","","REDIRECT","https://usonlinetools.com/social-media/online-instagram-caption-counter","301","Redirects to canonical: /social-media/online-instagram-caption-counter"
"/tools/online-social-media-image-resizer","src/App.tsx","legacy_redirect","","REDIRECT","https://usonlinetools.com/social-media/online-social-media-image-resizer","301","Redirects to canonical: /social-media/online-social-media-image-resizer"
"/tools/youtube-thumbnail-checker","src/App.tsx","legacy_redirect","","REDIRECT","https://usonlinetools.com/social-media/youtube-thumbnail-checker","301","Redirects to canonical: /social-media/youtube-thumbnail-checker"
"/tools/emoji-picker","src/App.tsx","legacy_redirect","","REDIRECT","https://usonlinetools.com/social-media/emoji-picker-and-copier","301","Redirects to canonical: /social-media/emoji-picker-and-copier"
"/social-media/emoji-picker","src/App.tsx","legacy_redirect","","REDIRECT","https://usonlinetools.com/social-media/emoji-picker-and-copier","301","Redirects to canonical: /social-media/emoji-picker-and-copier"
"/tools/emoji-picker-and-copier","src/App.tsx","legacy_redirect","","REDIRECT","https://usonlinetools.com/social-media/emoji-picker-and-copier","301","Redirects to canonical: /social-media/emoji-picker-and-copier"
"/tools/text-to-emoji","src/App.tsx","legacy_redirect","","REDIRECT","https://usonlinetools.com/social-media/text-to-emoji-converter","301","Redirects to canonical: /social-media/text-to-emoji-converter"
"/social-media/text-to-emoji","src/App.tsx","legacy_redirect","","REDIRECT","https://usonlinetools.com/social-media/text-to-emoji-converter","301","Redirects to canonical: /social-media/text-to-emoji-converter"
"/tools/text-to-emoji-converter","src/App.tsx","legacy_redirect","","REDIRECT","https://usonlinetools.com/social-media/text-to-emoji-converter","301","Redirects to canonical: /social-media/text-to-emoji-converter"
"/tools/online-linkedin-post-formatter","src/App.tsx","legacy_redirect","","REDIRECT","https://usonlinetools.com/social-media/online-linkedin-post-formatter","301","Redirects to canonical: /social-media/online-linkedin-post-formatter"
"/tools/bio-generator","src/App.tsx","legacy_redirect","","REDIRECT","https://usonlinetools.com/social-media/social-media-bio-generator","301","Redirects to canonical: /social-media/social-media-bio-generator"
"/social-media/bio-generator","src/App.tsx","legacy_redirect","","REDIRECT","https://usonlinetools.com/social-media/social-media-bio-generator","301","Redirects to canonical: /social-media/social-media-bio-generator"
"/tools/social-media-bio-generator","src/App.tsx","legacy_redirect","","REDIRECT","https://usonlinetools.com/social-media/social-media-bio-generator","301","Redirects to canonical: /social-media/social-media-bio-generator"
"/tools/unicode-text-converter","src/App.tsx","legacy_redirect","","REDIRECT","https://usonlinetools.com/social-media/unicode-text-converter","301","Redirects to canonical: /social-media/unicode-text-converter"
"/tools/tiktok-character-counter","src/App.tsx","legacy_redirect","","REDIRECT","https://usonlinetools.com/social-media/tiktok-character-counter","301","Redirects to canonical: /social-media/tiktok-character-counter"
"/tools/online-social-post-scheduler-planner","src/App.tsx","legacy_redirect","","REDIRECT","https://usonlinetools.com/social-media/online-social-post-scheduler-planner","301","Redirects to canonical: /social-media/online-social-post-scheduler-planner"
"/developer/csv-to-json","src/App.tsx","legacy_redirect","","REDIRECT","https://usonlinetools.com/developer/csv-to-json-converter","301","Redirects to canonical: /developer/csv-to-json-converter"
"/math/online-percantage-calculator","src/App.tsx","legacy_redirect","","REDIRECT","https://usonlinetools.com/math/online-percentage-calculator","301","Redirects to canonical: /math/online-percentage-calculator"
"/math/percentage-change-calculator","src/App.tsx","legacy_redirect","","REDIRECT","https://usonlinetools.com/math/online-percentage-calculator","301","Redirects to canonical: /math/online-percentage-calculator"
"/math/percentage-decrease-calculator","src/App.tsx","legacy_redirect","","REDIRECT","https://usonlinetools.com/math/online-percentage-calculator","301","Redirects to canonical: /math/online-percentage-calculator"
"/math/percentage-difference-calculator","src/App.tsx","legacy_redirect","","REDIRECT","https://usonlinetools.com/math/online-percentage-calculator","301","Redirects to canonical: /math/online-percentage-calculator"
"/math/percentage-increase-calculator","src/App.tsx","legacy_redirect","","REDIRECT","https://usonlinetools.com/math/online-percentage-calculator","301","Redirects to canonical: /math/online-percentage-calculator"
"/calculators/ovulation-calculator","src/App.tsx","legacy_redirect","","REDIRECT","https://usonlinetools.com/calculators/ovulation-calculator/","301","Redirects to canonical: /calculators/ovulation-calculator/"
"/conversion/area-converter","src/App.tsx","legacy_redirect","","REDIRECT","https://usonlinetools.com/conversion/online-area-converter","301","Redirects to canonical: /conversion/online-area-converter"
"/conversion/binary-to-decimal-converter","src/App.tsx","legacy_redirect","","REDIRECT","https://usonlinetools.com/conversion/online-binary-to-decimal-converter","301","Redirects to canonical: /conversion/online-binary-to-decimal-converter"
"/conversion/cooking-converter","src/App.tsx","legacy_redirect","","REDIRECT","https://usonlinetools.com/conversion/online-cooking-converter","301","Redirects to canonical: /conversion/online-cooking-converter"
"/conversion/length-converter","src/App.tsx","legacy_redirect","","REDIRECT","https://usonlinetools.com/conversion/online-length-converter","301","Redirects to canonical: /conversion/online-length-converter"
"/conversion/roman-numeral-converter","src/App.tsx","legacy_redirect","","REDIRECT","https://usonlinetools.com/conversion/online-roman-numeral-converter","301","Redirects to canonical: /conversion/online-roman-numeral-converter"
"/conversion/shoe-size-converter","src/App.tsx","legacy_redirect","","REDIRECT","https://usonlinetools.com/conversion/online-shoe-size-converter","301","Redirects to canonical: /conversion/online-shoe-size-converter"
"/conversion/speed-converter","src/App.tsx","legacy_redirect","","REDIRECT","https://usonlinetools.com/conversion/online-speed-converter","301","Redirects to canonical: /conversion/online-speed-converter"
"/conversion/temperature-converter","src/App.tsx","legacy_redirect","","REDIRECT","https://usonlinetools.com/conversion/online-temperature-converter","301","Redirects to canonical: /conversion/online-temperature-converter"
"/conversion/volume-converter","src/App.tsx","legacy_redirect","","REDIRECT","https://usonlinetools.com/conversion/online-volume-converter","301","Redirects to canonical: /conversion/online-volume-converter"
"/conversion/weight-converter","src/App.tsx","legacy_redirect","","REDIRECT","https://usonlinetools.com/conversion/online-weight-converter","301","Redirects to canonical: /conversion/online-weight-converter"
"/developer/base64-encoder-decoder","src/App.tsx","legacy_redirect","","REDIRECT","https://usonlinetools.com/productivity/base64-encoder-decoder","301","Redirects to canonical: /productivity/base64-encoder-decoder"
"/developer/css-formatter","src/App.tsx","legacy_redirect","","REDIRECT","https://usonlinetools.com/developer/online-css-formatter","301","Redirects to canonical: /developer/online-css-formatter"
"/developer/css-minifier","src/App.tsx","legacy_redirect","","REDIRECT","https://usonlinetools.com/developer/online-css-minifier","301","Redirects to canonical: /developer/online-css-minifier"
"/developer/hash-generator","src/App.tsx","legacy_redirect","","REDIRECT","https://usonlinetools.com/developer/online-hash-generator","301","Redirects to canonical: /developer/online-hash-generator"
"/developer/html-formatter","src/App.tsx","legacy_redirect","","REDIRECT","https://usonlinetools.com/developer/online-html-formatter","301","Redirects to canonical: /developer/online-html-formatter"
"/developer/html-minifier","src/App.tsx","legacy_redirect","","REDIRECT","https://usonlinetools.com/developer/online-html-minifier","301","Redirects to canonical: /developer/online-html-minifier"
"/developer/javascript-formatter","src/App.tsx","legacy_redirect","","REDIRECT","https://usonlinetools.com/developer/online-javascript-formatter","301","Redirects to canonical: /developer/online-javascript-formatter"
"/developer/javascript-minifier","src/App.tsx","legacy_redirect","","REDIRECT","https://usonlinetools.com/developer/online-javascript-minifier","301","Redirects to canonical: /developer/online-javascript-minifier"
"/developer/json-formatter","src/App.tsx","legacy_redirect","","REDIRECT","https://usonlinetools.com/productivity/json-formatter","301","Redirects to canonical: /productivity/json-formatter"
"/developer/json-path-tester","src/App.tsx","legacy_redirect","","REDIRECT","https://usonlinetools.com/developer/online-json-path-tester","301","Redirects to canonical: /developer/online-json-path-tester"
"/developer/json-to-csv","src/App.tsx","legacy_redirect","","REDIRECT","https://usonlinetools.com/developer/online-json-to-csv","301","Redirects to canonical: /developer/online-json-to-csv"
"/developer/json-validator","src/App.tsx","legacy_redirect","","REDIRECT","https://usonlinetools.com/developer/online-json-validator","301","Redirects to canonical: /developer/online-json-validator"
"/developer/jwt-decoder","src/App.tsx","legacy_redirect","","REDIRECT","https://usonlinetools.com/developer/online-jwt-decoder","301","Redirects to canonical: /developer/online-jwt-decoder"
"/developer/lorem-ipsum-generator","src/App.tsx","legacy_redirect","","REDIRECT","https://usonlinetools.com/developer/online-lorem-ipsum-generator","301","Redirects to canonical: /developer/online-lorem-ipsum-generator"
"/developer/markdown-previewer","src/App.tsx","legacy_redirect","","REDIRECT","https://usonlinetools.com/developer/online-markdown-previewer","301","Redirects to canonical: /developer/online-markdown-previewer"
"/developer/regex-tester","src/App.tsx","legacy_redirect","","REDIRECT","https://usonlinetools.com/developer/online-regex-tester","301","Redirects to canonical: /developer/online-regex-tester"
"/developer/sql-formatter","src/App.tsx","legacy_redirect","","REDIRECT","https://usonlinetools.com/developer/online-sql-formatter","301","Redirects to canonical: /developer/online-sql-formatter"
"/developer/unix-timestamp-converter","src/App.tsx","legacy_redirect","","REDIRECT","https://usonlinetools.com/developer/online-unix-timestamp-converter","301","Redirects to canonical: /developer/online-unix-timestamp-converter"
"/education/gpa-calculator","src/App.tsx","legacy_redirect","","REDIRECT","https://usonlinetools.com/education/online-gpa-calculator","301","Redirects to canonical: /education/online-gpa-calculator"
"/finance/amortization-calculator","src/App.tsx","legacy_redirect","","REDIRECT","https://usonlinetools.com/finance/online-amortization-calculator","301","Redirects to canonical: /finance/online-amortization-calculator"
"/finance/cagr-calculator","src/App.tsx","legacy_redirect","","REDIRECT","https://usonlinetools.com/finance/online-cagr-calculator","301","Redirects to canonical: /finance/online-cagr-calculator"
"/finance/car-loan-calculator","src/App.tsx","legacy_redirect","","REDIRECT","https://usonlinetools.com/finance/online-car-loan-calculator","301","Redirects to canonical: /finance/online-car-loan-calculator"
"/finance/compound-interest-calculator","src/App.tsx","legacy_redirect","","REDIRECT","https://usonlinetools.com/finance/online-compound-interest-calculator","301","Redirects to canonical: /finance/online-compound-interest-calculator"
"/finance/currency-exchange-calculator","src/App.tsx","legacy_redirect","","REDIRECT","https://usonlinetools.com/finance/online-currency-exchange-calculator","301","Redirects to canonical: /finance/online-currency-exchange-calculator"
"/finance/debt-to-income-calculator","src/App.tsx","legacy_redirect","","REDIRECT","https://usonlinetools.com/finance/online-debt-to-income-calculator","301","Redirects to canonical: /finance/online-debt-to-income-calculator"
"/finance/inflation-calculator","src/App.tsx","legacy_redirect","","REDIRECT","https://usonlinetools.com/finance/online-inflation-calculator","301","Redirects to canonical: /finance/online-inflation-calculator"
"/finance/loan-emi-calculator","src/App.tsx","legacy_redirect","","REDIRECT","https://usonlinetools.com/finance/online-loan-emi-calculator","301","Redirects to canonical: /finance/online-loan-emi-calculator"
"/finance/loan-to-value-calculator","src/App.tsx","legacy_redirect","","REDIRECT","https://usonlinetools.com/finance/online-loan-to-value-calculator","301","Redirects to canonical: /finance/online-loan-to-value-calculator"
"/finance/mortgage-payment-calculator","src/App.tsx","legacy_redirect","","REDIRECT","https://usonlinetools.com/finance/online-mortgage-payment-calculator","301","Redirects to canonical: /finance/online-mortgage-payment-calculator"
"/finance/retirement-calculator","src/App.tsx","legacy_redirect","","REDIRECT","https://usonlinetools.com/finance/online-retirement-calculator","301","Redirects to canonical: /finance/online-retirement-calculator"
"/finance/roi-calculator","src/App.tsx","legacy_redirect","","REDIRECT","https://usonlinetools.com/finance/online-roi-calculator","301","Redirects to canonical: /finance/online-roi-calculator"
"/finance/salary-calculator","src/App.tsx","legacy_redirect","","REDIRECT","https://usonlinetools.com/finance/online-salary-calculator","301","Redirects to canonical: /finance/online-salary-calculator"
"/finance/simple-interest-calculator","src/App.tsx","legacy_redirect","","REDIRECT","https://usonlinetools.com/finance/online-simple-interest-calculator","301","Redirects to canonical: /finance/online-simple-interest-calculator"
"/finance/tax-calculator","src/App.tsx","legacy_redirect","","REDIRECT","https://usonlinetools.com/finance/online-tax-calculator","301","Redirects to canonical: /finance/online-tax-calculator"
"/health/bmi-calculator","src/App.tsx","legacy_redirect","","REDIRECT","https://usonlinetools.com/health/online-bmi-calculator","301","Redirects to canonical: /health/online-bmi-calculator"
"/health/bmr-calculator","src/App.tsx","legacy_redirect","","REDIRECT","https://usonlinetools.com/health/online-bmr-calculator","301","Redirects to canonical: /health/online-bmr-calculator"
"/health/body-surface-area-calculator","src/App.tsx","legacy_redirect","","REDIRECT","https://usonlinetools.com/health/online-body-surface-area-calculator","301","Redirects to canonical: /health/online-body-surface-area-calculator"
"/health/tdee-calculator","src/App.tsx","legacy_redirect","","REDIRECT","https://usonlinetools.com/health/online-tdee-calculator","301","Redirects to canonical: /health/online-tdee-calculator"
"/math/gcd-calculator","src/App.tsx","legacy_redirect","","REDIRECT","https://usonlinetools.com/math/online-gcd-calculator","301","Redirects to canonical: /math/online-gcd-calculator"
"/math/lcm-calculator","src/App.tsx","legacy_redirect","","REDIRECT","https://usonlinetools.com/math/online-lcm-calculator","301","Redirects to canonical: /math/online-lcm-calculator"
"/math/matrix-calculator","src/App.tsx","legacy_redirect","","REDIRECT","https://usonlinetools.com/math/online-matrix-calculator","301","Redirects to canonical: /math/online-matrix-calculator"
"/math/quadratic-equation-solver","src/App.tsx","legacy_redirect","","REDIRECT","https://usonlinetools.com/math/online-quadratic-equation-solver","301","Redirects to canonical: /math/online-quadratic-equation-solver"
"/math/scientific-calculator","src/App.tsx","legacy_redirect","","REDIRECT","https://usonlinetools.com/math/online-scientific-calculator","301","Redirects to canonical: /math/online-scientific-calculator"
"/math/standard-deviation-calculator","src/App.tsx","legacy_redirect","","REDIRECT","https://usonlinetools.com/math/online-standard-deviation-calculator","301","Redirects to canonical: /math/online-standard-deviation-calculator"
"/productivity/lorem-ipsum-generator","src/App.tsx","legacy_redirect","","REDIRECT","https://usonlinetools.com/developer/online-lorem-ipsum-generator","301","Redirects to canonical: /developer/online-lorem-ipsum-generator"
"/productivity/markdown-previewer","src/App.tsx","legacy_redirect","","REDIRECT","https://usonlinetools.com/developer/online-markdown-previewer","301","Redirects to canonical: /developer/online-markdown-previewer"
"/productivity/online-password-generator","src/App.tsx","legacy_redirect","","REDIRECT","https://usonlinetools.com/security/online-password-generator","301","Redirects to canonical: /security/online-password-generator"
"/productivity/password-generator","src/App.tsx","legacy_redirect","","REDIRECT","https://usonlinetools.com/security/online-password-generator","301","Redirects to canonical: /security/online-password-generator"
"/productivity/password-strength-checker","src/App.tsx","legacy_redirect","","REDIRECT","https://usonlinetools.com/security/password-strength-checker","301","Redirects to canonical: /security/password-strength-checker"
"/productivity/slug-generator","src/App.tsx","legacy_redirect","","REDIRECT","https://usonlinetools.com/developer/url-slug-generator","301","Redirects to canonical: /developer/url-slug-generator"
"/productivity/url-encoder-decoder","src/App.tsx","legacy_redirect","","REDIRECT","https://usonlinetools.com/developer/url-encoder-decoder","301","Redirects to canonical: /developer/url-encoder-decoder"
"/productivity/uuid-generator","src/App.tsx","legacy_redirect","","REDIRECT","https://usonlinetools.com/developer/online-uuid-generator","301","Redirects to canonical: /developer/online-uuid-generator"
"/productivity/word-counter","src/App.tsx","legacy_redirect","","REDIRECT","https://usonlinetools.com/productivity/online-word-counter","301","Redirects to canonical: /productivity/online-word-counter"
"/security/aes-encrypt-decrypt","src/App.tsx","legacy_redirect","","REDIRECT","https://usonlinetools.com/security/online-aes-encrypt-decrypt","301","Redirects to canonical: /security/online-aes-encrypt-decrypt"
"/security/bcrypt-hash-generator","src/App.tsx","legacy_redirect","","REDIRECT","https://usonlinetools.com/security/online-bcrypt-hash-generator","301","Redirects to canonical: /security/online-bcrypt-hash-generator"
"/security/morse-code-translator","src/App.tsx","legacy_redirect","","REDIRECT","https://usonlinetools.com/security/online-morse-code-translator","301","Redirects to canonical: /security/online-morse-code-translator"
"/security/password-generator","src/App.tsx","legacy_redirect","","REDIRECT","https://usonlinetools.com/security/online-password-generator","301","Redirects to canonical: /security/online-password-generator"
"/seo/heading-tag-checker","src/App.tsx","legacy_redirect","","REDIRECT","https://usonlinetools.com/seo/online-heading-tag-checker","301","Redirects to canonical: /seo/online-heading-tag-checker"
"/seo/keyword-density-checker","src/App.tsx","legacy_redirect","","REDIRECT","https://usonlinetools.com/seo/online-keyword-density-checker","301","Redirects to canonical: /seo/online-keyword-density-checker"
"/seo/readability-checker","src/App.tsx","legacy_redirect","","REDIRECT","https://usonlinetools.com/seo/online-readability-checker","301","Redirects to canonical: /seo/online-readability-checker"
"/seo/robots-txt-generator","src/App.tsx","legacy_redirect","","REDIRECT","https://usonlinetools.com/seo/online-robots-txt-generator","301","Redirects to canonical: /seo/online-robots-txt-generator"
"/seo/sitemap-generator","src/App.tsx","legacy_redirect","","REDIRECT","https://usonlinetools.com/seo/online-sitemap-generator","301","Redirects to canonical: /seo/online-sitemap-generator"
"/social-media/instagram-caption-counter","src/App.tsx","legacy_redirect","","REDIRECT","https://usonlinetools.com/social-media/online-instagram-caption-counter","301","Redirects to canonical: /social-media/online-instagram-caption-counter"
"/social-media/linkedin-post-formatter","src/App.tsx","legacy_redirect","","REDIRECT","https://usonlinetools.com/social-media/online-linkedin-post-formatter","301","Redirects to canonical: /social-media/online-linkedin-post-formatter"
"/social-media/social-media-image-resizer","src/App.tsx","legacy_redirect","","REDIRECT","https://usonlinetools.com/social-media/online-social-media-image-resizer","301","Redirects to canonical: /social-media/online-social-media-image-resizer"
"/social-media/social-post-scheduler-planner","src/App.tsx","legacy_redirect","","REDIRECT","https://usonlinetools.com/social-media/online-social-post-scheduler-planner","301","Redirects to canonical: /social-media/online-social-post-scheduler-planner"
"/time-date/age-calculator","src/App.tsx","legacy_redirect","","REDIRECT","https://usonlinetools.com/time-date/online-age-calculator","301","Redirects to canonical: /time-date/online-age-calculator"
"/time-date/countdown-timer","src/App.tsx","legacy_redirect","","REDIRECT","https://usonlinetools.com/time-date/online-countdown-timer","301","Redirects to canonical: /time-date/online-countdown-timer"
"/time-date/military-time-converter","src/App.tsx","legacy_redirect","","REDIRECT","https://usonlinetools.com/time-date/online-military-time-converter","301","Redirects to canonical: /time-date/online-military-time-converter"
"/time-date/online-unix-timestamp-converter","src/App.tsx","legacy_redirect","","REDIRECT","https://usonlinetools.com/developer/online-unix-timestamp-converter","301","Redirects to canonical: /developer/online-unix-timestamp-converter"
"/time-date/stopwatch","src/App.tsx","legacy_redirect","","REDIRECT","https://usonlinetools.com/time-date/online-stopwatch","301","Redirects to canonical: /time-date/online-stopwatch"
"/time-date/time-zone-converter","src/App.tsx","legacy_redirect","","REDIRECT","https://usonlinetools.com/time-date/online-time-zone-converter","301","Redirects to canonical: /time-date/online-time-zone-converter"
"/time-date/unix-timestamp-converter","src/App.tsx","legacy_redirect","","REDIRECT","https://usonlinetools.com/developer/online-unix-timestamp-converter","301","Redirects to canonical: /developer/online-unix-timestamp-converter"
"/tools/aes-encrypt-decrypt","src/App.tsx","legacy_redirect","","REDIRECT","https://usonlinetools.com/security/online-aes-encrypt-decrypt","301","Redirects to canonical: /security/online-aes-encrypt-decrypt"
"/tools/age-calculator","src/App.tsx","legacy_redirect","","REDIRECT","https://usonlinetools.com/time-date/online-age-calculator","301","Redirects to canonical: /time-date/online-age-calculator"
"/tools/amortization-calculator","src/App.tsx","legacy_redirect","","REDIRECT","https://usonlinetools.com/finance/online-amortization-calculator","301","Redirects to canonical: /finance/online-amortization-calculator"
"/tools/bcrypt-hash-generator","src/App.tsx","legacy_redirect","","REDIRECT","https://usonlinetools.com/security/online-bcrypt-hash-generator","301","Redirects to canonical: /security/online-bcrypt-hash-generator"
"/tools/bmi-calculator","src/App.tsx","legacy_redirect","","REDIRECT","https://usonlinetools.com/health/online-bmi-calculator","301","Redirects to canonical: /health/online-bmi-calculator"
"/tools/bmr-calculator","src/App.tsx","legacy_redirect","","REDIRECT","https://usonlinetools.com/health/online-bmr-calculator","301","Redirects to canonical: /health/online-bmr-calculator"
"/tools/body-surface-area-calculator","src/App.tsx","legacy_redirect","","REDIRECT","https://usonlinetools.com/health/online-body-surface-area-calculator","301","Redirects to canonical: /health/online-body-surface-area-calculator"
"/tools/cagr-calculator","src/App.tsx","legacy_redirect","","REDIRECT","https://usonlinetools.com/finance/online-cagr-calculator","301","Redirects to canonical: /finance/online-cagr-calculator"
"/tools/compound-interest-calculator","src/App.tsx","legacy_redirect","","REDIRECT","https://usonlinetools.com/finance/online-compound-interest-calculator","301","Redirects to canonical: /finance/online-compound-interest-calculator"
"/tools/cooking-converter","src/App.tsx","legacy_redirect","","REDIRECT","https://usonlinetools.com/conversion/online-cooking-converter","301","Redirects to canonical: /conversion/online-cooking-converter"
"/tools/countdown-timer","src/App.tsx","legacy_redirect","","REDIRECT","https://usonlinetools.com/time-date/online-countdown-timer","301","Redirects to canonical: /time-date/online-countdown-timer"
"/tools/css-formatter","src/App.tsx","legacy_redirect","","REDIRECT","https://usonlinetools.com/developer/online-css-formatter","301","Redirects to canonical: /developer/online-css-formatter"
"/tools/css-minifier","src/App.tsx","legacy_redirect","","REDIRECT","https://usonlinetools.com/developer/online-css-minifier","301","Redirects to canonical: /developer/online-css-minifier"
"/tools/currency-exchange-calculator","src/App.tsx","legacy_redirect","","REDIRECT","https://usonlinetools.com/finance/online-currency-exchange-calculator","301","Redirects to canonical: /finance/online-currency-exchange-calculator"
"/tools/debt-to-income-calculator","src/App.tsx","legacy_redirect","","REDIRECT","https://usonlinetools.com/finance/online-debt-to-income-calculator","301","Redirects to canonical: /finance/online-debt-to-income-calculator"
"/tools/gcd-calculator","src/App.tsx","legacy_redirect","","REDIRECT","https://usonlinetools.com/math/online-gcd-calculator","301","Redirects to canonical: /math/online-gcd-calculator"
"/tools/gpa-calculator","src/App.tsx","legacy_redirect","","REDIRECT","https://usonlinetools.com/education/online-gpa-calculator","301","Redirects to canonical: /education/online-gpa-calculator"
"/tools/hash-generator","src/App.tsx","legacy_redirect","","REDIRECT","https://usonlinetools.com/developer/online-hash-generator","301","Redirects to canonical: /developer/online-hash-generator"
"/tools/heading-tag-checker","src/App.tsx","legacy_redirect","","REDIRECT","https://usonlinetools.com/seo/online-heading-tag-checker","301","Redirects to canonical: /seo/online-heading-tag-checker"
"/tools/html-formatter","src/App.tsx","legacy_redirect","","REDIRECT","https://usonlinetools.com/developer/online-html-formatter","301","Redirects to canonical: /developer/online-html-formatter"
"/tools/html-minifier","src/App.tsx","legacy_redirect","","REDIRECT","https://usonlinetools.com/developer/online-html-minifier","301","Redirects to canonical: /developer/online-html-minifier"
"/tools/instagram-caption-counter","src/App.tsx","legacy_redirect","","REDIRECT","https://usonlinetools.com/social-media/online-instagram-caption-counter","301","Redirects to canonical: /social-media/online-instagram-caption-counter"
"/tools/javascript-formatter","src/App.tsx","legacy_redirect","","REDIRECT","https://usonlinetools.com/developer/online-javascript-formatter","301","Redirects to canonical: /developer/online-javascript-formatter"
"/tools/javascript-minifier","src/App.tsx","legacy_redirect","","REDIRECT","https://usonlinetools.com/developer/online-javascript-minifier","301","Redirects to canonical: /developer/online-javascript-minifier"
"/tools/json-path-tester","src/App.tsx","legacy_redirect","","REDIRECT","https://usonlinetools.com/developer/online-json-path-tester","301","Redirects to canonical: /developer/online-json-path-tester"
"/tools/json-to-csv","src/App.tsx","legacy_redirect","","REDIRECT","https://usonlinetools.com/developer/online-json-to-csv","301","Redirects to canonical: /developer/online-json-to-csv"
"/tools/json-validator","src/App.tsx","legacy_redirect","","REDIRECT","https://usonlinetools.com/developer/online-json-validator","301","Redirects to canonical: /developer/online-json-validator"
"/tools/jwt-decoder","src/App.tsx","legacy_redirect","","REDIRECT","https://usonlinetools.com/developer/online-jwt-decoder","301","Redirects to canonical: /developer/online-jwt-decoder"
"/tools/keyword-density-checker","src/App.tsx","legacy_redirect","","REDIRECT","https://usonlinetools.com/seo/online-keyword-density-checker","301","Redirects to canonical: /seo/online-keyword-density-checker"
"/tools/lcm-calculator","src/App.tsx","legacy_redirect","","REDIRECT","https://usonlinetools.com/math/online-lcm-calculator","301","Redirects to canonical: /math/online-lcm-calculator"
"/tools/linkedin-post-formatter","src/App.tsx","legacy_redirect","","REDIRECT","https://usonlinetools.com/social-media/online-linkedin-post-formatter","301","Redirects to canonical: /social-media/online-linkedin-post-formatter"
"/tools/loan-emi-calculator","src/App.tsx","legacy_redirect","","REDIRECT","https://usonlinetools.com/finance/online-loan-emi-calculator","301","Redirects to canonical: /finance/online-loan-emi-calculator"
"/tools/loan-to-value-calculator","src/App.tsx","legacy_redirect","","REDIRECT","https://usonlinetools.com/finance/online-loan-to-value-calculator","301","Redirects to canonical: /finance/online-loan-to-value-calculator"
"/tools/lorem-ipsum-generator","src/App.tsx","legacy_redirect","","REDIRECT","https://usonlinetools.com/developer/online-lorem-ipsum-generator","301","Redirects to canonical: /developer/online-lorem-ipsum-generator"
"/tools/markdown-previewer","src/App.tsx","legacy_redirect","","REDIRECT","https://usonlinetools.com/developer/online-markdown-previewer","301","Redirects to canonical: /developer/online-markdown-previewer"
"/tools/matrix-calculator","src/App.tsx","legacy_redirect","","REDIRECT","https://usonlinetools.com/math/online-matrix-calculator","301","Redirects to canonical: /math/online-matrix-calculator"
"/tools/military-time-converter","src/App.tsx","legacy_redirect","","REDIRECT","https://usonlinetools.com/time-date/online-military-time-converter","301","Redirects to canonical: /time-date/online-military-time-converter"
"/tools/morse-code-translator","src/App.tsx","legacy_redirect","","REDIRECT","https://usonlinetools.com/security/online-morse-code-translator","301","Redirects to canonical: /security/online-morse-code-translator"
"/tools/password-generator","src/App.tsx","legacy_redirect","","REDIRECT","https://usonlinetools.com/security/online-password-generator","301","Redirects to canonical: /security/online-password-generator"
"/tools/quadratic-equation-solver","src/App.tsx","legacy_redirect","","REDIRECT","https://usonlinetools.com/math/online-quadratic-equation-solver","301","Redirects to canonical: /math/online-quadratic-equation-solver"
"/tools/readability-checker","src/App.tsx","legacy_redirect","","REDIRECT","https://usonlinetools.com/seo/online-readability-checker","301","Redirects to canonical: /seo/online-readability-checker"
"/tools/regex-tester","src/App.tsx","legacy_redirect","","REDIRECT","https://usonlinetools.com/developer/online-regex-tester","301","Redirects to canonical: /developer/online-regex-tester"
"/tools/retirement-calculator","src/App.tsx","legacy_redirect","","REDIRECT","https://usonlinetools.com/finance/online-retirement-calculator","301","Redirects to canonical: /finance/online-retirement-calculator"
"/tools/robots-txt-generator","src/App.tsx","legacy_redirect","","REDIRECT","https://usonlinetools.com/seo/online-robots-txt-generator","301","Redirects to canonical: /seo/online-robots-txt-generator"
"/tools/roman-numeral-converter","src/App.tsx","legacy_redirect","","REDIRECT","https://usonlinetools.com/conversion/online-roman-numeral-converter","301","Redirects to canonical: /conversion/online-roman-numeral-converter"
"/tools/shoe-size-converter","src/App.tsx","legacy_redirect","","REDIRECT","https://usonlinetools.com/conversion/online-shoe-size-converter","301","Redirects to canonical: /conversion/online-shoe-size-converter"
"/tools/sitemap-generator","src/App.tsx","legacy_redirect","","REDIRECT","https://usonlinetools.com/seo/online-sitemap-generator","301","Redirects to canonical: /seo/online-sitemap-generator"
"/tools/social-media-image-resizer","src/App.tsx","legacy_redirect","","REDIRECT","https://usonlinetools.com/social-media/online-social-media-image-resizer","301","Redirects to canonical: /social-media/online-social-media-image-resizer"
"/tools/social-post-scheduler-planner","src/App.tsx","legacy_redirect","","REDIRECT","https://usonlinetools.com/social-media/online-social-post-scheduler-planner","301","Redirects to canonical: /social-media/online-social-post-scheduler-planner"
"/tools/sql-formatter","src/App.tsx","legacy_redirect","","REDIRECT","https://usonlinetools.com/developer/online-sql-formatter","301","Redirects to canonical: /developer/online-sql-formatter"
"/tools/stopwatch","src/App.tsx","legacy_redirect","","REDIRECT","https://usonlinetools.com/time-date/online-stopwatch","301","Redirects to canonical: /time-date/online-stopwatch"
"/tools/tdee-calculator","src/App.tsx","legacy_redirect","","REDIRECT","https://usonlinetools.com/health/online-tdee-calculator","301","Redirects to canonical: /health/online-tdee-calculator"
"/tools/temperature-converter","src/App.tsx","legacy_redirect","","REDIRECT","https://usonlinetools.com/conversion/online-temperature-converter","301","Redirects to canonical: /conversion/online-temperature-converter"
"/tools/time-zone-converter","src/App.tsx","legacy_redirect","","REDIRECT","https://usonlinetools.com/time-date/online-time-zone-converter","301","Redirects to canonical: /time-date/online-time-zone-converter"
"/tools/unix-timestamp-converter","src/App.tsx","legacy_redirect","","REDIRECT","https://usonlinetools.com/developer/online-unix-timestamp-converter","301","Redirects to canonical: /developer/online-unix-timestamp-converter"
"/tools/word-counter","src/App.tsx","legacy_redirect","","REDIRECT","https://usonlinetools.com/productivity/online-word-counter","301","Redirects to canonical: /productivity/online-word-counter"
