"source_url","source_tool_name","category","target_url_1","target_url_2","target_url_3","target_url_4","anchor_text_1","anchor_text_2","anchor_text_3","anchor_text_4","hub_category_url","breadcrumb_parent","priority"
"https://usonlinetools.com/math/online-percentage-calculator","Percentage Calculator","math","https://usonlinetools.com/math/fraction-to-decimal-calculator","https://usonlinetools.com/math/decimal-to-fraction-calculator","https://usonlinetools.com/math/ratio-calculator","https://usonlinetools.com/math/average-calculator","Fraction to Decimal Calculator","Decimal to Fraction Calculator","Ratio Calculator","Average Calculator","https://usonlinetools.com/category/math","https://usonlinetools.com/category/math","P1"
"https://usonlinetools.com/math/fraction-to-decimal-calculator","Fraction to Decimal Calculator","math","https://usonlinetools.com/math/online-percentage-calculator","https://usonlinetools.com/math/decimal-to-fraction-calculator","https://usonlinetools.com/math/ratio-calculator","https://usonlinetools.com/math/average-calculator","Percentage Calculator","Decimal to Fraction Calculator","Ratio Calculator","Average Calculator","https://usonlinetools.com/category/math","https://usonlinetools.com/category/math","P1"
"https://usonlinetools.com/math/decimal-to-fraction-calculator","Decimal to Fraction Calculator","math","https://usonlinetools.com/math/online-percentage-calculator","https://usonlinetools.com/math/fraction-to-decimal-calculator","https://usonlinetools.com/math/ratio-calculator","https://usonlinetools.com/math/average-calculator","Percentage Calculator","Fraction to Decimal Calculator","Ratio Calculator","Average Calculator","https://usonlinetools.com/category/math","https://usonlinetools.com/category/math","P1"
"https://usonlinetools.com/math/ratio-calculator","Ratio Calculator","math","https://usonlinetools.com/math/online-percentage-calculator","https://usonlinetools.com/math/fraction-to-decimal-calculator","https://usonlinetools.com/math/decimal-to-fraction-calculator","https://usonlinetools.com/math/average-calculator","Percentage Calculator","Fraction to Decimal Calculator","Decimal to Fraction Calculator","Average Calculator","https://usonlinetools.com/category/math","https://usonlinetools.com/category/math","P1"
"https://usonlinetools.com/math/average-calculator","Average Calculator","math","https://usonlinetools.com/math/online-percentage-calculator","https://usonlinetools.com/math/fraction-to-decimal-calculator","https://usonlinetools.com/math/decimal-to-fraction-calculator","https://usonlinetools.com/math/ratio-calculator","Percentage Calculator","Fraction to Decimal Calculator","Decimal to Fraction Calculator","Ratio Calculator","https://usonlinetools.com/category/math","https://usonlinetools.com/category/math","P1"
"https://usonlinetools.com/math/online-scientific-calculator","Scientific Calculator","math","https://usonlinetools.com/math/online-percentage-calculator","https://usonlinetools.com/math/fraction-to-decimal-calculator","https://usonlinetools.com/math/decimal-to-fraction-calculator","https://usonlinetools.com/math/ratio-calculator","Percentage Calculator","Fraction to Decimal Calculator","Decimal to Fraction Calculator","Ratio Calculator","https://usonlinetools.com/category/math","https://usonlinetools.com/category/math","P1"
"https://usonlinetools.com/math/online-standard-deviation-calculator","Standard Deviation Calculator","math","https://usonlinetools.com/math/online-percentage-calculator","https://usonlinetools.com/math/fraction-to-decimal-calculator","https://usonlinetools.com/math/decimal-to-fraction-calculator","https://usonlinetools.com/math/ratio-calculator","Percentage Calculator","Fraction to Decimal Calculator","Decimal to Fraction Calculator","Ratio Calculator","https://usonlinetools.com/category/math","https://usonlinetools.com/category/math","P1"
"https://usonlinetools.com/math/square-root-calculator","Square Root Calculator","math","https://usonlinetools.com/math/online-percentage-calculator","https://usonlinetools.com/math/fraction-to-decimal-calculator","https://usonlinetools.com/math/decimal-to-fraction-calculator","https://usonlinetools.com/math/ratio-calculator","Percentage Calculator","Fraction to Decimal Calculator","Decimal to Fraction Calculator","Ratio Calculator","https://usonlinetools.com/category/math","https://usonlinetools.com/category/math","P1"
"https://usonlinetools.com/math/cube-root-calculator","Cube Root Calculator","math","https://usonlinetools.com/math/online-percentage-calculator","https://usonlinetools.com/math/fraction-to-decimal-calculator","https://usonlinetools.com/math/decimal-to-fraction-calculator","https://usonlinetools.com/math/ratio-calculator","Percentage Calculator","Fraction to Decimal Calculator","Decimal to Fraction Calculator","Ratio Calculator","https://usonlinetools.com/category/math","https://usonlinetools.com/category/math","P1"
"https://usonlinetools.com/math/power-calculator","Power Calculator","math","https://usonlinetools.com/math/online-percentage-calculator","https://usonlinetools.com/math/fraction-to-decimal-calculator","https://usonlinetools.com/math/decimal-to-fraction-calculator","https://usonlinetools.com/math/ratio-calculator","Percentage Calculator","Fraction to Decimal Calculator","Decimal to Fraction Calculator","Ratio Calculator","https://usonlinetools.com/category/math","https://usonlinetools.com/category/math","P1"
"https://usonlinetools.com/math/logarithm-calculator","Logarithm Calculator","math","https://usonlinetools.com/math/online-percentage-calculator","https://usonlinetools.com/math/fraction-to-decimal-calculator","https://usonlinetools.com/math/decimal-to-fraction-calculator","https://usonlinetools.com/math/ratio-calculator","Percentage Calculator","Fraction to Decimal Calculator","Decimal to Fraction Calculator","Ratio Calculator","https://usonlinetools.com/category/math","https://usonlinetools.com/category/math","P1"
"https://usonlinetools.com/math/factorial-calculator","Factorial Calculator","math","https://usonlinetools.com/math/online-percentage-calculator","https://usonlinetools.com/math/fraction-to-decimal-calculator","https://usonlinetools.com/math/decimal-to-fraction-calculator","https://usonlinetools.com/math/ratio-calculator","Percentage Calculator","Fraction to Decimal Calculator","Decimal to Fraction Calculator","Ratio Calculator","https://usonlinetools.com/category/math","https://usonlinetools.com/category/math","P1"
"https://usonlinetools.com/math/prime-number-checker","Prime Number Checker","math","https://usonlinetools.com/math/online-percentage-calculator","https://usonlinetools.com/math/fraction-to-decimal-calculator","https://usonlinetools.com/math/decimal-to-fraction-calculator","https://usonlinetools.com/math/ratio-calculator","Percentage Calculator","Fraction to Decimal Calculator","Decimal to Fraction Calculator","Ratio Calculator","https://usonlinetools.com/category/math","https://usonlinetools.com/category/math","P1"
"https://usonlinetools.com/math/online-lcm-calculator","LCM Calculator","math","https://usonlinetools.com/math/online-percentage-calculator","https://usonlinetools.com/math/fraction-to-decimal-calculator","https://usonlinetools.com/math/decimal-to-fraction-calculator","https://usonlinetools.com/math/ratio-calculator","Percentage Calculator","Fraction to Decimal Calculator","Decimal to Fraction Calculator","Ratio Calculator","https://usonlinetools.com/category/math","https://usonlinetools.com/category/math","P1"
"https://usonlinetools.com/math/online-gcd-calculator","GCD Calculator","math","https://usonlinetools.com/math/online-percentage-calculator","https://usonlinetools.com/math/fraction-to-decimal-calculator","https://usonlinetools.com/math/decimal-to-fraction-calculator","https://usonlinetools.com/math/ratio-calculator","Percentage Calculator","Fraction to Decimal Calculator","Decimal to Fraction Calculator","Ratio Calculator","https://usonlinetools.com/category/math","https://usonlinetools.com/category/math","P1"
"https://usonlinetools.com/math/random-number-generator","Random Number Generator","math","https://usonlinetools.com/math/online-percentage-calculator","https://usonlinetools.com/math/fraction-to-decimal-calculator","https://usonlinetools.com/math/decimal-to-fraction-calculator","https://usonlinetools.com/math/ratio-calculator","Percentage Calculator","Fraction to Decimal Calculator","Decimal to Fraction Calculator","Ratio Calculator","https://usonlinetools.com/category/math","https://usonlinetools.com/category/math","P1"
"https://usonlinetools.com/math/mean-median-mode-calculator","Mean Median Mode Calculator","math","https://usonlinetools.com/math/online-percentage-calculator","https://usonlinetools.com/math/fraction-to-decimal-calculator","https://usonlinetools.com/math/decimal-to-fraction-calculator","https://usonlinetools.com/math/ratio-calculator","Percentage Calculator","Fraction to Decimal Calculator","Decimal to Fraction Calculator","Ratio Calculator","https://usonlinetools.com/category/math","https://usonlinetools.com/category/math","P1"
"https://usonlinetools.com/math/rounding-numbers-calculator","Rounding Numbers Calculator","math","https://usonlinetools.com/math/online-percentage-calculator","https://usonlinetools.com/math/fraction-to-decimal-calculator","https://usonlinetools.com/math/decimal-to-fraction-calculator","https://usonlinetools.com/math/ratio-calculator","Percentage Calculator","Fraction to Decimal Calculator","Decimal to Fraction Calculator","Ratio Calculator","https://usonlinetools.com/category/math","https://usonlinetools.com/category/math","P1"
"https://usonlinetools.com/math/exponents-calculator","Exponents Calculator","math","https://usonlinetools.com/math/online-percentage-calculator","https://usonlinetools.com/math/fraction-to-decimal-calculator","https://usonlinetools.com/math/decimal-to-fraction-calculator","https://usonlinetools.com/math/ratio-calculator","Percentage Calculator","Fraction to Decimal Calculator","Decimal to Fraction Calculator","Ratio Calculator","https://usonlinetools.com/category/math","https://usonlinetools.com/category/math","P1"
"https://usonlinetools.com/math/variance-calculator","Variance Calculator","math","https://usonlinetools.com/math/online-percentage-calculator","https://usonlinetools.com/math/fraction-to-decimal-calculator","https://usonlinetools.com/math/decimal-to-fraction-calculator","https://usonlinetools.com/math/ratio-calculator","Percentage Calculator","Fraction to Decimal Calculator","Decimal to Fraction Calculator","Ratio Calculator","https://usonlinetools.com/category/math","https://usonlinetools.com/category/math","P1"
"https://usonlinetools.com/math/number-sequence-generator","Number Sequence Generator","math","https://usonlinetools.com/math/online-percentage-calculator","https://usonlinetools.com/math/fraction-to-decimal-calculator","https://usonlinetools.com/math/decimal-to-fraction-calculator","https://usonlinetools.com/math/ratio-calculator","Percentage Calculator","Fraction to Decimal Calculator","Decimal to Fraction Calculator","Ratio Calculator","https://usonlinetools.com/category/math","https://usonlinetools.com/category/math","P1"
"https://usonlinetools.com/math/divisibility-checker","Divisibility Checker","math","https://usonlinetools.com/math/online-percentage-calculator","https://usonlinetools.com/math/fraction-to-decimal-calculator","https://usonlinetools.com/math/decimal-to-fraction-calculator","https://usonlinetools.com/math/ratio-calculator","Percentage Calculator","Fraction to Decimal Calculator","Decimal to Fraction Calculator","Ratio Calculator","https://usonlinetools.com/category/math","https://usonlinetools.com/category/math","P1"
"https://usonlinetools.com/math/online-matrix-calculator","Matrix Calculator","math","https://usonlinetools.com/math/online-percentage-calculator","https://usonlinetools.com/math/fraction-to-decimal-calculator","https://usonlinetools.com/math/decimal-to-fraction-calculator","https://usonlinetools.com/math/ratio-calculator","Percentage Calculator","Fraction to Decimal Calculator","Decimal to Fraction Calculator","Ratio Calculator","https://usonlinetools.com/category/math","https://usonlinetools.com/category/math","P1"
"https://usonlinetools.com/math/online-quadratic-equation-solver","Quadratic Equation Solver","math","https://usonlinetools.com/math/online-percentage-calculator","https://usonlinetools.com/math/fraction-to-decimal-calculator","https://usonlinetools.com/math/decimal-to-fraction-calculator","https://usonlinetools.com/math/ratio-calculator","Percentage Calculator","Fraction to Decimal Calculator","Decimal to Fraction Calculator","Ratio Calculator","https://usonlinetools.com/category/math","https://usonlinetools.com/category/math","P1"
"https://usonlinetools.com/math/permutation-calculator","Permutation Calculator","math","https://usonlinetools.com/math/online-percentage-calculator","https://usonlinetools.com/math/fraction-to-decimal-calculator","https://usonlinetools.com/math/decimal-to-fraction-calculator","https://usonlinetools.com/math/ratio-calculator","Percentage Calculator","Fraction to Decimal Calculator","Decimal to Fraction Calculator","Ratio Calculator","https://usonlinetools.com/category/math","https://usonlinetools.com/category/math","P1"
"https://usonlinetools.com/math/combination-calculator","Combination Calculator","math","https://usonlinetools.com/math/online-percentage-calculator","https://usonlinetools.com/math/fraction-to-decimal-calculator","https://usonlinetools.com/math/decimal-to-fraction-calculator","https://usonlinetools.com/math/ratio-calculator","Percentage Calculator","Fraction to Decimal Calculator","Decimal to Fraction Calculator","Ratio Calculator","https://usonlinetools.com/category/math","https://usonlinetools.com/category/math","P1"
"https://usonlinetools.com/math/modulo-calculator","Modulo Calculator","math","https://usonlinetools.com/math/online-percentage-calculator","https://usonlinetools.com/math/fraction-to-decimal-calculator","https://usonlinetools.com/math/decimal-to-fraction-calculator","https://usonlinetools.com/math/ratio-calculator","Percentage Calculator","Fraction to Decimal Calculator","Decimal to Fraction Calculator","Ratio Calculator","https://usonlinetools.com/category/math","https://usonlinetools.com/category/math","P1"
"https://usonlinetools.com/math/proportion-calculator","Proportion Calculator","math","https://usonlinetools.com/math/online-percentage-calculator","https://usonlinetools.com/math/fraction-to-decimal-calculator","https://usonlinetools.com/math/decimal-to-fraction-calculator","https://usonlinetools.com/math/ratio-calculator","Percentage Calculator","Fraction to Decimal Calculator","Decimal to Fraction Calculator","Ratio Calculator","https://usonlinetools.com/category/math","https://usonlinetools.com/category/math","P1"
"https://usonlinetools.com/math/percentage-error-calculator","Percentage Error Calculator","math","https://usonlinetools.com/math/online-percentage-calculator","https://usonlinetools.com/math/fraction-to-decimal-calculator","https://usonlinetools.com/math/decimal-to-fraction-calculator","https://usonlinetools.com/math/ratio-calculator","Percentage Calculator","Fraction to Decimal Calculator","Decimal to Fraction Calculator","Ratio Calculator","https://usonlinetools.com/category/math","https://usonlinetools.com/category/math","P1"
"https://usonlinetools.com/math/fraction-calculator","Fraction Calculator","math","https://usonlinetools.com/math/online-percentage-calculator","https://usonlinetools.com/math/fraction-to-decimal-calculator","https://usonlinetools.com/math/decimal-to-fraction-calculator","https://usonlinetools.com/math/ratio-calculator","Percentage Calculator","Fraction to Decimal Calculator","Decimal to Fraction Calculator","Ratio Calculator","https://usonlinetools.com/category/math","https://usonlinetools.com/category/math","P1"
"https://usonlinetools.com/finance/online-simple-interest-calculator","Simple Interest Calculator","finance","https://usonlinetools.com/finance/online-compound-interest-calculator","https://usonlinetools.com/finance/online-loan-emi-calculator","https://usonlinetools.com/finance/discount-calculator","https://usonlinetools.com/finance/profit-margin-calculator","Compound Interest Calculator","Loan EMI Calculator","Discount Calculator","Profit Margin Calculator","https://usonlinetools.com/category/finance","https://usonlinetools.com/category/finance","P1"
"https://usonlinetools.com/finance/online-compound-interest-calculator","Compound Interest Calculator","finance","https://usonlinetools.com/finance/online-simple-interest-calculator","https://usonlinetools.com/finance/online-loan-emi-calculator","https://usonlinetools.com/finance/discount-calculator","https://usonlinetools.com/finance/profit-margin-calculator","Simple Interest Calculator","Loan EMI Calculator","Discount Calculator","Profit Margin Calculator","https://usonlinetools.com/category/finance","https://usonlinetools.com/category/finance","P1"
"https://usonlinetools.com/finance/online-loan-emi-calculator","Loan EMI Calculator","finance","https://usonlinetools.com/finance/online-simple-interest-calculator","https://usonlinetools.com/finance/online-compound-interest-calculator","https://usonlinetools.com/finance/discount-calculator","https://usonlinetools.com/finance/profit-margin-calculator","Simple Interest Calculator","Compound Interest Calculator","Discount Calculator","Profit Margin Calculator","https://usonlinetools.com/category/finance","https://usonlinetools.com/category/finance","P1"
"https://usonlinetools.com/finance/discount-calculator","Discount Calculator","finance","https://usonlinetools.com/finance/online-simple-interest-calculator","https://usonlinetools.com/finance/online-compound-interest-calculator","https://usonlinetools.com/finance/online-loan-emi-calculator","https://usonlinetools.com/finance/profit-margin-calculator","Simple Interest Calculator","Compound Interest Calculator","Loan EMI Calculator","Profit Margin Calculator","https://usonlinetools.com/category/finance","https://usonlinetools.com/category/finance","P1"
"https://usonlinetools.com/finance/profit-margin-calculator","Profit Margin Calculator","finance","https://usonlinetools.com/finance/online-simple-interest-calculator","https://usonlinetools.com/finance/online-compound-interest-calculator","https://usonlinetools.com/finance/online-loan-emi-calculator","https://usonlinetools.com/finance/discount-calculator","Simple Interest Calculator","Compound Interest Calculator","Loan EMI Calculator","Discount Calculator","https://usonlinetools.com/category/finance","https://usonlinetools.com/category/finance","P1"
"https://usonlinetools.com/finance/markup-calculator","Markup Calculator","finance","https://usonlinetools.com/finance/online-simple-interest-calculator","https://usonlinetools.com/finance/online-compound-interest-calculator","https://usonlinetools.com/finance/online-loan-emi-calculator","https://usonlinetools.com/finance/discount-calculator","Simple Interest Calculator","Compound Interest Calculator","Loan EMI Calculator","Discount Calculator","https://usonlinetools.com/category/finance","https://usonlinetools.com/category/finance","P1"
"https://usonlinetools.com/finance/break-even-calculator","Break Even Calculator","finance","https://usonlinetools.com/finance/online-simple-interest-calculator","https://usonlinetools.com/finance/online-compound-interest-calculator","https://usonlinetools.com/finance/online-loan-emi-calculator","https://usonlinetools.com/finance/discount-calculator","Simple Interest Calculator","Compound Interest Calculator","Loan EMI Calculator","Discount Calculator","https://usonlinetools.com/category/finance","https://usonlinetools.com/category/finance","P1"
"https://usonlinetools.com/finance/online-roi-calculator","ROI Calculator","finance","https://usonlinetools.com/finance/online-simple-interest-calculator","https://usonlinetools.com/finance/online-compound-interest-calculator","https://usonlinetools.com/finance/online-loan-emi-calculator","https://usonlinetools.com/finance/discount-calculator","Simple Interest Calculator","Compound Interest Calculator","Loan EMI Calculator","Discount Calculator","https://usonlinetools.com/category/finance","https://usonlinetools.com/category/finance","P1"
"https://usonlinetools.com/finance/savings-calculator","Savings Calculator","finance","https://usonlinetools.com/finance/online-simple-interest-calculator","https://usonlinetools.com/finance/online-compound-interest-calculator","https://usonlinetools.com/finance/online-loan-emi-calculator","https://usonlinetools.com/finance/discount-calculator","Simple Interest Calculator","Compound Interest Calculator","Loan EMI Calculator","Discount Calculator","https://usonlinetools.com/category/finance","https://usonlinetools.com/category/finance","P1"
"https://usonlinetools.com/finance/online-cagr-calculator","CAGR Calculator","finance","https://usonlinetools.com/finance/online-simple-interest-calculator","https://usonlinetools.com/finance/online-compound-interest-calculator","https://usonlinetools.com/finance/online-loan-emi-calculator","https://usonlinetools.com/finance/discount-calculator","Simple Interest Calculator","Compound Interest Calculator","Loan EMI Calculator","Discount Calculator","https://usonlinetools.com/category/finance","https://usonlinetools.com/category/finance","P1"
"https://usonlinetools.com/finance/online-debt-to-income-calculator","Debt-to-Income Calculator","finance","https://usonlinetools.com/finance/online-simple-interest-calculator","https://usonlinetools.com/finance/online-compound-interest-calculator","https://usonlinetools.com/finance/online-loan-emi-calculator","https://usonlinetools.com/finance/discount-calculator","Simple Interest Calculator","Compound Interest Calculator","Loan EMI Calculator","Discount Calculator","https://usonlinetools.com/category/finance","https://usonlinetools.com/category/finance","P1"
"https://usonlinetools.com/finance/online-loan-to-value-calculator","Loan-to-Value Calculator","finance","https://usonlinetools.com/finance/online-simple-interest-calculator","https://usonlinetools.com/finance/online-compound-interest-calculator","https://usonlinetools.com/finance/online-loan-emi-calculator","https://usonlinetools.com/finance/discount-calculator","Simple Interest Calculator","Compound Interest Calculator","Loan EMI Calculator","Discount Calculator","https://usonlinetools.com/category/finance","https://usonlinetools.com/category/finance","P1"
"https://usonlinetools.com/finance/tip-calculator","Tip Calculator","finance","https://usonlinetools.com/finance/online-simple-interest-calculator","https://usonlinetools.com/finance/online-compound-interest-calculator","https://usonlinetools.com/finance/online-loan-emi-calculator","https://usonlinetools.com/finance/discount-calculator","Simple Interest Calculator","Compound Interest Calculator","Loan EMI Calculator","Discount Calculator","https://usonlinetools.com/category/finance","https://usonlinetools.com/category/finance","P1"
"https://usonlinetools.com/finance/online-salary-calculator","Salary Calculator","finance","https://usonlinetools.com/finance/online-simple-interest-calculator","https://usonlinetools.com/finance/online-compound-interest-calculator","https://usonlinetools.com/finance/online-loan-emi-calculator","https://usonlinetools.com/finance/discount-calculator","Simple Interest Calculator","Compound Interest Calculator","Loan EMI Calculator","Discount Calculator","https://usonlinetools.com/category/finance","https://usonlinetools.com/category/finance","P1"
"https://usonlinetools.com/finance/online-tax-calculator","Tax Calculator","finance","https://usonlinetools.com/finance/online-simple-interest-calculator","https://usonlinetools.com/finance/online-compound-interest-calculator","https://usonlinetools.com/finance/online-loan-emi-calculator","https://usonlinetools.com/finance/discount-calculator","Simple Interest Calculator","Compound Interest Calculator","Loan EMI Calculator","Discount Calculator","https://usonlinetools.com/category/finance","https://usonlinetools.com/category/finance","P1"
"https://usonlinetools.com/finance/online-mortgage-payment-calculator","Mortgage Payment Calculator","finance","https://usonlinetools.com/finance/online-simple-interest-calculator","https://usonlinetools.com/finance/online-compound-interest-calculator","https://usonlinetools.com/finance/online-loan-emi-calculator","https://usonlinetools.com/finance/discount-calculator","Simple Interest Calculator","Compound Interest Calculator","Loan EMI Calculator","Discount Calculator","https://usonlinetools.com/category/finance","https://usonlinetools.com/category/finance","P1"
"https://usonlinetools.com/finance/online-gst-calculator","GST Calculator","finance","https://usonlinetools.com/finance/online-simple-interest-calculator","https://usonlinetools.com/finance/online-compound-interest-calculator","https://usonlinetools.com/finance/online-loan-emi-calculator","https://usonlinetools.com/finance/discount-calculator","Simple Interest Calculator","Compound Interest Calculator","Loan EMI Calculator","Discount Calculator","https://usonlinetools.com/category/finance","https://usonlinetools.com/category/finance","P1"
"https://usonlinetools.com/finance/online-inflation-calculator","Inflation Calculator","finance","https://usonlinetools.com/finance/online-simple-interest-calculator","https://usonlinetools.com/finance/online-compound-interest-calculator","https://usonlinetools.com/finance/online-loan-emi-calculator","https://usonlinetools.com/finance/discount-calculator","Simple Interest Calculator","Compound Interest Calculator","Loan EMI Calculator","Discount Calculator","https://usonlinetools.com/category/finance","https://usonlinetools.com/category/finance","P1"
"https://usonlinetools.com/finance/commission-calculator","Commission Calculator","finance","https://usonlinetools.com/finance/online-simple-interest-calculator","https://usonlinetools.com/finance/online-compound-interest-calculator","https://usonlinetools.com/finance/online-loan-emi-calculator","https://usonlinetools.com/finance/discount-calculator","Simple Interest Calculator","Compound Interest Calculator","Loan EMI Calculator","Discount Calculator","https://usonlinetools.com/category/finance","https://usonlinetools.com/category/finance","P1"
"https://usonlinetools.com/finance/online-investment-growth-calculator","Investment Growth Calculator","finance","https://usonlinetools.com/finance/online-simple-interest-calculator","https://usonlinetools.com/finance/online-compound-interest-calculator","https://usonlinetools.com/finance/online-loan-emi-calculator","https://usonlinetools.com/finance/discount-calculator","Simple Interest Calculator","Compound Interest Calculator","Loan EMI Calculator","Discount Calculator","https://usonlinetools.com/category/finance","https://usonlinetools.com/category/finance","P1"
"https://usonlinetools.com/finance/online-budget-calculator","Budget Calculator","finance","https://usonlinetools.com/finance/online-simple-interest-calculator","https://usonlinetools.com/finance/online-compound-interest-calculator","https://usonlinetools.com/finance/online-loan-emi-calculator","https://usonlinetools.com/finance/discount-calculator","Simple Interest Calculator","Compound Interest Calculator","Loan EMI Calculator","Discount Calculator","https://usonlinetools.com/category/finance","https://usonlinetools.com/category/finance","P1"
"https://usonlinetools.com/finance/expense-calculator","Expense Calculator","finance","https://usonlinetools.com/finance/online-simple-interest-calculator","https://usonlinetools.com/finance/online-compound-interest-calculator","https://usonlinetools.com/finance/online-loan-emi-calculator","https://usonlinetools.com/finance/discount-calculator","Simple Interest Calculator","Compound Interest Calculator","Loan EMI Calculator","Discount Calculator","https://usonlinetools.com/category/finance","https://usonlinetools.com/category/finance","P1"
"https://usonlinetools.com/finance/cost-per-unit-calculator","Cost Per Unit Calculator","finance","https://usonlinetools.com/finance/online-simple-interest-calculator","https://usonlinetools.com/finance/online-compound-interest-calculator","https://usonlinetools.com/finance/online-loan-emi-calculator","https://usonlinetools.com/finance/discount-calculator","Simple Interest Calculator","Compound Interest Calculator","Loan EMI Calculator","Discount Calculator","https://usonlinetools.com/category/finance","https://usonlinetools.com/category/finance","P1"
"https://usonlinetools.com/finance/price-per-unit-calculator","Price Per Unit Calculator","finance","https://usonlinetools.com/finance/online-simple-interest-calculator","https://usonlinetools.com/finance/online-compound-interest-calculator","https://usonlinetools.com/finance/online-loan-emi-calculator","https://usonlinetools.com/finance/discount-calculator","Simple Interest Calculator","Compound Interest Calculator","Loan EMI Calculator","Discount Calculator","https://usonlinetools.com/category/finance","https://usonlinetools.com/category/finance","P1"
"https://usonlinetools.com/finance/payback-period-calculator","Payback Period Calculator","finance","https://usonlinetools.com/finance/online-simple-interest-calculator","https://usonlinetools.com/finance/online-compound-interest-calculator","https://usonlinetools.com/finance/online-loan-emi-calculator","https://usonlinetools.com/finance/discount-calculator","Simple Interest Calculator","Compound Interest Calculator","Loan EMI Calculator","Discount Calculator","https://usonlinetools.com/category/finance","https://usonlinetools.com/category/finance","P1"
"https://usonlinetools.com/finance/loan-interest-calculator","Loan Interest Calculator","finance","https://usonlinetools.com/finance/online-simple-interest-calculator","https://usonlinetools.com/finance/online-compound-interest-calculator","https://usonlinetools.com/finance/online-loan-emi-calculator","https://usonlinetools.com/finance/discount-calculator","Simple Interest Calculator","Compound Interest Calculator","Loan EMI Calculator","Discount Calculator","https://usonlinetools.com/category/finance","https://usonlinetools.com/category/finance","P1"
"https://usonlinetools.com/finance/savings-goal-calculator","Savings Goal Calculator","finance","https://usonlinetools.com/finance/online-simple-interest-calculator","https://usonlinetools.com/finance/online-compound-interest-calculator","https://usonlinetools.com/finance/online-loan-emi-calculator","https://usonlinetools.com/finance/discount-calculator","Simple Interest Calculator","Compound Interest Calculator","Loan EMI Calculator","Discount Calculator","https://usonlinetools.com/category/finance","https://usonlinetools.com/category/finance","P1"
"https://usonlinetools.com/finance/revenue-calculator","Revenue Calculator","finance","https://usonlinetools.com/finance/online-simple-interest-calculator","https://usonlinetools.com/finance/online-compound-interest-calculator","https://usonlinetools.com/finance/online-loan-emi-calculator","https://usonlinetools.com/finance/discount-calculator","Simple Interest Calculator","Compound Interest Calculator","Loan EMI Calculator","Discount Calculator","https://usonlinetools.com/category/finance","https://usonlinetools.com/category/finance","P1"
"https://usonlinetools.com/finance/cost-split-calculator","Cost Split Calculator","finance","https://usonlinetools.com/finance/online-simple-interest-calculator","https://usonlinetools.com/finance/online-compound-interest-calculator","https://usonlinetools.com/finance/online-loan-emi-calculator","https://usonlinetools.com/finance/discount-calculator","Simple Interest Calculator","Compound Interest Calculator","Loan EMI Calculator","Discount Calculator","https://usonlinetools.com/category/finance","https://usonlinetools.com/category/finance","P1"
"https://usonlinetools.com/finance/depreciation-calculator","Depreciation Calculator","finance","https://usonlinetools.com/finance/online-simple-interest-calculator","https://usonlinetools.com/finance/online-compound-interest-calculator","https://usonlinetools.com/finance/online-loan-emi-calculator","https://usonlinetools.com/finance/discount-calculator","Simple Interest Calculator","Compound Interest Calculator","Loan EMI Calculator","Discount Calculator","https://usonlinetools.com/category/finance","https://usonlinetools.com/category/finance","P1"
"https://usonlinetools.com/finance/net-worth-calculator","Net Worth Calculator","finance","https://usonlinetools.com/finance/online-simple-interest-calculator","https://usonlinetools.com/finance/online-compound-interest-calculator","https://usonlinetools.com/finance/online-loan-emi-calculator","https://usonlinetools.com/finance/discount-calculator","Simple Interest Calculator","Compound Interest Calculator","Loan EMI Calculator","Discount Calculator","https://usonlinetools.com/category/finance","https://usonlinetools.com/category/finance","P1"
"https://usonlinetools.com/finance/online-retirement-calculator","Retirement Calculator","finance","https://usonlinetools.com/finance/online-simple-interest-calculator","https://usonlinetools.com/finance/online-compound-interest-calculator","https://usonlinetools.com/finance/online-loan-emi-calculator","https://usonlinetools.com/finance/discount-calculator","Simple Interest Calculator","Compound Interest Calculator","Loan EMI Calculator","Discount Calculator","https://usonlinetools.com/category/finance","https://usonlinetools.com/category/finance","P1"
"https://usonlinetools.com/finance/online-car-loan-calculator","Car Loan Calculator","finance","https://usonlinetools.com/finance/online-simple-interest-calculator","https://usonlinetools.com/finance/online-compound-interest-calculator","https://usonlinetools.com/finance/online-loan-emi-calculator","https://usonlinetools.com/finance/discount-calculator","Simple Interest Calculator","Compound Interest Calculator","Loan EMI Calculator","Discount Calculator","https://usonlinetools.com/category/finance","https://usonlinetools.com/category/finance","P1"
"https://usonlinetools.com/finance/credit-card-payoff-calculator","Credit Card Payoff Calculator","finance","https://usonlinetools.com/finance/online-simple-interest-calculator","https://usonlinetools.com/finance/online-compound-interest-calculator","https://usonlinetools.com/finance/online-loan-emi-calculator","https://usonlinetools.com/finance/discount-calculator","Simple Interest Calculator","Compound Interest Calculator","Loan EMI Calculator","Discount Calculator","https://usonlinetools.com/category/finance","https://usonlinetools.com/category/finance","P1"
"https://usonlinetools.com/finance/down-payment-calculator","Down Payment Calculator","finance","https://usonlinetools.com/finance/online-simple-interest-calculator","https://usonlinetools.com/finance/online-compound-interest-calculator","https://usonlinetools.com/finance/online-loan-emi-calculator","https://usonlinetools.com/finance/discount-calculator","Simple Interest Calculator","Compound Interest Calculator","Loan EMI Calculator","Discount Calculator","https://usonlinetools.com/category/finance","https://usonlinetools.com/category/finance","P1"
"https://usonlinetools.com/finance/online-amortization-calculator","Amortization Calculator","finance","https://usonlinetools.com/finance/online-simple-interest-calculator","https://usonlinetools.com/finance/online-compound-interest-calculator","https://usonlinetools.com/finance/online-loan-emi-calculator","https://usonlinetools.com/finance/discount-calculator","Simple Interest Calculator","Compound Interest Calculator","Loan EMI Calculator","Discount Calculator","https://usonlinetools.com/category/finance","https://usonlinetools.com/category/finance","P1"
"https://usonlinetools.com/finance/stock-profit-calculator","Stock Profit Calculator","finance","https://usonlinetools.com/finance/online-simple-interest-calculator","https://usonlinetools.com/finance/online-compound-interest-calculator","https://usonlinetools.com/finance/online-loan-emi-calculator","https://usonlinetools.com/finance/discount-calculator","Simple Interest Calculator","Compound Interest Calculator","Loan EMI Calculator","Discount Calculator","https://usonlinetools.com/category/finance","https://usonlinetools.com/category/finance","P1"
"https://usonlinetools.com/finance/dividend-calculator","Dividend Calculator","finance","https://usonlinetools.com/finance/online-simple-interest-calculator","https://usonlinetools.com/finance/online-compound-interest-calculator","https://usonlinetools.com/finance/online-loan-emi-calculator","https://usonlinetools.com/finance/discount-calculator","Simple Interest Calculator","Compound Interest Calculator","Loan EMI Calculator","Discount Calculator","https://usonlinetools.com/category/finance","https://usonlinetools.com/category/finance","P1"
"https://usonlinetools.com/finance/online-currency-exchange-calculator","Currency Exchange Calculator","finance","https://usonlinetools.com/finance/online-simple-interest-calculator","https://usonlinetools.com/finance/online-compound-interest-calculator","https://usonlinetools.com/finance/online-loan-emi-calculator","https://usonlinetools.com/finance/discount-calculator","Simple Interest Calculator","Compound Interest Calculator","Loan EMI Calculator","Discount Calculator","https://usonlinetools.com/category/finance","https://usonlinetools.com/category/finance","P1"
"https://usonlinetools.com/finance/hourly-to-salary-calculator","Hourly to Salary Calculator","finance","https://usonlinetools.com/finance/online-simple-interest-calculator","https://usonlinetools.com/finance/online-compound-interest-calculator","https://usonlinetools.com/finance/online-loan-emi-calculator","https://usonlinetools.com/finance/discount-calculator","Simple Interest Calculator","Compound Interest Calculator","Loan EMI Calculator","Discount Calculator","https://usonlinetools.com/category/finance","https://usonlinetools.com/category/finance","P1"
"https://usonlinetools.com/conversion/online-length-converter","Length Converter","conversion","https://usonlinetools.com/conversion/online-weight-converter","https://usonlinetools.com/conversion/online-temperature-converter","https://usonlinetools.com/conversion/online-area-converter","https://usonlinetools.com/conversion/online-volume-converter","Weight Converter","Temperature Converter","Area Converter","Volume Converter","https://usonlinetools.com/category/conversion","https://usonlinetools.com/category/conversion","P1"
"https://usonlinetools.com/conversion/online-weight-converter","Weight Converter","conversion","https://usonlinetools.com/conversion/online-length-converter","https://usonlinetools.com/conversion/online-temperature-converter","https://usonlinetools.com/conversion/online-area-converter","https://usonlinetools.com/conversion/online-volume-converter","Length Converter","Temperature Converter","Area Converter","Volume Converter","https://usonlinetools.com/category/conversion","https://usonlinetools.com/category/conversion","P1"
"https://usonlinetools.com/conversion/online-temperature-converter","Temperature Converter","conversion","https://usonlinetools.com/conversion/online-length-converter","https://usonlinetools.com/conversion/online-weight-converter","https://usonlinetools.com/conversion/online-area-converter","https://usonlinetools.com/conversion/online-volume-converter","Length Converter","Weight Converter","Area Converter","Volume Converter","https://usonlinetools.com/category/conversion","https://usonlinetools.com/category/conversion","P1"
"https://usonlinetools.com/conversion/online-area-converter","Area Converter","conversion","https://usonlinetools.com/conversion/online-length-converter","https://usonlinetools.com/conversion/online-weight-converter","https://usonlinetools.com/conversion/online-temperature-converter","https://usonlinetools.com/conversion/online-volume-converter","Length Converter","Weight Converter","Temperature Converter","Volume Converter","https://usonlinetools.com/category/conversion","https://usonlinetools.com/category/conversion","P1"
"https://usonlinetools.com/conversion/online-volume-converter","Volume Converter","conversion","https://usonlinetools.com/conversion/online-length-converter","https://usonlinetools.com/conversion/online-weight-converter","https://usonlinetools.com/conversion/online-temperature-converter","https://usonlinetools.com/conversion/online-area-converter","Length Converter","Weight Converter","Temperature Converter","Area Converter","https://usonlinetools.com/category/conversion","https://usonlinetools.com/category/conversion","P1"
"https://usonlinetools.com/conversion/online-speed-converter","Speed Converter","conversion","https://usonlinetools.com/conversion/online-length-converter","https://usonlinetools.com/conversion/online-weight-converter","https://usonlinetools.com/conversion/online-temperature-converter","https://usonlinetools.com/conversion/online-area-converter","Length Converter","Weight Converter","Temperature Converter","Area Converter","https://usonlinetools.com/category/conversion","https://usonlinetools.com/category/conversion","P1"
"https://usonlinetools.com/conversion/color-converter","Color Converter","conversion","https://usonlinetools.com/conversion/online-length-converter","https://usonlinetools.com/conversion/online-weight-converter","https://usonlinetools.com/conversion/online-temperature-converter","https://usonlinetools.com/conversion/online-area-converter","Length Converter","Weight Converter","Temperature Converter","Area Converter","https://usonlinetools.com/category/conversion","https://usonlinetools.com/category/conversion","P1"
"https://usonlinetools.com/conversion/online-binary-to-decimal-converter","Binary to Decimal Converter","conversion","https://usonlinetools.com/conversion/online-length-converter","https://usonlinetools.com/conversion/online-weight-converter","https://usonlinetools.com/conversion/online-temperature-converter","https://usonlinetools.com/conversion/online-area-converter","Length Converter","Weight Converter","Temperature Converter","Area Converter","https://usonlinetools.com/category/conversion","https://usonlinetools.com/category/conversion","P1"
"https://usonlinetools.com/conversion/decimal-to-binary-converter","Decimal to Binary Converter","conversion","https://usonlinetools.com/conversion/online-length-converter","https://usonlinetools.com/conversion/online-weight-converter","https://usonlinetools.com/conversion/online-temperature-converter","https://usonlinetools.com/conversion/online-area-converter","Length Converter","Weight Converter","Temperature Converter","Area Converter","https://usonlinetools.com/category/conversion","https://usonlinetools.com/category/conversion","P1"
"https://usonlinetools.com/conversion/hex-to-decimal-converter","Hex to Decimal Converter","conversion","https://usonlinetools.com/conversion/online-length-converter","https://usonlinetools.com/conversion/online-weight-converter","https://usonlinetools.com/conversion/online-temperature-converter","https://usonlinetools.com/conversion/online-area-converter","Length Converter","Weight Converter","Temperature Converter","Area Converter","https://usonlinetools.com/category/conversion","https://usonlinetools.com/category/conversion","P1"
"https://usonlinetools.com/conversion/online-roman-numeral-converter","Roman Numeral Converter","conversion","https://usonlinetools.com/conversion/online-length-converter","https://usonlinetools.com/conversion/online-weight-converter","https://usonlinetools.com/conversion/online-temperature-converter","https://usonlinetools.com/conversion/online-area-converter","Length Converter","Weight Converter","Temperature Converter","Area Converter","https://usonlinetools.com/category/conversion","https://usonlinetools.com/category/conversion","P1"
"https://usonlinetools.com/conversion/data-storage-converter","Data Storage Converter","conversion","https://usonlinetools.com/conversion/online-length-converter","https://usonlinetools.com/conversion/online-weight-converter","https://usonlinetools.com/conversion/online-temperature-converter","https://usonlinetools.com/conversion/online-area-converter","Length Converter","Weight Converter","Temperature Converter","Area Converter","https://usonlinetools.com/category/conversion","https://usonlinetools.com/category/conversion","P1"
"https://usonlinetools.com/conversion/energy-converter","Energy Converter","conversion","https://usonlinetools.com/conversion/online-length-converter","https://usonlinetools.com/conversion/online-weight-converter","https://usonlinetools.com/conversion/online-temperature-converter","https://usonlinetools.com/conversion/online-area-converter","Length Converter","Weight Converter","Temperature Converter","Area Converter","https://usonlinetools.com/category/conversion","https://usonlinetools.com/category/conversion","P1"
"https://usonlinetools.com/conversion/pressure-converter","Pressure Converter","conversion","https://usonlinetools.com/conversion/online-length-converter","https://usonlinetools.com/conversion/online-weight-converter","https://usonlinetools.com/conversion/online-temperature-converter","https://usonlinetools.com/conversion/online-area-converter","Length Converter","Weight Converter","Temperature Converter","Area Converter","https://usonlinetools.com/category/conversion","https://usonlinetools.com/category/conversion","P1"
"https://usonlinetools.com/conversion/time-converter","Time Converter","conversion","https://usonlinetools.com/conversion/online-length-converter","https://usonlinetools.com/conversion/online-weight-converter","https://usonlinetools.com/conversion/online-temperature-converter","https://usonlinetools.com/conversion/online-area-converter","Length Converter","Weight Converter","Temperature Converter","Area Converter","https://usonlinetools.com/category/conversion","https://usonlinetools.com/category/conversion","P1"
"https://usonlinetools.com/conversion/angle-converter","Angle Converter","conversion","https://usonlinetools.com/conversion/online-length-converter","https://usonlinetools.com/conversion/online-weight-converter","https://usonlinetools.com/conversion/online-temperature-converter","https://usonlinetools.com/conversion/online-area-converter","Length Converter","Weight Converter","Temperature Converter","Area Converter","https://usonlinetools.com/category/conversion","https://usonlinetools.com/category/conversion","P1"
"https://usonlinetools.com/conversion/frequency-converter","Frequency Converter","conversion","https://usonlinetools.com/conversion/online-length-converter","https://usonlinetools.com/conversion/online-weight-converter","https://usonlinetools.com/conversion/online-temperature-converter","https://usonlinetools.com/conversion/online-area-converter","Length Converter","Weight Converter","Temperature Converter","Area Converter","https://usonlinetools.com/category/conversion","https://usonlinetools.com/category/conversion","P1"
"https://usonlinetools.com/conversion/fuel-efficiency-converter","Fuel Efficiency Converter","conversion","https://usonlinetools.com/conversion/online-length-converter","https://usonlinetools.com/conversion/online-weight-converter","https://usonlinetools.com/conversion/online-temperature-converter","https://usonlinetools.com/conversion/online-area-converter","Length Converter","Weight Converter","Temperature Converter","Area Converter","https://usonlinetools.com/category/conversion","https://usonlinetools.com/category/conversion","P1"
"https://usonlinetools.com/conversion/number-to-words-converter","Number to Words Converter","conversion","https://usonlinetools.com/conversion/online-length-converter","https://usonlinetools.com/conversion/online-weight-converter","https://usonlinetools.com/conversion/online-temperature-converter","https://usonlinetools.com/conversion/online-area-converter","Length Converter","Weight Converter","Temperature Converter","Area Converter","https://usonlinetools.com/category/conversion","https://usonlinetools.com/category/conversion","P1"
"https://usonlinetools.com/conversion/words-to-number-converter","Words to Number Converter","conversion","https://usonlinetools.com/conversion/online-length-converter","https://usonlinetools.com/conversion/online-weight-converter","https://usonlinetools.com/conversion/online-temperature-converter","https://usonlinetools.com/conversion/online-area-converter","Length Converter","Weight Converter","Temperature Converter","Area Converter","https://usonlinetools.com/category/conversion","https://usonlinetools.com/category/conversion","P1"
"https://usonlinetools.com/conversion/base-converter","Base Converter","conversion","https://usonlinetools.com/conversion/online-length-converter","https://usonlinetools.com/conversion/online-weight-converter","https://usonlinetools.com/conversion/online-temperature-converter","https://usonlinetools.com/conversion/online-area-converter","Length Converter","Weight Converter","Temperature Converter","Area Converter","https://usonlinetools.com/category/conversion","https://usonlinetools.com/category/conversion","P1"
"https://usonlinetools.com/conversion/binary-to-hex-converter","Binary to Hex Converter","conversion","https://usonlinetools.com/conversion/online-length-converter","https://usonlinetools.com/conversion/online-weight-converter","https://usonlinetools.com/conversion/online-temperature-converter","https://usonlinetools.com/conversion/online-area-converter","Length Converter","Weight Converter","Temperature Converter","Area Converter","https://usonlinetools.com/category/conversion","https://usonlinetools.com/category/conversion","P1"
"https://usonlinetools.com/conversion/hex-to-binary-converter","Hex to Binary Converter","conversion","https://usonlinetools.com/conversion/online-length-converter","https://usonlinetools.com/conversion/online-weight-converter","https://usonlinetools.com/conversion/online-temperature-converter","https://usonlinetools.com/conversion/online-area-converter","Length Converter","Weight Converter","Temperature Converter","Area Converter","https://usonlinetools.com/category/conversion","https://usonlinetools.com/category/conversion","P1"
"https://usonlinetools.com/conversion/octal-converter","Octal Converter","conversion","https://usonlinetools.com/conversion/online-length-converter","https://usonlinetools.com/conversion/online-weight-converter","https://usonlinetools.com/conversion/online-temperature-converter","https://usonlinetools.com/conversion/online-area-converter","Length Converter","Weight Converter","Temperature Converter","Area Converter","https://usonlinetools.com/category/conversion","https://usonlinetools.com/category/conversion","P1"
"https://usonlinetools.com/conversion/unit-price-converter","Unit Price Converter","conversion","https://usonlinetools.com/conversion/online-length-converter","https://usonlinetools.com/conversion/online-weight-converter","https://usonlinetools.com/conversion/online-temperature-converter","https://usonlinetools.com/conversion/online-area-converter","Length Converter","Weight Converter","Temperature Converter","Area Converter","https://usonlinetools.com/category/conversion","https://usonlinetools.com/category/conversion","P1"
"https://usonlinetools.com/conversion/density-converter","Density Converter","conversion","https://usonlinetools.com/conversion/online-length-converter","https://usonlinetools.com/conversion/online-weight-converter","https://usonlinetools.com/conversion/online-temperature-converter","https://usonlinetools.com/conversion/online-area-converter","Length Converter","Weight Converter","Temperature Converter","Area Converter","https://usonlinetools.com/category/conversion","https://usonlinetools.com/category/conversion","P1"
"https://usonlinetools.com/conversion/power-converter","Power Converter","conversion","https://usonlinetools.com/conversion/online-length-converter","https://usonlinetools.com/conversion/online-weight-converter","https://usonlinetools.com/conversion/online-temperature-converter","https://usonlinetools.com/conversion/online-area-converter","Length Converter","Weight Converter","Temperature Converter","Area Converter","https://usonlinetools.com/category/conversion","https://usonlinetools.com/category/conversion","P1"
"https://usonlinetools.com/conversion/torque-converter","Torque Converter","conversion","https://usonlinetools.com/conversion/online-length-converter","https://usonlinetools.com/conversion/online-weight-converter","https://usonlinetools.com/conversion/online-temperature-converter","https://usonlinetools.com/conversion/online-area-converter","Length Converter","Weight Converter","Temperature Converter","Area Converter","https://usonlinetools.com/category/conversion","https://usonlinetools.com/category/conversion","P1"
"https://usonlinetools.com/conversion/force-converter","Force Converter","conversion","https://usonlinetools.com/conversion/online-length-converter","https://usonlinetools.com/conversion/online-weight-converter","https://usonlinetools.com/conversion/online-temperature-converter","https://usonlinetools.com/conversion/online-area-converter","Length Converter","Weight Converter","Temperature Converter","Area Converter","https://usonlinetools.com/category/conversion","https://usonlinetools.com/category/conversion","P1"
"https://usonlinetools.com/conversion/electric-current-converter","Electric Current Converter","conversion","https://usonlinetools.com/conversion/online-length-converter","https://usonlinetools.com/conversion/online-weight-converter","https://usonlinetools.com/conversion/online-temperature-converter","https://usonlinetools.com/conversion/online-area-converter","Length Converter","Weight Converter","Temperature Converter","Area Converter","https://usonlinetools.com/category/conversion","https://usonlinetools.com/category/conversion","P1"
"https://usonlinetools.com/conversion/online-shoe-size-converter","Shoe Size Converter","conversion","https://usonlinetools.com/conversion/online-length-converter","https://usonlinetools.com/conversion/online-weight-converter","https://usonlinetools.com/conversion/online-temperature-converter","https://usonlinetools.com/conversion/online-area-converter","Length Converter","Weight Converter","Temperature Converter","Area Converter","https://usonlinetools.com/category/conversion","https://usonlinetools.com/category/conversion","P1"
"https://usonlinetools.com/conversion/online-cooking-converter","Cooking Converter","conversion","https://usonlinetools.com/conversion/online-length-converter","https://usonlinetools.com/conversion/online-weight-converter","https://usonlinetools.com/conversion/online-temperature-converter","https://usonlinetools.com/conversion/online-area-converter","Length Converter","Weight Converter","Temperature Converter","Area Converter","https://usonlinetools.com/category/conversion","https://usonlinetools.com/category/conversion","P1"
"https://usonlinetools.com/time-date/online-age-calculator","Age Calculator","time-date","https://usonlinetools.com/time-date/date-difference-calculator","https://usonlinetools.com/time-date/online-countdown-timer","https://usonlinetools.com/time-date/time-duration-calculator","https://usonlinetools.com/time-date/work-hours-calculator","Date Difference Calculator","Countdown Timer","Time Duration Calculator","Work Hours Calculator","https://usonlinetools.com/category/time-date","https://usonlinetools.com/category/time-date","P1"
"https://usonlinetools.com/time-date/date-difference-calculator","Date Difference Calculator","time-date","https://usonlinetools.com/time-date/online-age-calculator","https://usonlinetools.com/time-date/online-countdown-timer","https://usonlinetools.com/time-date/time-duration-calculator","https://usonlinetools.com/time-date/work-hours-calculator","Age Calculator","Countdown Timer","Time Duration Calculator","Work Hours Calculator","https://usonlinetools.com/category/time-date","https://usonlinetools.com/category/time-date","P1"
"https://usonlinetools.com/time-date/online-countdown-timer","Countdown Timer","time-date","https://usonlinetools.com/time-date/online-age-calculator","https://usonlinetools.com/time-date/date-difference-calculator","https://usonlinetools.com/time-date/time-duration-calculator","https://usonlinetools.com/time-date/work-hours-calculator","Age Calculator","Date Difference Calculator","Time Duration Calculator","Work Hours Calculator","https://usonlinetools.com/category/time-date","https://usonlinetools.com/category/time-date","P1"
"https://usonlinetools.com/time-date/time-duration-calculator","Time Duration Calculator","time-date","https://usonlinetools.com/time-date/online-age-calculator","https://usonlinetools.com/time-date/date-difference-calculator","https://usonlinetools.com/time-date/online-countdown-timer","https://usonlinetools.com/time-date/work-hours-calculator","Age Calculator","Date Difference Calculator","Countdown Timer","Work Hours Calculator","https://usonlinetools.com/category/time-date","https://usonlinetools.com/category/time-date","P1"
"https://usonlinetools.com/time-date/work-hours-calculator","Work Hours Calculator","time-date","https://usonlinetools.com/time-date/online-age-calculator","https://usonlinetools.com/time-date/date-difference-calculator","https://usonlinetools.com/time-date/online-countdown-timer","https://usonlinetools.com/time-date/time-duration-calculator","Age Calculator","Date Difference Calculator","Countdown Timer","Time Duration Calculator","https://usonlinetools.com/category/time-date","https://usonlinetools.com/category/time-date","P1"
"https://usonlinetools.com/time-date/business-days-calculator","Business Days Calculator","time-date","https://usonlinetools.com/time-date/online-age-calculator","https://usonlinetools.com/time-date/date-difference-calculator","https://usonlinetools.com/time-date/online-countdown-timer","https://usonlinetools.com/time-date/time-duration-calculator","Age Calculator","Date Difference Calculator","Countdown Timer","Time Duration Calculator","https://usonlinetools.com/category/time-date","https://usonlinetools.com/category/time-date","P1"
"https://usonlinetools.com/time-date/leap-year-checker","Leap Year Checker","time-date","https://usonlinetools.com/time-date/online-age-calculator","https://usonlinetools.com/time-date/date-difference-calculator","https://usonlinetools.com/time-date/online-countdown-timer","https://usonlinetools.com/time-date/time-duration-calculator","Age Calculator","Date Difference Calculator","Countdown Timer","Time Duration Calculator","https://usonlinetools.com/category/time-date","https://usonlinetools.com/category/time-date","P1"
"https://usonlinetools.com/time-date/online-time-zone-converter","Time Zone Converter","time-date","https://usonlinetools.com/time-date/online-age-calculator","https://usonlinetools.com/time-date/date-difference-calculator","https://usonlinetools.com/time-date/online-countdown-timer","https://usonlinetools.com/time-date/time-duration-calculator","Age Calculator","Date Difference Calculator","Countdown Timer","Time Duration Calculator","https://usonlinetools.com/category/time-date","https://usonlinetools.com/category/time-date","P1"
"https://usonlinetools.com/time-date/online-stopwatch","Stopwatch Tool","time-date","https://usonlinetools.com/time-date/online-age-calculator","https://usonlinetools.com/time-date/date-difference-calculator","https://usonlinetools.com/time-date/online-countdown-timer","https://usonlinetools.com/time-date/time-duration-calculator","Age Calculator","Date Difference Calculator","Countdown Timer","Time Duration Calculator","https://usonlinetools.com/category/time-date","https://usonlinetools.com/category/time-date","P1"
"https://usonlinetools.com/time-date/half-birthday-calculator","Half Birthday Calculator","time-date","https://usonlinetools.com/time-date/online-age-calculator","https://usonlinetools.com/time-date/date-difference-calculator","https://usonlinetools.com/time-date/online-countdown-timer","https://usonlinetools.com/time-date/time-duration-calculator","Age Calculator","Date Difference Calculator","Countdown Timer","Time Duration Calculator","https://usonlinetools.com/category/time-date","https://usonlinetools.com/category/time-date","P1"
"https://usonlinetools.com/time-date/week-number-calculator","Week Number Calculator","time-date","https://usonlinetools.com/time-date/online-age-calculator","https://usonlinetools.com/time-date/date-difference-calculator","https://usonlinetools.com/time-date/online-countdown-timer","https://usonlinetools.com/time-date/time-duration-calculator","Age Calculator","Date Difference Calculator","Countdown Timer","Time Duration Calculator","https://usonlinetools.com/category/time-date","https://usonlinetools.com/category/time-date","P1"
"https://usonlinetools.com/time-date/overtime-calculator","Overtime Calculator","time-date","https://usonlinetools.com/time-date/online-age-calculator","https://usonlinetools.com/time-date/date-difference-calculator","https://usonlinetools.com/time-date/online-countdown-timer","https://usonlinetools.com/time-date/time-duration-calculator","Age Calculator","Date Difference Calculator","Countdown Timer","Time Duration Calculator","https://usonlinetools.com/category/time-date","https://usonlinetools.com/category/time-date","P1"
"https://usonlinetools.com/time-date/days-between-dates-calculator","Days Between Dates Calculator","time-date","https://usonlinetools.com/time-date/online-age-calculator","https://usonlinetools.com/time-date/date-difference-calculator","https://usonlinetools.com/time-date/online-countdown-timer","https://usonlinetools.com/time-date/time-duration-calculator","Age Calculator","Date Difference Calculator","Countdown Timer","Time Duration Calculator","https://usonlinetools.com/category/time-date","https://usonlinetools.com/category/time-date","P1"
"https://usonlinetools.com/time-date/working-days-calculator","Working Days Calculator","time-date","https://usonlinetools.com/time-date/online-age-calculator","https://usonlinetools.com/time-date/date-difference-calculator","https://usonlinetools.com/time-date/online-countdown-timer","https://usonlinetools.com/time-date/time-duration-calculator","Age Calculator","Date Difference Calculator","Countdown Timer","Time Duration Calculator","https://usonlinetools.com/category/time-date","https://usonlinetools.com/category/time-date","P1"
"https://usonlinetools.com/time-date/time-addition-calculator","Time Addition Calculator","time-date","https://usonlinetools.com/time-date/online-age-calculator","https://usonlinetools.com/time-date/date-difference-calculator","https://usonlinetools.com/time-date/online-countdown-timer","https://usonlinetools.com/time-date/time-duration-calculator","Age Calculator","Date Difference Calculator","Countdown Timer","Time Duration Calculator","https://usonlinetools.com/category/time-date","https://usonlinetools.com/category/time-date","P1"
"https://usonlinetools.com/time-date/time-subtraction-calculator","Time Subtraction Calculator","time-date","https://usonlinetools.com/time-date/online-age-calculator","https://usonlinetools.com/time-date/date-difference-calculator","https://usonlinetools.com/time-date/online-countdown-timer","https://usonlinetools.com/time-date/time-duration-calculator","Age Calculator","Date Difference Calculator","Countdown Timer","Time Duration Calculator","https://usonlinetools.com/category/time-date","https://usonlinetools.com/category/time-date","P1"
"https://usonlinetools.com/time-date/meeting-time-calculator","Meeting Time Calculator","time-date","https://usonlinetools.com/time-date/online-age-calculator","https://usonlinetools.com/time-date/date-difference-calculator","https://usonlinetools.com/time-date/online-countdown-timer","https://usonlinetools.com/time-date/time-duration-calculator","Age Calculator","Date Difference Calculator","Countdown Timer","Time Duration Calculator","https://usonlinetools.com/category/time-date","https://usonlinetools.com/category/time-date","P1"
"https://usonlinetools.com/time-date/shift-schedule-calculator","Shift Schedule Calculator","time-date","https://usonlinetools.com/time-date/online-age-calculator","https://usonlinetools.com/time-date/date-difference-calculator","https://usonlinetools.com/time-date/online-countdown-timer","https://usonlinetools.com/time-date/time-duration-calculator","Age Calculator","Date Difference Calculator","Countdown Timer","Time Duration Calculator","https://usonlinetools.com/category/time-date","https://usonlinetools.com/category/time-date","P1"
"https://usonlinetools.com/time-date/deadline-calculator","Deadline Calculator","time-date","https://usonlinetools.com/time-date/online-age-calculator","https://usonlinetools.com/time-date/date-difference-calculator","https://usonlinetools.com/time-date/online-countdown-timer","https://usonlinetools.com/time-date/time-duration-calculator","Age Calculator","Date Difference Calculator","Countdown Timer","Time Duration Calculator","https://usonlinetools.com/category/time-date","https://usonlinetools.com/category/time-date","P1"
"https://usonlinetools.com/time-date/study-time-calculator","Study Time Calculator","time-date","https://usonlinetools.com/time-date/online-age-calculator","https://usonlinetools.com/time-date/date-difference-calculator","https://usonlinetools.com/time-date/online-countdown-timer","https://usonlinetools.com/time-date/time-duration-calculator","Age Calculator","Date Difference Calculator","Countdown Timer","Time Duration Calculator","https://usonlinetools.com/category/time-date","https://usonlinetools.com/category/time-date","P1"
"https://usonlinetools.com/time-date/reading-time-calculator","Reading Time Calculator","time-date","https://usonlinetools.com/time-date/online-age-calculator","https://usonlinetools.com/time-date/date-difference-calculator","https://usonlinetools.com/time-date/online-countdown-timer","https://usonlinetools.com/time-date/time-duration-calculator","Age Calculator","Date Difference Calculator","Countdown Timer","Time Duration Calculator","https://usonlinetools.com/category/time-date","https://usonlinetools.com/category/time-date","P1"
"https://usonlinetools.com/time-date/event-countdown-timer","Event Countdown Timer","time-date","https://usonlinetools.com/time-date/online-age-calculator","https://usonlinetools.com/time-date/date-difference-calculator","https://usonlinetools.com/time-date/online-countdown-timer","https://usonlinetools.com/time-date/time-duration-calculator","Age Calculator","Date Difference Calculator","Countdown Timer","Time Duration Calculator","https://usonlinetools.com/category/time-date","https://usonlinetools.com/category/time-date","P1"
"https://usonlinetools.com/time-date/hourly-time-calculator","Hourly Time Calculator","time-date","https://usonlinetools.com/time-date/online-age-calculator","https://usonlinetools.com/time-date/date-difference-calculator","https://usonlinetools.com/time-date/online-countdown-timer","https://usonlinetools.com/time-date/time-duration-calculator","Age Calculator","Date Difference Calculator","Countdown Timer","Time Duration Calculator","https://usonlinetools.com/category/time-date","https://usonlinetools.com/category/time-date","P1"
"https://usonlinetools.com/time-date/shift-hours-calculator","Shift Hours Calculator","time-date","https://usonlinetools.com/time-date/online-age-calculator","https://usonlinetools.com/time-date/date-difference-calculator","https://usonlinetools.com/time-date/online-countdown-timer","https://usonlinetools.com/time-date/time-duration-calculator","Age Calculator","Date Difference Calculator","Countdown Timer","Time Duration Calculator","https://usonlinetools.com/category/time-date","https://usonlinetools.com/category/time-date","P1"
"https://usonlinetools.com/time-date/time-tracking-calculator","Time Tracking Calculator","time-date","https://usonlinetools.com/time-date/online-age-calculator","https://usonlinetools.com/time-date/date-difference-calculator","https://usonlinetools.com/time-date/online-countdown-timer","https://usonlinetools.com/time-date/time-duration-calculator","Age Calculator","Date Difference Calculator","Countdown Timer","Time Duration Calculator","https://usonlinetools.com/category/time-date","https://usonlinetools.com/category/time-date","P1"
"https://usonlinetools.com/time-date/time-calculator","Time Calculator","time-date","https://usonlinetools.com/time-date/online-age-calculator","https://usonlinetools.com/time-date/date-difference-calculator","https://usonlinetools.com/time-date/online-countdown-timer","https://usonlinetools.com/time-date/time-duration-calculator","Age Calculator","Date Difference Calculator","Countdown Timer","Time Duration Calculator","https://usonlinetools.com/category/time-date","https://usonlinetools.com/category/time-date","P1"
"https://usonlinetools.com/time-date/online-military-time-converter","Military Time Converter","time-date","https://usonlinetools.com/time-date/online-age-calculator","https://usonlinetools.com/time-date/date-difference-calculator","https://usonlinetools.com/time-date/online-countdown-timer","https://usonlinetools.com/time-date/time-duration-calculator","Age Calculator","Date Difference Calculator","Countdown Timer","Time Duration Calculator","https://usonlinetools.com/category/time-date","https://usonlinetools.com/category/time-date","P1"
"https://usonlinetools.com/time-date/era-calculator","Era Calculator","time-date","https://usonlinetools.com/time-date/online-age-calculator","https://usonlinetools.com/time-date/date-difference-calculator","https://usonlinetools.com/time-date/online-countdown-timer","https://usonlinetools.com/time-date/time-duration-calculator","Age Calculator","Date Difference Calculator","Countdown Timer","Time Duration Calculator","https://usonlinetools.com/category/time-date","https://usonlinetools.com/category/time-date","P1"
"https://usonlinetools.com/time-date/zodiac-sign-calculator","Zodiac Sign Calculator","time-date","https://usonlinetools.com/time-date/online-age-calculator","https://usonlinetools.com/time-date/date-difference-calculator","https://usonlinetools.com/time-date/online-countdown-timer","https://usonlinetools.com/time-date/time-duration-calculator","Age Calculator","Date Difference Calculator","Countdown Timer","Time Duration Calculator","https://usonlinetools.com/category/time-date","https://usonlinetools.com/category/time-date","P1"
"https://usonlinetools.com/time-date/chinese-zodiac-calculator","Chinese Zodiac Calculator","time-date","https://usonlinetools.com/time-date/online-age-calculator","https://usonlinetools.com/time-date/date-difference-calculator","https://usonlinetools.com/time-date/online-countdown-timer","https://usonlinetools.com/time-date/time-duration-calculator","Age Calculator","Date Difference Calculator","Countdown Timer","Time Duration Calculator","https://usonlinetools.com/category/time-date","https://usonlinetools.com/category/time-date","P1"
"https://usonlinetools.com/time-date/age-in-days-calculator","Age in Days Calculator","time-date","https://usonlinetools.com/time-date/online-age-calculator","https://usonlinetools.com/time-date/date-difference-calculator","https://usonlinetools.com/time-date/online-countdown-timer","https://usonlinetools.com/time-date/time-duration-calculator","Age Calculator","Date Difference Calculator","Countdown Timer","Time Duration Calculator","https://usonlinetools.com/category/time-date","https://usonlinetools.com/category/time-date","P1"
"https://usonlinetools.com/time-date/retirement-age-calculator","Retirement Age Calculator","time-date","https://usonlinetools.com/time-date/online-age-calculator","https://usonlinetools.com/time-date/date-difference-calculator","https://usonlinetools.com/time-date/online-countdown-timer","https://usonlinetools.com/time-date/time-duration-calculator","Age Calculator","Date Difference Calculator","Countdown Timer","Time Duration Calculator","https://usonlinetools.com/category/time-date","https://usonlinetools.com/category/time-date","P1"
"https://usonlinetools.com/health/online-bmi-calculator","BMI Calculator","health","https://usonlinetools.com/health/online-bmr-calculator","https://usonlinetools.com/health/online-body-surface-area-calculator","https://usonlinetools.com/health/online-tdee-calculator","https://usonlinetools.com/health/calorie-intake-calculator","BMR Calculator","Body Surface Area Calculator","TDEE Calculator","Calorie Intake Calculator","https://usonlinetools.com/category/health","https://usonlinetools.com/category/health","P1"
"https://usonlinetools.com/health/online-bmr-calculator","BMR Calculator","health","https://usonlinetools.com/health/online-bmi-calculator","https://usonlinetools.com/health/online-body-surface-area-calculator","https://usonlinetools.com/health/online-tdee-calculator","https://usonlinetools.com/health/calorie-intake-calculator","BMI Calculator","Body Surface Area Calculator","TDEE Calculator","Calorie Intake Calculator","https://usonlinetools.com/category/health","https://usonlinetools.com/category/health","P1"
"https://usonlinetools.com/health/online-body-surface-area-calculator","Body Surface Area Calculator","health","https://usonlinetools.com/health/online-bmi-calculator","https://usonlinetools.com/health/online-bmr-calculator","https://usonlinetools.com/health/online-tdee-calculator","https://usonlinetools.com/health/calorie-intake-calculator","BMI Calculator","BMR Calculator","TDEE Calculator","Calorie Intake Calculator","https://usonlinetools.com/category/health","https://usonlinetools.com/category/health","P1"
"https://usonlinetools.com/health/online-tdee-calculator","TDEE Calculator","health","https://usonlinetools.com/health/online-bmi-calculator","https://usonlinetools.com/health/online-bmr-calculator","https://usonlinetools.com/health/online-body-surface-area-calculator","https://usonlinetools.com/health/calorie-intake-calculator","BMI Calculator","BMR Calculator","Body Surface Area Calculator","Calorie Intake Calculator","https://usonlinetools.com/category/health","https://usonlinetools.com/category/health","P1"
"https://usonlinetools.com/health/calorie-intake-calculator","Calorie Intake Calculator","health","https://usonlinetools.com/health/online-bmi-calculator","https://usonlinetools.com/health/online-bmr-calculator","https://usonlinetools.com/health/online-body-surface-area-calculator","https://usonlinetools.com/health/online-tdee-calculator","BMI Calculator","BMR Calculator","Body Surface Area Calculator","TDEE Calculator","https://usonlinetools.com/category/health","https://usonlinetools.com/category/health","P1"
"https://usonlinetools.com/health/water-intake-calculator","Water Intake Calculator","health","https://usonlinetools.com/health/online-bmi-calculator","https://usonlinetools.com/health/online-bmr-calculator","https://usonlinetools.com/health/online-body-surface-area-calculator","https://usonlinetools.com/health/online-tdee-calculator","BMI Calculator","BMR Calculator","Body Surface Area Calculator","TDEE Calculator","https://usonlinetools.com/category/health","https://usonlinetools.com/category/health","P1"
"https://usonlinetools.com/health/ideal-weight-calculator","Ideal Weight Calculator","health","https://usonlinetools.com/health/online-bmi-calculator","https://usonlinetools.com/health/online-bmr-calculator","https://usonlinetools.com/health/online-body-surface-area-calculator","https://usonlinetools.com/health/online-tdee-calculator","BMI Calculator","BMR Calculator","Body Surface Area Calculator","TDEE Calculator","https://usonlinetools.com/category/health","https://usonlinetools.com/category/health","P1"
"https://usonlinetools.com/health/body-fat-calculator","Body Fat Calculator","health","https://usonlinetools.com/health/online-bmi-calculator","https://usonlinetools.com/health/online-bmr-calculator","https://usonlinetools.com/health/online-body-surface-area-calculator","https://usonlinetools.com/health/online-tdee-calculator","BMI Calculator","BMR Calculator","Body Surface Area Calculator","TDEE Calculator","https://usonlinetools.com/category/health","https://usonlinetools.com/category/health","P1"
"https://usonlinetools.com/health/protein-intake-calculator","Protein Intake Calculator","health","https://usonlinetools.com/health/online-bmi-calculator","https://usonlinetools.com/health/online-bmr-calculator","https://usonlinetools.com/health/online-body-surface-area-calculator","https://usonlinetools.com/health/online-tdee-calculator","BMI Calculator","BMR Calculator","Body Surface Area Calculator","TDEE Calculator","https://usonlinetools.com/category/health","https://usonlinetools.com/category/health","P1"
"https://usonlinetools.com/health/running-pace-calculator","Running Pace Calculator","health","https://usonlinetools.com/health/online-bmi-calculator","https://usonlinetools.com/health/online-bmr-calculator","https://usonlinetools.com/health/online-body-surface-area-calculator","https://usonlinetools.com/health/online-tdee-calculator","BMI Calculator","BMR Calculator","Body Surface Area Calculator","TDEE Calculator","https://usonlinetools.com/category/health","https://usonlinetools.com/category/health","P1"
"https://usonlinetools.com/health/heart-rate-calculator","Heart Rate Calculator","health","https://usonlinetools.com/health/online-bmi-calculator","https://usonlinetools.com/health/online-bmr-calculator","https://usonlinetools.com/health/online-body-surface-area-calculator","https://usonlinetools.com/health/online-tdee-calculator","BMI Calculator","BMR Calculator","Body Surface Area Calculator","TDEE Calculator","https://usonlinetools.com/category/health","https://usonlinetools.com/category/health","P1"
"https://usonlinetools.com/health/sleep-calculator","Sleep Calculator","health","https://usonlinetools.com/health/online-bmi-calculator","https://usonlinetools.com/health/online-bmr-calculator","https://usonlinetools.com/health/online-body-surface-area-calculator","https://usonlinetools.com/health/online-tdee-calculator","BMI Calculator","BMR Calculator","Body Surface Area Calculator","TDEE Calculator","https://usonlinetools.com/category/health","https://usonlinetools.com/category/health","P1"
"https://usonlinetools.com/health/pregnancy-due-date-calculator","Pregnancy Due Date Calculator","health","https://usonlinetools.com/health/online-bmi-calculator","https://usonlinetools.com/health/online-bmr-calculator","https://usonlinetools.com/health/online-body-surface-area-calculator","https://usonlinetools.com/health/online-tdee-calculator","BMI Calculator","BMR Calculator","Body Surface Area Calculator","TDEE Calculator","https://usonlinetools.com/category/health","https://usonlinetools.com/category/health","P1"
"https://usonlinetools.com/calculators/ovulation-calculator/","Ovulation Calculator","health","https://usonlinetools.com/health/online-bmi-calculator","https://usonlinetools.com/health/online-bmr-calculator","https://usonlinetools.com/health/online-body-surface-area-calculator","https://usonlinetools.com/health/online-tdee-calculator","BMI Calculator","BMR Calculator","Body Surface Area Calculator","TDEE Calculator","https://usonlinetools.com/category/health","https://usonlinetools.com/category/health","P1"
"https://usonlinetools.com/health/calorie-deficit-calculator","Calorie Deficit Calculator","health","https://usonlinetools.com/health/online-bmi-calculator","https://usonlinetools.com/health/online-bmr-calculator","https://usonlinetools.com/health/online-body-surface-area-calculator","https://usonlinetools.com/health/online-tdee-calculator","BMI Calculator","BMR Calculator","Body Surface Area Calculator","TDEE Calculator","https://usonlinetools.com/category/health","https://usonlinetools.com/category/health","P1"
"https://usonlinetools.com/health/cat-age-calculator","Cat Age Calculator","health","https://usonlinetools.com/health/online-bmi-calculator","https://usonlinetools.com/health/online-bmr-calculator","https://usonlinetools.com/health/online-body-surface-area-calculator","https://usonlinetools.com/health/online-tdee-calculator","BMI Calculator","BMR Calculator","Body Surface Area Calculator","TDEE Calculator","https://usonlinetools.com/category/health","https://usonlinetools.com/category/health","P1"
"https://usonlinetools.com/health/dog-age-calculator","Dog Age Calculator","health","https://usonlinetools.com/health/online-bmi-calculator","https://usonlinetools.com/health/online-bmr-calculator","https://usonlinetools.com/health/online-body-surface-area-calculator","https://usonlinetools.com/health/online-tdee-calculator","BMI Calculator","BMR Calculator","Body Surface Area Calculator","TDEE Calculator","https://usonlinetools.com/category/health","https://usonlinetools.com/category/health","P1"
"https://usonlinetools.com/health/lean-body-mass-calculator","Lean Body Mass Calculator","health","https://usonlinetools.com/health/online-bmi-calculator","https://usonlinetools.com/health/online-bmr-calculator","https://usonlinetools.com/health/online-body-surface-area-calculator","https://usonlinetools.com/health/online-tdee-calculator","BMI Calculator","BMR Calculator","Body Surface Area Calculator","TDEE Calculator","https://usonlinetools.com/category/health","https://usonlinetools.com/category/health","P1"
"https://usonlinetools.com/health/daily-calories-burn-calculator","Daily Calories Burn Calculator","health","https://usonlinetools.com/health/online-bmi-calculator","https://usonlinetools.com/health/online-bmr-calculator","https://usonlinetools.com/health/online-body-surface-area-calculator","https://usonlinetools.com/health/online-tdee-calculator","BMI Calculator","BMR Calculator","Body Surface Area Calculator","TDEE Calculator","https://usonlinetools.com/category/health","https://usonlinetools.com/category/health","P1"
"https://usonlinetools.com/health/one-rep-max-calculator","One Rep Max Calculator","health","https://usonlinetools.com/health/online-bmi-calculator","https://usonlinetools.com/health/online-bmr-calculator","https://usonlinetools.com/health/online-body-surface-area-calculator","https://usonlinetools.com/health/online-tdee-calculator","BMI Calculator","BMR Calculator","Body Surface Area Calculator","TDEE Calculator","https://usonlinetools.com/category/health","https://usonlinetools.com/category/health","P1"
"https://usonlinetools.com/health/body-type-calculator","Body Type Calculator","health","https://usonlinetools.com/health/online-bmi-calculator","https://usonlinetools.com/health/online-bmr-calculator","https://usonlinetools.com/health/online-body-surface-area-calculator","https://usonlinetools.com/health/online-tdee-calculator","BMI Calculator","BMR Calculator","Body Surface Area Calculator","TDEE Calculator","https://usonlinetools.com/category/health","https://usonlinetools.com/category/health","P1"
"https://usonlinetools.com/health/fitness-age-calculator","Fitness Age Calculator","health","https://usonlinetools.com/health/online-bmi-calculator","https://usonlinetools.com/health/online-bmr-calculator","https://usonlinetools.com/health/online-body-surface-area-calculator","https://usonlinetools.com/health/online-tdee-calculator","BMI Calculator","BMR Calculator","Body Surface Area Calculator","TDEE Calculator","https://usonlinetools.com/category/health","https://usonlinetools.com/category/health","P1"
"https://usonlinetools.com/health/walking-calories-calculator","Walking Calories Calculator","health","https://usonlinetools.com/health/online-bmi-calculator","https://usonlinetools.com/health/online-bmr-calculator","https://usonlinetools.com/health/online-body-surface-area-calculator","https://usonlinetools.com/health/online-tdee-calculator","BMI Calculator","BMR Calculator","Body Surface Area Calculator","TDEE Calculator","https://usonlinetools.com/category/health","https://usonlinetools.com/category/health","P1"
"https://usonlinetools.com/health/cycling-calories-calculator","Cycling Calories Calculator","health","https://usonlinetools.com/health/online-bmi-calculator","https://usonlinetools.com/health/online-bmr-calculator","https://usonlinetools.com/health/online-body-surface-area-calculator","https://usonlinetools.com/health/online-tdee-calculator","BMI Calculator","BMR Calculator","Body Surface Area Calculator","TDEE Calculator","https://usonlinetools.com/category/health","https://usonlinetools.com/category/health","P1"
"https://usonlinetools.com/health/macro-nutrient-calculator","Macro Nutrient Calculator","health","https://usonlinetools.com/health/online-bmi-calculator","https://usonlinetools.com/health/online-bmr-calculator","https://usonlinetools.com/health/online-body-surface-area-calculator","https://usonlinetools.com/health/online-tdee-calculator","BMI Calculator","BMR Calculator","Body Surface Area Calculator","TDEE Calculator","https://usonlinetools.com/category/health","https://usonlinetools.com/category/health","P1"
"https://usonlinetools.com/health/fat-intake-calculator","Fat Intake Calculator","health","https://usonlinetools.com/health/online-bmi-calculator","https://usonlinetools.com/health/online-bmr-calculator","https://usonlinetools.com/health/online-body-surface-area-calculator","https://usonlinetools.com/health/online-tdee-calculator","BMI Calculator","BMR Calculator","Body Surface Area Calculator","TDEE Calculator","https://usonlinetools.com/category/health","https://usonlinetools.com/category/health","P1"
"https://usonlinetools.com/health/workout-duration-calculator","Workout Duration Calculator","health","https://usonlinetools.com/health/online-bmi-calculator","https://usonlinetools.com/health/online-bmr-calculator","https://usonlinetools.com/health/online-body-surface-area-calculator","https://usonlinetools.com/health/online-tdee-calculator","BMI Calculator","BMR Calculator","Body Surface Area Calculator","TDEE Calculator","https://usonlinetools.com/category/health","https://usonlinetools.com/category/health","P1"
"https://usonlinetools.com/health/step-counter-estimator","Step Counter Estimator","health","https://usonlinetools.com/health/online-bmi-calculator","https://usonlinetools.com/health/online-bmr-calculator","https://usonlinetools.com/health/online-body-surface-area-calculator","https://usonlinetools.com/health/online-tdee-calculator","BMI Calculator","BMR Calculator","Body Surface Area Calculator","TDEE Calculator","https://usonlinetools.com/category/health","https://usonlinetools.com/category/health","P1"
"https://usonlinetools.com/health/calorie-calculator","Calorie Calculator","health","https://usonlinetools.com/health/online-bmi-calculator","https://usonlinetools.com/health/online-bmr-calculator","https://usonlinetools.com/health/online-body-surface-area-calculator","https://usonlinetools.com/health/online-tdee-calculator","BMI Calculator","BMR Calculator","Body Surface Area Calculator","TDEE Calculator","https://usonlinetools.com/category/health","https://usonlinetools.com/category/health","P1"
"https://usonlinetools.com/health/bac-calculator","BAC Calculator","health","https://usonlinetools.com/health/online-bmi-calculator","https://usonlinetools.com/health/online-bmr-calculator","https://usonlinetools.com/health/online-body-surface-area-calculator","https://usonlinetools.com/health/online-tdee-calculator","BMI Calculator","BMR Calculator","Body Surface Area Calculator","TDEE Calculator","https://usonlinetools.com/category/health","https://usonlinetools.com/category/health","P1"
"https://usonlinetools.com/health/waist-to-hip-ratio-calculator","Waist to Hip Ratio Calculator","health","https://usonlinetools.com/health/online-bmi-calculator","https://usonlinetools.com/health/online-bmr-calculator","https://usonlinetools.com/health/online-body-surface-area-calculator","https://usonlinetools.com/health/online-tdee-calculator","BMI Calculator","BMR Calculator","Body Surface Area Calculator","TDEE Calculator","https://usonlinetools.com/category/health","https://usonlinetools.com/category/health","P1"
"https://usonlinetools.com/health/keto-calculator","Keto Calculator","health","https://usonlinetools.com/health/online-bmi-calculator","https://usonlinetools.com/health/online-bmr-calculator","https://usonlinetools.com/health/online-body-surface-area-calculator","https://usonlinetools.com/health/online-tdee-calculator","BMI Calculator","BMR Calculator","Body Surface Area Calculator","TDEE Calculator","https://usonlinetools.com/category/health","https://usonlinetools.com/category/health","P1"
"https://usonlinetools.com/health/intermittent-fasting-calculator","Intermittent Fasting Calculator","health","https://usonlinetools.com/health/online-bmi-calculator","https://usonlinetools.com/health/online-bmr-calculator","https://usonlinetools.com/health/online-body-surface-area-calculator","https://usonlinetools.com/health/online-tdee-calculator","BMI Calculator","BMR Calculator","Body Surface Area Calculator","TDEE Calculator","https://usonlinetools.com/category/health","https://usonlinetools.com/category/health","P1"
"https://usonlinetools.com/health/vo2-max-calculator","VO2 Max Calculator","health","https://usonlinetools.com/health/online-bmi-calculator","https://usonlinetools.com/health/online-bmr-calculator","https://usonlinetools.com/health/online-body-surface-area-calculator","https://usonlinetools.com/health/online-tdee-calculator","BMI Calculator","BMR Calculator","Body Surface Area Calculator","TDEE Calculator","https://usonlinetools.com/category/health","https://usonlinetools.com/category/health","P1"
"https://usonlinetools.com/construction/concrete-calculator","Concrete Volume Calculator","construction","https://usonlinetools.com/construction/cement-calculator","https://usonlinetools.com/construction/brick-calculator","https://usonlinetools.com/construction/steel-weight-calculator","https://usonlinetools.com/construction/paint-calculator","Cement Calculator","Brick Calculator","Steel Weight Calculator","Paint Calculator","https://usonlinetools.com/category/construction","https://usonlinetools.com/category/construction","P1"
"https://usonlinetools.com/construction/cement-calculator","Cement Calculator","construction","https://usonlinetools.com/construction/concrete-calculator","https://usonlinetools.com/construction/brick-calculator","https://usonlinetools.com/construction/steel-weight-calculator","https://usonlinetools.com/construction/paint-calculator","Concrete Volume Calculator","Brick Calculator","Steel Weight Calculator","Paint Calculator","https://usonlinetools.com/category/construction","https://usonlinetools.com/category/construction","P1"
"https://usonlinetools.com/construction/brick-calculator","Brick Calculator","construction","https://usonlinetools.com/construction/concrete-calculator","https://usonlinetools.com/construction/cement-calculator","https://usonlinetools.com/construction/steel-weight-calculator","https://usonlinetools.com/construction/paint-calculator","Concrete Volume Calculator","Cement Calculator","Steel Weight Calculator","Paint Calculator","https://usonlinetools.com/category/construction","https://usonlinetools.com/category/construction","P1"
"https://usonlinetools.com/construction/steel-weight-calculator","Steel Weight Calculator","construction","https://usonlinetools.com/construction/concrete-calculator","https://usonlinetools.com/construction/cement-calculator","https://usonlinetools.com/construction/brick-calculator","https://usonlinetools.com/construction/paint-calculator","Concrete Volume Calculator","Cement Calculator","Brick Calculator","Paint Calculator","https://usonlinetools.com/category/construction","https://usonlinetools.com/category/construction","P1"
"https://usonlinetools.com/construction/paint-calculator","Paint Calculator","construction","https://usonlinetools.com/construction/concrete-calculator","https://usonlinetools.com/construction/cement-calculator","https://usonlinetools.com/construction/brick-calculator","https://usonlinetools.com/construction/steel-weight-calculator","Concrete Volume Calculator","Cement Calculator","Brick Calculator","Steel Weight Calculator","https://usonlinetools.com/category/construction","https://usonlinetools.com/category/construction","P1"
"https://usonlinetools.com/construction/tile-calculator","Tile Calculator","construction","https://usonlinetools.com/construction/concrete-calculator","https://usonlinetools.com/construction/cement-calculator","https://usonlinetools.com/construction/brick-calculator","https://usonlinetools.com/construction/steel-weight-calculator","Concrete Volume Calculator","Cement Calculator","Brick Calculator","Steel Weight Calculator","https://usonlinetools.com/category/construction","https://usonlinetools.com/category/construction","P1"
"https://usonlinetools.com/construction/flooring-calculator","Flooring Calculator","construction","https://usonlinetools.com/construction/concrete-calculator","https://usonlinetools.com/construction/cement-calculator","https://usonlinetools.com/construction/brick-calculator","https://usonlinetools.com/construction/steel-weight-calculator","Concrete Volume Calculator","Cement Calculator","Brick Calculator","Steel Weight Calculator","https://usonlinetools.com/category/construction","https://usonlinetools.com/category/construction","P1"
"https://usonlinetools.com/construction/room-area-calculator","Room Area Calculator","construction","https://usonlinetools.com/construction/concrete-calculator","https://usonlinetools.com/construction/cement-calculator","https://usonlinetools.com/construction/brick-calculator","https://usonlinetools.com/construction/steel-weight-calculator","Concrete Volume Calculator","Cement Calculator","Brick Calculator","Steel Weight Calculator","https://usonlinetools.com/category/construction","https://usonlinetools.com/category/construction","P1"
"https://usonlinetools.com/construction/roof-area-calculator","Roof Area Calculator","construction","https://usonlinetools.com/construction/concrete-calculator","https://usonlinetools.com/construction/cement-calculator","https://usonlinetools.com/construction/brick-calculator","https://usonlinetools.com/construction/steel-weight-calculator","Concrete Volume Calculator","Cement Calculator","Brick Calculator","Steel Weight Calculator","https://usonlinetools.com/category/construction","https://usonlinetools.com/category/construction","P1"
"https://usonlinetools.com/construction/water-tank-calculator","Water Tank Capacity Calculator","construction","https://usonlinetools.com/construction/concrete-calculator","https://usonlinetools.com/construction/cement-calculator","https://usonlinetools.com/construction/brick-calculator","https://usonlinetools.com/construction/steel-weight-calculator","Concrete Volume Calculator","Cement Calculator","Brick Calculator","Steel Weight Calculator","https://usonlinetools.com/category/construction","https://usonlinetools.com/category/construction","P1"
"https://usonlinetools.com/construction/asphalt-calculator","Asphalt Calculator","construction","https://usonlinetools.com/construction/concrete-calculator","https://usonlinetools.com/construction/cement-calculator","https://usonlinetools.com/construction/brick-calculator","https://usonlinetools.com/construction/steel-weight-calculator","Concrete Volume Calculator","Cement Calculator","Brick Calculator","Steel Weight Calculator","https://usonlinetools.com/category/construction","https://usonlinetools.com/category/construction","P1"
"https://usonlinetools.com/construction/gravel-calculator","Gravel Calculator","construction","https://usonlinetools.com/construction/concrete-calculator","https://usonlinetools.com/construction/cement-calculator","https://usonlinetools.com/construction/brick-calculator","https://usonlinetools.com/construction/steel-weight-calculator","Concrete Volume Calculator","Cement Calculator","Brick Calculator","Steel Weight Calculator","https://usonlinetools.com/category/construction","https://usonlinetools.com/category/construction","P1"
"https://usonlinetools.com/construction/fence-length-calculator","Fence Length Calculator","construction","https://usonlinetools.com/construction/concrete-calculator","https://usonlinetools.com/construction/cement-calculator","https://usonlinetools.com/construction/brick-calculator","https://usonlinetools.com/construction/steel-weight-calculator","Concrete Volume Calculator","Cement Calculator","Brick Calculator","Steel Weight Calculator","https://usonlinetools.com/category/construction","https://usonlinetools.com/category/construction","P1"
"https://usonlinetools.com/construction/lumber-calculator","Lumber Calculator","construction","https://usonlinetools.com/construction/concrete-calculator","https://usonlinetools.com/construction/cement-calculator","https://usonlinetools.com/construction/brick-calculator","https://usonlinetools.com/construction/steel-weight-calculator","Concrete Volume Calculator","Cement Calculator","Brick Calculator","Steel Weight Calculator","https://usonlinetools.com/category/construction","https://usonlinetools.com/category/construction","P1"
"https://usonlinetools.com/construction/wall-area-calculator","Wall Area Calculator","construction","https://usonlinetools.com/construction/concrete-calculator","https://usonlinetools.com/construction/cement-calculator","https://usonlinetools.com/construction/brick-calculator","https://usonlinetools.com/construction/steel-weight-calculator","Concrete Volume Calculator","Cement Calculator","Brick Calculator","Steel Weight Calculator","https://usonlinetools.com/category/construction","https://usonlinetools.com/category/construction","P1"
"https://usonlinetools.com/construction/pipe-volume-calculator","Pipe Volume Calculator","construction","https://usonlinetools.com/construction/concrete-calculator","https://usonlinetools.com/construction/cement-calculator","https://usonlinetools.com/construction/brick-calculator","https://usonlinetools.com/construction/steel-weight-calculator","Concrete Volume Calculator","Cement Calculator","Brick Calculator","Steel Weight Calculator","https://usonlinetools.com/category/construction","https://usonlinetools.com/category/construction","P1"
"https://usonlinetools.com/construction/sand-calculator","Sand Calculator","construction","https://usonlinetools.com/construction/concrete-calculator","https://usonlinetools.com/construction/cement-calculator","https://usonlinetools.com/construction/brick-calculator","https://usonlinetools.com/construction/steel-weight-calculator","Concrete Volume Calculator","Cement Calculator","Brick Calculator","Steel Weight Calculator","https://usonlinetools.com/category/construction","https://usonlinetools.com/category/construction","P1"
"https://usonlinetools.com/construction/excavation-calculator","Excavation Calculator","construction","https://usonlinetools.com/construction/concrete-calculator","https://usonlinetools.com/construction/cement-calculator","https://usonlinetools.com/construction/brick-calculator","https://usonlinetools.com/construction/steel-weight-calculator","Concrete Volume Calculator","Cement Calculator","Brick Calculator","Steel Weight Calculator","https://usonlinetools.com/category/construction","https://usonlinetools.com/category/construction","P1"
"https://usonlinetools.com/construction/stair-calculator","Stair Calculator","construction","https://usonlinetools.com/construction/concrete-calculator","https://usonlinetools.com/construction/cement-calculator","https://usonlinetools.com/construction/brick-calculator","https://usonlinetools.com/construction/steel-weight-calculator","Concrete Volume Calculator","Cement Calculator","Brick Calculator","Steel Weight Calculator","https://usonlinetools.com/category/construction","https://usonlinetools.com/category/construction","P1"
"https://usonlinetools.com/construction/material-cost-calculator","Material Cost Calculator","construction","https://usonlinetools.com/construction/concrete-calculator","https://usonlinetools.com/construction/cement-calculator","https://usonlinetools.com/construction/brick-calculator","https://usonlinetools.com/construction/steel-weight-calculator","Concrete Volume Calculator","Cement Calculator","Brick Calculator","Steel Weight Calculator","https://usonlinetools.com/category/construction","https://usonlinetools.com/category/construction","P1"
"https://usonlinetools.com/construction/deck-area-calculator","Deck Area Calculator","construction","https://usonlinetools.com/construction/concrete-calculator","https://usonlinetools.com/construction/cement-calculator","https://usonlinetools.com/construction/brick-calculator","https://usonlinetools.com/construction/steel-weight-calculator","Concrete Volume Calculator","Cement Calculator","Brick Calculator","Steel Weight Calculator","https://usonlinetools.com/category/construction","https://usonlinetools.com/category/construction","P1"
"https://usonlinetools.com/construction/plaster-calculator","Plaster Calculator","construction","https://usonlinetools.com/construction/concrete-calculator","https://usonlinetools.com/construction/cement-calculator","https://usonlinetools.com/construction/brick-calculator","https://usonlinetools.com/construction/steel-weight-calculator","Concrete Volume Calculator","Cement Calculator","Brick Calculator","Steel Weight Calculator","https://usonlinetools.com/category/construction","https://usonlinetools.com/category/construction","P1"
"https://usonlinetools.com/construction/insulation-calculator","Insulation Calculator","construction","https://usonlinetools.com/construction/concrete-calculator","https://usonlinetools.com/construction/cement-calculator","https://usonlinetools.com/construction/brick-calculator","https://usonlinetools.com/construction/steel-weight-calculator","Concrete Volume Calculator","Cement Calculator","Brick Calculator","Steel Weight Calculator","https://usonlinetools.com/category/construction","https://usonlinetools.com/category/construction","P1"
"https://usonlinetools.com/construction/concrete-block-calculator","Concrete Block Calculator","construction","https://usonlinetools.com/construction/concrete-calculator","https://usonlinetools.com/construction/cement-calculator","https://usonlinetools.com/construction/brick-calculator","https://usonlinetools.com/construction/steel-weight-calculator","Concrete Volume Calculator","Cement Calculator","Brick Calculator","Steel Weight Calculator","https://usonlinetools.com/category/construction","https://usonlinetools.com/category/construction","P1"
"https://usonlinetools.com/construction/paver-calculator","Paver Calculator","construction","https://usonlinetools.com/construction/concrete-calculator","https://usonlinetools.com/construction/cement-calculator","https://usonlinetools.com/construction/brick-calculator","https://usonlinetools.com/construction/steel-weight-calculator","Concrete Volume Calculator","Cement Calculator","Brick Calculator","Steel Weight Calculator","https://usonlinetools.com/category/construction","https://usonlinetools.com/category/construction","P1"
"https://usonlinetools.com/construction/bitumen-calculator","Bitumen Calculator","construction","https://usonlinetools.com/construction/concrete-calculator","https://usonlinetools.com/construction/cement-calculator","https://usonlinetools.com/construction/brick-calculator","https://usonlinetools.com/construction/steel-weight-calculator","Concrete Volume Calculator","Cement Calculator","Brick Calculator","Steel Weight Calculator","https://usonlinetools.com/category/construction","https://usonlinetools.com/category/construction","P1"
"https://usonlinetools.com/construction/pool-salt-calculator","Pool Salt Calculator","construction","https://usonlinetools.com/construction/concrete-calculator","https://usonlinetools.com/construction/cement-calculator","https://usonlinetools.com/construction/brick-calculator","https://usonlinetools.com/construction/steel-weight-calculator","Concrete Volume Calculator","Cement Calculator","Brick Calculator","Steel Weight Calculator","https://usonlinetools.com/category/construction","https://usonlinetools.com/category/construction","P1"
"https://usonlinetools.com/construction/rebar-calculator","Rebar Calculator","construction","https://usonlinetools.com/construction/concrete-calculator","https://usonlinetools.com/construction/cement-calculator","https://usonlinetools.com/construction/brick-calculator","https://usonlinetools.com/construction/steel-weight-calculator","Concrete Volume Calculator","Cement Calculator","Brick Calculator","Steel Weight Calculator","https://usonlinetools.com/category/construction","https://usonlinetools.com/category/construction","P1"
"https://usonlinetools.com/construction/drywall-calculator","Drywall Calculator","construction","https://usonlinetools.com/construction/concrete-calculator","https://usonlinetools.com/construction/cement-calculator","https://usonlinetools.com/construction/brick-calculator","https://usonlinetools.com/construction/steel-weight-calculator","Concrete Volume Calculator","Cement Calculator","Brick Calculator","Steel Weight Calculator","https://usonlinetools.com/category/construction","https://usonlinetools.com/category/construction","P1"
"https://usonlinetools.com/construction/wallpaper-calculator","Wallpaper Calculator","construction","https://usonlinetools.com/construction/concrete-calculator","https://usonlinetools.com/construction/cement-calculator","https://usonlinetools.com/construction/brick-calculator","https://usonlinetools.com/construction/steel-weight-calculator","Concrete Volume Calculator","Cement Calculator","Brick Calculator","Steel Weight Calculator","https://usonlinetools.com/category/construction","https://usonlinetools.com/category/construction","P1"
"https://usonlinetools.com/construction/mulch-calculator","Mulch Calculator","construction","https://usonlinetools.com/construction/concrete-calculator","https://usonlinetools.com/construction/cement-calculator","https://usonlinetools.com/construction/brick-calculator","https://usonlinetools.com/construction/steel-weight-calculator","Concrete Volume Calculator","Cement Calculator","Brick Calculator","Steel Weight Calculator","https://usonlinetools.com/category/construction","https://usonlinetools.com/category/construction","P1"
"https://usonlinetools.com/construction/soil-calculator","Soil Calculator","construction","https://usonlinetools.com/construction/concrete-calculator","https://usonlinetools.com/construction/cement-calculator","https://usonlinetools.com/construction/brick-calculator","https://usonlinetools.com/construction/steel-weight-calculator","Concrete Volume Calculator","Cement Calculator","Brick Calculator","Steel Weight Calculator","https://usonlinetools.com/category/construction","https://usonlinetools.com/category/construction","P1"
"https://usonlinetools.com/construction/solar-panel-calculator","Solar Panel Calculator","construction","https://usonlinetools.com/construction/concrete-calculator","https://usonlinetools.com/construction/cement-calculator","https://usonlinetools.com/construction/brick-calculator","https://usonlinetools.com/construction/steel-weight-calculator","Concrete Volume Calculator","Cement Calculator","Brick Calculator","Steel Weight Calculator","https://usonlinetools.com/category/construction","https://usonlinetools.com/category/construction","P1"
"https://usonlinetools.com/construction/electrical-load-calculator","Electrical Load Calculator","construction","https://usonlinetools.com/construction/concrete-calculator","https://usonlinetools.com/construction/cement-calculator","https://usonlinetools.com/construction/brick-calculator","https://usonlinetools.com/construction/steel-weight-calculator","Concrete Volume Calculator","Cement Calculator","Brick Calculator","Steel Weight Calculator","https://usonlinetools.com/category/construction","https://usonlinetools.com/category/construction","P1"
"https://usonlinetools.com/productivity/online-word-counter","Word Counter","productivity","https://usonlinetools.com/productivity/random-name-generator","https://usonlinetools.com/productivity/username-generator","https://usonlinetools.com/productivity/dice-roller","https://usonlinetools.com/productivity/coin-flip","Random Name Generator","Username Generator","Dice Roller","Coin Flip Tool","https://usonlinetools.com/category/productivity","https://usonlinetools.com/category/productivity","P1"
"https://usonlinetools.com/productivity/random-name-generator","Random Name Generator","productivity","https://usonlinetools.com/productivity/online-word-counter","https://usonlinetools.com/productivity/username-generator","https://usonlinetools.com/productivity/dice-roller","https://usonlinetools.com/productivity/coin-flip","Word Counter","Username Generator","Dice Roller","Coin Flip Tool","https://usonlinetools.com/category/productivity","https://usonlinetools.com/category/productivity","P1"
"https://usonlinetools.com/productivity/username-generator","Username Generator","productivity","https://usonlinetools.com/productivity/online-word-counter","https://usonlinetools.com/productivity/random-name-generator","https://usonlinetools.com/productivity/dice-roller","https://usonlinetools.com/productivity/coin-flip","Word Counter","Random Name Generator","Dice Roller","Coin Flip Tool","https://usonlinetools.com/category/productivity","https://usonlinetools.com/category/productivity","P1"
"https://usonlinetools.com/productivity/dice-roller","Dice Roller","productivity","https://usonlinetools.com/productivity/online-word-counter","https://usonlinetools.com/productivity/random-name-generator","https://usonlinetools.com/productivity/username-generator","https://usonlinetools.com/productivity/coin-flip","Word Counter","Random Name Generator","Username Generator","Coin Flip Tool","https://usonlinetools.com/category/productivity","https://usonlinetools.com/category/productivity","P1"
"https://usonlinetools.com/productivity/coin-flip","Coin Flip Tool","productivity","https://usonlinetools.com/productivity/online-word-counter","https://usonlinetools.com/productivity/random-name-generator","https://usonlinetools.com/productivity/username-generator","https://usonlinetools.com/productivity/dice-roller","Word Counter","Random Name Generator","Username Generator","Dice Roller","https://usonlinetools.com/category/productivity","https://usonlinetools.com/category/productivity","P1"
"https://usonlinetools.com/productivity/random-color-generator","Random Color Generator","productivity","https://usonlinetools.com/productivity/online-word-counter","https://usonlinetools.com/productivity/random-name-generator","https://usonlinetools.com/productivity/username-generator","https://usonlinetools.com/productivity/dice-roller","Word Counter","Random Name Generator","Username Generator","Dice Roller","https://usonlinetools.com/category/productivity","https://usonlinetools.com/category/productivity","P1"
"https://usonlinetools.com/productivity/case-converter","Case Converter","productivity","https://usonlinetools.com/productivity/online-word-counter","https://usonlinetools.com/productivity/random-name-generator","https://usonlinetools.com/productivity/username-generator","https://usonlinetools.com/productivity/dice-roller","Word Counter","Random Name Generator","Username Generator","Dice Roller","https://usonlinetools.com/category/productivity","https://usonlinetools.com/category/productivity","P1"
"https://usonlinetools.com/productivity/text-reverser","Text Reverser Tool","productivity","https://usonlinetools.com/productivity/online-word-counter","https://usonlinetools.com/productivity/random-name-generator","https://usonlinetools.com/productivity/username-generator","https://usonlinetools.com/productivity/dice-roller","Word Counter","Random Name Generator","Username Generator","Dice Roller","https://usonlinetools.com/category/productivity","https://usonlinetools.com/category/productivity","P1"
"https://usonlinetools.com/productivity/duplicate-line-remover","Duplicate Line Remover","productivity","https://usonlinetools.com/productivity/online-word-counter","https://usonlinetools.com/productivity/random-name-generator","https://usonlinetools.com/productivity/username-generator","https://usonlinetools.com/productivity/dice-roller","Word Counter","Random Name Generator","Username Generator","Dice Roller","https://usonlinetools.com/category/productivity","https://usonlinetools.com/category/productivity","P1"
"https://usonlinetools.com/productivity/alphabetical-sort","Alphabetical Sort Tool","productivity","https://usonlinetools.com/productivity/online-word-counter","https://usonlinetools.com/productivity/random-name-generator","https://usonlinetools.com/productivity/username-generator","https://usonlinetools.com/productivity/dice-roller","Word Counter","Random Name Generator","Username Generator","Dice Roller","https://usonlinetools.com/category/productivity","https://usonlinetools.com/category/productivity","P1"
"https://usonlinetools.com/productivity/palindrome-checker","Palindrome Checker","productivity","https://usonlinetools.com/productivity/online-word-counter","https://usonlinetools.com/productivity/random-name-generator","https://usonlinetools.com/productivity/username-generator","https://usonlinetools.com/productivity/dice-roller","Word Counter","Random Name Generator","Username Generator","Dice Roller","https://usonlinetools.com/category/productivity","https://usonlinetools.com/category/productivity","P1"
"https://usonlinetools.com/productivity/hashtag-generator","Hashtag Generator Tool","productivity","https://usonlinetools.com/productivity/online-word-counter","https://usonlinetools.com/productivity/random-name-generator","https://usonlinetools.com/productivity/username-generator","https://usonlinetools.com/productivity/dice-roller","Word Counter","Random Name Generator","Username Generator","Dice Roller","https://usonlinetools.com/category/productivity","https://usonlinetools.com/category/productivity","P1"
"https://usonlinetools.com/productivity/word-frequency-counter","Word Frequency Counter","productivity","https://usonlinetools.com/productivity/online-word-counter","https://usonlinetools.com/productivity/random-name-generator","https://usonlinetools.com/productivity/username-generator","https://usonlinetools.com/productivity/dice-roller","Word Counter","Random Name Generator","Username Generator","Dice Roller","https://usonlinetools.com/category/productivity","https://usonlinetools.com/category/productivity","P1"
"https://usonlinetools.com/productivity/random-letter-generator","Random Letter Generator","productivity","https://usonlinetools.com/productivity/online-word-counter","https://usonlinetools.com/productivity/random-name-generator","https://usonlinetools.com/productivity/username-generator","https://usonlinetools.com/productivity/dice-roller","Word Counter","Random Name Generator","Username Generator","Dice Roller","https://usonlinetools.com/category/productivity","https://usonlinetools.com/category/productivity","P1"
"https://usonlinetools.com/productivity/random-picker-tool","Random Picker Tool","productivity","https://usonlinetools.com/productivity/online-word-counter","https://usonlinetools.com/productivity/random-name-generator","https://usonlinetools.com/productivity/username-generator","https://usonlinetools.com/productivity/dice-roller","Word Counter","Random Name Generator","Username Generator","Dice Roller","https://usonlinetools.com/category/productivity","https://usonlinetools.com/category/productivity","P1"
"https://usonlinetools.com/productivity/spin-wheel-generator","Spin Wheel Generator","productivity","https://usonlinetools.com/productivity/online-word-counter","https://usonlinetools.com/productivity/random-name-generator","https://usonlinetools.com/productivity/username-generator","https://usonlinetools.com/productivity/dice-roller","Word Counter","Random Name Generator","Username Generator","Dice Roller","https://usonlinetools.com/category/productivity","https://usonlinetools.com/category/productivity","P1"
"https://usonlinetools.com/productivity/character-counter-tool","Character Counter Tool","productivity","https://usonlinetools.com/productivity/online-word-counter","https://usonlinetools.com/productivity/random-name-generator","https://usonlinetools.com/productivity/username-generator","https://usonlinetools.com/productivity/dice-roller","Word Counter","Random Name Generator","Username Generator","Dice Roller","https://usonlinetools.com/category/productivity","https://usonlinetools.com/category/productivity","P1"
"https://usonlinetools.com/productivity/line-counter-tool","Line Counter Tool","productivity","https://usonlinetools.com/productivity/online-word-counter","https://usonlinetools.com/productivity/random-name-generator","https://usonlinetools.com/productivity/username-generator","https://usonlinetools.com/productivity/dice-roller","Word Counter","Random Name Generator","Username Generator","Dice Roller","https://usonlinetools.com/category/productivity","https://usonlinetools.com/category/productivity","P1"
"https://usonlinetools.com/productivity/remove-extra-spaces-tool","Remove Extra Spaces Tool","productivity","https://usonlinetools.com/productivity/online-word-counter","https://usonlinetools.com/productivity/random-name-generator","https://usonlinetools.com/productivity/username-generator","https://usonlinetools.com/productivity/dice-roller","Word Counter","Random Name Generator","Username Generator","Dice Roller","https://usonlinetools.com/category/productivity","https://usonlinetools.com/category/productivity","P1"
"https://usonlinetools.com/productivity/sort-text-lines-tool","Sort Text Lines Tool","productivity","https://usonlinetools.com/productivity/online-word-counter","https://usonlinetools.com/productivity/random-name-generator","https://usonlinetools.com/productivity/username-generator","https://usonlinetools.com/productivity/dice-roller","Word Counter","Random Name Generator","Username Generator","Dice Roller","https://usonlinetools.com/category/productivity","https://usonlinetools.com/category/productivity","P1"
"https://usonlinetools.com/productivity/list-randomizer-tool","List Randomizer Tool","productivity","https://usonlinetools.com/productivity/online-word-counter","https://usonlinetools.com/productivity/random-name-generator","https://usonlinetools.com/productivity/username-generator","https://usonlinetools.com/productivity/dice-roller","Word Counter","Random Name Generator","Username Generator","Dice Roller","https://usonlinetools.com/category/productivity","https://usonlinetools.com/category/productivity","P1"
"https://usonlinetools.com/productivity/text-formatter-tool","Text Formatter Tool","productivity","https://usonlinetools.com/productivity/online-word-counter","https://usonlinetools.com/productivity/random-name-generator","https://usonlinetools.com/productivity/username-generator","https://usonlinetools.com/productivity/dice-roller","Word Counter","Random Name Generator","Username Generator","Dice Roller","https://usonlinetools.com/category/productivity","https://usonlinetools.com/category/productivity","P1"
"https://usonlinetools.com/productivity/json-formatter","JSON Formatter","productivity","https://usonlinetools.com/productivity/online-word-counter","https://usonlinetools.com/productivity/random-name-generator","https://usonlinetools.com/productivity/username-generator","https://usonlinetools.com/productivity/dice-roller","Word Counter","Random Name Generator","Username Generator","Dice Roller","https://usonlinetools.com/category/productivity","https://usonlinetools.com/category/productivity","P1"
"https://usonlinetools.com/productivity/base64-encoder-decoder","Base64 Encoder Decoder","productivity","https://usonlinetools.com/productivity/online-word-counter","https://usonlinetools.com/productivity/random-name-generator","https://usonlinetools.com/productivity/username-generator","https://usonlinetools.com/productivity/dice-roller","Word Counter","Random Name Generator","Username Generator","Dice Roller","https://usonlinetools.com/category/productivity","https://usonlinetools.com/category/productivity","P1"
"https://usonlinetools.com/productivity/love-calculator","Love Calculator","productivity","https://usonlinetools.com/productivity/online-word-counter","https://usonlinetools.com/productivity/random-name-generator","https://usonlinetools.com/productivity/username-generator","https://usonlinetools.com/productivity/dice-roller","Word Counter","Random Name Generator","Username Generator","Dice Roller","https://usonlinetools.com/category/productivity","https://usonlinetools.com/category/productivity","P1"
"https://usonlinetools.com/education/online-gpa-calculator","GPA Calculator","education","https://usonlinetools.com/education/grade-calculator","https://usonlinetools.com/education/weighted-grade-calculator","https://usonlinetools.com/education/final-grade-calculator","https://usonlinetools.com/education/percentage-grade-calculator","Grade Calculator","Weighted Grade Calculator","Final Grade Calculator","Percentage Grade Calculator","https://usonlinetools.com/category/education","https://usonlinetools.com/category/education","P1"
"https://usonlinetools.com/education/grade-calculator","Grade Calculator","education","https://usonlinetools.com/education/online-gpa-calculator","https://usonlinetools.com/education/weighted-grade-calculator","https://usonlinetools.com/education/final-grade-calculator","https://usonlinetools.com/education/percentage-grade-calculator","GPA Calculator","Weighted Grade Calculator","Final Grade Calculator","Percentage Grade Calculator","https://usonlinetools.com/category/education","https://usonlinetools.com/category/education","P1"
"https://usonlinetools.com/education/weighted-grade-calculator","Weighted Grade Calculator","education","https://usonlinetools.com/education/online-gpa-calculator","https://usonlinetools.com/education/grade-calculator","https://usonlinetools.com/education/final-grade-calculator","https://usonlinetools.com/education/percentage-grade-calculator","GPA Calculator","Grade Calculator","Final Grade Calculator","Percentage Grade Calculator","https://usonlinetools.com/category/education","https://usonlinetools.com/category/education","P1"
"https://usonlinetools.com/education/final-grade-calculator","Final Grade Calculator","education","https://usonlinetools.com/education/online-gpa-calculator","https://usonlinetools.com/education/grade-calculator","https://usonlinetools.com/education/weighted-grade-calculator","https://usonlinetools.com/education/percentage-grade-calculator","GPA Calculator","Grade Calculator","Weighted Grade Calculator","Percentage Grade Calculator","https://usonlinetools.com/category/education","https://usonlinetools.com/category/education","P1"
"https://usonlinetools.com/education/percentage-grade-calculator","Percentage Grade Calculator","education","https://usonlinetools.com/education/online-gpa-calculator","https://usonlinetools.com/education/grade-calculator","https://usonlinetools.com/education/weighted-grade-calculator","https://usonlinetools.com/education/final-grade-calculator","GPA Calculator","Grade Calculator","Weighted Grade Calculator","Final Grade Calculator","https://usonlinetools.com/category/education","https://usonlinetools.com/category/education","P1"
"https://usonlinetools.com/education/attendance-percentage-calculator","Attendance Percentage Calculator","education","https://usonlinetools.com/education/online-gpa-calculator","https://usonlinetools.com/education/grade-calculator","https://usonlinetools.com/education/weighted-grade-calculator","https://usonlinetools.com/education/final-grade-calculator","GPA Calculator","Grade Calculator","Weighted Grade Calculator","Final Grade Calculator","https://usonlinetools.com/category/education","https://usonlinetools.com/category/education","P1"
"https://usonlinetools.com/education/reading-speed-calculator","Reading Speed Calculator","education","https://usonlinetools.com/education/online-gpa-calculator","https://usonlinetools.com/education/grade-calculator","https://usonlinetools.com/education/weighted-grade-calculator","https://usonlinetools.com/education/final-grade-calculator","GPA Calculator","Grade Calculator","Weighted Grade Calculator","Final Grade Calculator","https://usonlinetools.com/category/education","https://usonlinetools.com/category/education","P1"
"https://usonlinetools.com/education/marks-percentage-calculator","Marks Percentage Calculator","education","https://usonlinetools.com/education/online-gpa-calculator","https://usonlinetools.com/education/grade-calculator","https://usonlinetools.com/education/weighted-grade-calculator","https://usonlinetools.com/education/final-grade-calculator","GPA Calculator","Grade Calculator","Weighted Grade Calculator","Final Grade Calculator","https://usonlinetools.com/category/education","https://usonlinetools.com/category/education","P1"
"https://usonlinetools.com/education/marks-to-gpa-converter","Marks to GPA Converter","education","https://usonlinetools.com/education/online-gpa-calculator","https://usonlinetools.com/education/grade-calculator","https://usonlinetools.com/education/weighted-grade-calculator","https://usonlinetools.com/education/final-grade-calculator","GPA Calculator","Grade Calculator","Weighted Grade Calculator","Final Grade Calculator","https://usonlinetools.com/category/education","https://usonlinetools.com/category/education","P1"
"https://usonlinetools.com/education/class-average-calculator","Class Average Calculator","education","https://usonlinetools.com/education/online-gpa-calculator","https://usonlinetools.com/education/grade-calculator","https://usonlinetools.com/education/weighted-grade-calculator","https://usonlinetools.com/education/final-grade-calculator","GPA Calculator","Grade Calculator","Weighted Grade Calculator","Final Grade Calculator","https://usonlinetools.com/category/education","https://usonlinetools.com/category/education","P1"
"https://usonlinetools.com/education/score-calculator","Score Calculator","education","https://usonlinetools.com/education/online-gpa-calculator","https://usonlinetools.com/education/grade-calculator","https://usonlinetools.com/education/weighted-grade-calculator","https://usonlinetools.com/education/final-grade-calculator","GPA Calculator","Grade Calculator","Weighted Grade Calculator","Final Grade Calculator","https://usonlinetools.com/category/education","https://usonlinetools.com/category/education","P1"
"https://usonlinetools.com/education/study-planner-calculator","Study Planner Calculator","education","https://usonlinetools.com/education/online-gpa-calculator","https://usonlinetools.com/education/grade-calculator","https://usonlinetools.com/education/weighted-grade-calculator","https://usonlinetools.com/education/final-grade-calculator","GPA Calculator","Grade Calculator","Weighted Grade Calculator","Final Grade Calculator","https://usonlinetools.com/category/education","https://usonlinetools.com/category/education","P1"
"https://usonlinetools.com/education/homework-time-calculator","Homework Time Calculator","education","https://usonlinetools.com/education/online-gpa-calculator","https://usonlinetools.com/education/grade-calculator","https://usonlinetools.com/education/weighted-grade-calculator","https://usonlinetools.com/education/final-grade-calculator","GPA Calculator","Grade Calculator","Weighted Grade Calculator","Final Grade Calculator","https://usonlinetools.com/category/education","https://usonlinetools.com/category/education","P1"
"https://usonlinetools.com/education/exam-countdown-timer","Exam Countdown Timer","education","https://usonlinetools.com/education/online-gpa-calculator","https://usonlinetools.com/education/grade-calculator","https://usonlinetools.com/education/weighted-grade-calculator","https://usonlinetools.com/education/final-grade-calculator","GPA Calculator","Grade Calculator","Weighted Grade Calculator","Final Grade Calculator","https://usonlinetools.com/category/education","https://usonlinetools.com/category/education","P1"
"https://usonlinetools.com/education/assignment-grade-calculator","Assignment Grade Calculator","education","https://usonlinetools.com/education/online-gpa-calculator","https://usonlinetools.com/education/grade-calculator","https://usonlinetools.com/education/weighted-grade-calculator","https://usonlinetools.com/education/final-grade-calculator","GPA Calculator","Grade Calculator","Weighted Grade Calculator","Final Grade Calculator","https://usonlinetools.com/category/education","https://usonlinetools.com/category/education","P1"
"https://usonlinetools.com/education/semester-planner-tool","Semester Planner Tool","education","https://usonlinetools.com/education/online-gpa-calculator","https://usonlinetools.com/education/grade-calculator","https://usonlinetools.com/education/weighted-grade-calculator","https://usonlinetools.com/education/final-grade-calculator","GPA Calculator","Grade Calculator","Weighted Grade Calculator","Final Grade Calculator","https://usonlinetools.com/category/education","https://usonlinetools.com/category/education","P1"
"https://usonlinetools.com/education/quiz-score-calculator","Quiz Score Calculator","education","https://usonlinetools.com/education/online-gpa-calculator","https://usonlinetools.com/education/grade-calculator","https://usonlinetools.com/education/weighted-grade-calculator","https://usonlinetools.com/education/final-grade-calculator","GPA Calculator","Grade Calculator","Weighted Grade Calculator","Final Grade Calculator","https://usonlinetools.com/category/education","https://usonlinetools.com/category/education","P1"
"https://usonlinetools.com/education/flashcard-timer-tool","Flashcard Timer Tool","education","https://usonlinetools.com/education/online-gpa-calculator","https://usonlinetools.com/education/grade-calculator","https://usonlinetools.com/education/weighted-grade-calculator","https://usonlinetools.com/education/final-grade-calculator","GPA Calculator","Grade Calculator","Weighted Grade Calculator","Final Grade Calculator","https://usonlinetools.com/category/education","https://usonlinetools.com/category/education","P1"
"https://usonlinetools.com/education/exam-score-predictor","Exam Score Predictor","education","https://usonlinetools.com/education/online-gpa-calculator","https://usonlinetools.com/education/grade-calculator","https://usonlinetools.com/education/weighted-grade-calculator","https://usonlinetools.com/education/final-grade-calculator","GPA Calculator","Grade Calculator","Weighted Grade Calculator","Final Grade Calculator","https://usonlinetools.com/category/education","https://usonlinetools.com/category/education","P1"
"https://usonlinetools.com/education/study-hours-tracker","Study Hours Tracker","education","https://usonlinetools.com/education/online-gpa-calculator","https://usonlinetools.com/education/grade-calculator","https://usonlinetools.com/education/weighted-grade-calculator","https://usonlinetools.com/education/final-grade-calculator","GPA Calculator","Grade Calculator","Weighted Grade Calculator","Final Grade Calculator","https://usonlinetools.com/category/education","https://usonlinetools.com/category/education","P1"
"https://usonlinetools.com/education/grade-improvement-calculator","Grade Improvement Calculator","education","https://usonlinetools.com/education/online-gpa-calculator","https://usonlinetools.com/education/grade-calculator","https://usonlinetools.com/education/weighted-grade-calculator","https://usonlinetools.com/education/final-grade-calculator","GPA Calculator","Grade Calculator","Weighted Grade Calculator","Final Grade Calculator","https://usonlinetools.com/category/education","https://usonlinetools.com/category/education","P1"
"https://usonlinetools.com/education/test-score-analyzer","Test Score Analyzer","education","https://usonlinetools.com/education/online-gpa-calculator","https://usonlinetools.com/education/grade-calculator","https://usonlinetools.com/education/weighted-grade-calculator","https://usonlinetools.com/education/final-grade-calculator","GPA Calculator","Grade Calculator","Weighted Grade Calculator","Final Grade Calculator","https://usonlinetools.com/category/education","https://usonlinetools.com/category/education","P1"
"https://usonlinetools.com/education/learning-time-calculator","Learning Time Calculator","education","https://usonlinetools.com/education/online-gpa-calculator","https://usonlinetools.com/education/grade-calculator","https://usonlinetools.com/education/weighted-grade-calculator","https://usonlinetools.com/education/final-grade-calculator","GPA Calculator","Grade Calculator","Weighted Grade Calculator","Final Grade Calculator","https://usonlinetools.com/category/education","https://usonlinetools.com/category/education","P1"
"https://usonlinetools.com/education/school-schedule-planner","School Schedule Planner","education","https://usonlinetools.com/education/online-gpa-calculator","https://usonlinetools.com/education/grade-calculator","https://usonlinetools.com/education/weighted-grade-calculator","https://usonlinetools.com/education/final-grade-calculator","GPA Calculator","Grade Calculator","Weighted Grade Calculator","Final Grade Calculator","https://usonlinetools.com/category/education","https://usonlinetools.com/category/education","P1"
"https://usonlinetools.com/education/revision-planner-tool","Revision Planner Tool","education","https://usonlinetools.com/education/online-gpa-calculator","https://usonlinetools.com/education/grade-calculator","https://usonlinetools.com/education/weighted-grade-calculator","https://usonlinetools.com/education/final-grade-calculator","GPA Calculator","Grade Calculator","Weighted Grade Calculator","Final Grade Calculator","https://usonlinetools.com/category/education","https://usonlinetools.com/category/education","P1"
"https://usonlinetools.com/education/cgpa-calculator","CGPA Calculator","education","https://usonlinetools.com/education/online-gpa-calculator","https://usonlinetools.com/education/grade-calculator","https://usonlinetools.com/education/weighted-grade-calculator","https://usonlinetools.com/education/final-grade-calculator","GPA Calculator","Grade Calculator","Weighted Grade Calculator","Final Grade Calculator","https://usonlinetools.com/category/education","https://usonlinetools.com/category/education","P1"
"https://usonlinetools.com/education/sat-score-calculator","SAT Score Calculator","education","https://usonlinetools.com/education/online-gpa-calculator","https://usonlinetools.com/education/grade-calculator","https://usonlinetools.com/education/weighted-grade-calculator","https://usonlinetools.com/education/final-grade-calculator","GPA Calculator","Grade Calculator","Weighted Grade Calculator","Final Grade Calculator","https://usonlinetools.com/category/education","https://usonlinetools.com/category/education","P1"
"https://usonlinetools.com/education/typing-speed-test","Typing Speed Test","education","https://usonlinetools.com/education/online-gpa-calculator","https://usonlinetools.com/education/grade-calculator","https://usonlinetools.com/education/weighted-grade-calculator","https://usonlinetools.com/education/final-grade-calculator","GPA Calculator","Grade Calculator","Weighted Grade Calculator","Final Grade Calculator","https://usonlinetools.com/category/education","https://usonlinetools.com/category/education","P1"
"https://usonlinetools.com/education/scholarship-calculator","Scholarship Calculator","education","https://usonlinetools.com/education/online-gpa-calculator","https://usonlinetools.com/education/grade-calculator","https://usonlinetools.com/education/weighted-grade-calculator","https://usonlinetools.com/education/final-grade-calculator","GPA Calculator","Grade Calculator","Weighted Grade Calculator","Final Grade Calculator","https://usonlinetools.com/category/education","https://usonlinetools.com/category/education","P1"
"https://usonlinetools.com/education/college-gpa-calculator","College GPA Calculator","education","https://usonlinetools.com/education/online-gpa-calculator","https://usonlinetools.com/education/grade-calculator","https://usonlinetools.com/education/weighted-grade-calculator","https://usonlinetools.com/education/final-grade-calculator","GPA Calculator","Grade Calculator","Weighted Grade Calculator","Final Grade Calculator","https://usonlinetools.com/category/education","https://usonlinetools.com/category/education","P1"
"https://usonlinetools.com/education/snow-day-calculator","Snow Day Calculator","education","https://usonlinetools.com/education/online-gpa-calculator","https://usonlinetools.com/education/grade-calculator","https://usonlinetools.com/education/weighted-grade-calculator","https://usonlinetools.com/education/final-grade-calculator","GPA Calculator","Grade Calculator","Weighted Grade Calculator","Final Grade Calculator","https://usonlinetools.com/category/education","https://usonlinetools.com/category/education","P1"
"https://usonlinetools.com/gaming/blox-fruits-calculator","Blox Fruits Calculator","gaming","https://usonlinetools.com/gaming/blox-fruits-trade-calculator","https://usonlinetools.com/gaming/roblox-tax-calculator","https://usonlinetools.com/gaming/minecraft-circle-calculator","https://usonlinetools.com/gaming/valorant-sensitivity-calculator","Blox Fruits Trade Calculator","Roblox Tax Calculator","Minecraft Circle Calculator","Valorant Sensitivity Calculator","https://usonlinetools.com/category/gaming","https://usonlinetools.com/category/gaming","P2"
"https://usonlinetools.com/gaming/blox-fruits-trade-calculator","Blox Fruits Trade Calculator","gaming","https://usonlinetools.com/gaming/blox-fruits-calculator","https://usonlinetools.com/gaming/roblox-tax-calculator","https://usonlinetools.com/gaming/minecraft-circle-calculator","https://usonlinetools.com/gaming/valorant-sensitivity-calculator","Blox Fruits Calculator","Roblox Tax Calculator","Minecraft Circle Calculator","Valorant Sensitivity Calculator","https://usonlinetools.com/category/gaming","https://usonlinetools.com/category/gaming","P2"
"https://usonlinetools.com/gaming/roblox-tax-calculator","Roblox Tax Calculator","gaming","https://usonlinetools.com/gaming/blox-fruits-calculator","https://usonlinetools.com/gaming/blox-fruits-trade-calculator","https://usonlinetools.com/gaming/minecraft-circle-calculator","https://usonlinetools.com/gaming/valorant-sensitivity-calculator","Blox Fruits Calculator","Blox Fruits Trade Calculator","Minecraft Circle Calculator","Valorant Sensitivity Calculator","https://usonlinetools.com/category/gaming","https://usonlinetools.com/category/gaming","P2"
"https://usonlinetools.com/gaming/minecraft-circle-calculator","Minecraft Circle Calculator","gaming","https://usonlinetools.com/gaming/blox-fruits-calculator","https://usonlinetools.com/gaming/blox-fruits-trade-calculator","https://usonlinetools.com/gaming/roblox-tax-calculator","https://usonlinetools.com/gaming/valorant-sensitivity-calculator","Blox Fruits Calculator","Blox Fruits Trade Calculator","Roblox Tax Calculator","Valorant Sensitivity Calculator","https://usonlinetools.com/category/gaming","https://usonlinetools.com/category/gaming","P2"
"https://usonlinetools.com/gaming/valorant-sensitivity-calculator","Valorant Sensitivity Calculator","gaming","https://usonlinetools.com/gaming/blox-fruits-calculator","https://usonlinetools.com/gaming/blox-fruits-trade-calculator","https://usonlinetools.com/gaming/roblox-tax-calculator","https://usonlinetools.com/gaming/minecraft-circle-calculator","Blox Fruits Calculator","Blox Fruits Trade Calculator","Roblox Tax Calculator","Minecraft Circle Calculator","https://usonlinetools.com/category/gaming","https://usonlinetools.com/category/gaming","P2"
"https://usonlinetools.com/gaming/fortnite-dpi-calculator","Fortnite DPI Calculator","gaming","https://usonlinetools.com/gaming/blox-fruits-calculator","https://usonlinetools.com/gaming/blox-fruits-trade-calculator","https://usonlinetools.com/gaming/roblox-tax-calculator","https://usonlinetools.com/gaming/minecraft-circle-calculator","Blox Fruits Calculator","Blox Fruits Trade Calculator","Roblox Tax Calculator","Minecraft Circle Calculator","https://usonlinetools.com/category/gaming","https://usonlinetools.com/category/gaming","P2"
"https://usonlinetools.com/gaming/xp-level-calculator","XP Level Calculator","gaming","https://usonlinetools.com/gaming/blox-fruits-calculator","https://usonlinetools.com/gaming/blox-fruits-trade-calculator","https://usonlinetools.com/gaming/roblox-tax-calculator","https://usonlinetools.com/gaming/minecraft-circle-calculator","Blox Fruits Calculator","Blox Fruits Trade Calculator","Roblox Tax Calculator","Minecraft Circle Calculator","https://usonlinetools.com/category/gaming","https://usonlinetools.com/category/gaming","P2"
"https://usonlinetools.com/gaming/clash-of-clans-upgrade-calculator","Clash of Clans Upgrade Calculator","gaming","https://usonlinetools.com/gaming/blox-fruits-calculator","https://usonlinetools.com/gaming/blox-fruits-trade-calculator","https://usonlinetools.com/gaming/roblox-tax-calculator","https://usonlinetools.com/gaming/minecraft-circle-calculator","Blox Fruits Calculator","Blox Fruits Trade Calculator","Roblox Tax Calculator","Minecraft Circle Calculator","https://usonlinetools.com/category/gaming","https://usonlinetools.com/category/gaming","P2"
"https://usonlinetools.com/gaming/damage-calculator","Damage Calculator","gaming","https://usonlinetools.com/gaming/blox-fruits-calculator","https://usonlinetools.com/gaming/blox-fruits-trade-calculator","https://usonlinetools.com/gaming/roblox-tax-calculator","https://usonlinetools.com/gaming/minecraft-circle-calculator","Blox Fruits Calculator","Blox Fruits Trade Calculator","Roblox Tax Calculator","Minecraft Circle Calculator","https://usonlinetools.com/category/gaming","https://usonlinetools.com/category/gaming","P2"
"https://usonlinetools.com/gaming/game-currency-converter","Game Currency Converter","gaming","https://usonlinetools.com/gaming/blox-fruits-calculator","https://usonlinetools.com/gaming/blox-fruits-trade-calculator","https://usonlinetools.com/gaming/roblox-tax-calculator","https://usonlinetools.com/gaming/minecraft-circle-calculator","Blox Fruits Calculator","Blox Fruits Trade Calculator","Roblox Tax Calculator","Minecraft Circle Calculator","https://usonlinetools.com/category/gaming","https://usonlinetools.com/category/gaming","P2"
"https://usonlinetools.com/gaming/genshin-impact-calculator","Genshin Impact Calculator","gaming","https://usonlinetools.com/gaming/blox-fruits-calculator","https://usonlinetools.com/gaming/blox-fruits-trade-calculator","https://usonlinetools.com/gaming/roblox-tax-calculator","https://usonlinetools.com/gaming/minecraft-circle-calculator","Blox Fruits Calculator","Blox Fruits Trade Calculator","Roblox Tax Calculator","Minecraft Circle Calculator","https://usonlinetools.com/category/gaming","https://usonlinetools.com/category/gaming","P2"
"https://usonlinetools.com/gaming/cs2-sensitivity-calculator","CS2 Sensitivity Calculator","gaming","https://usonlinetools.com/gaming/blox-fruits-calculator","https://usonlinetools.com/gaming/blox-fruits-trade-calculator","https://usonlinetools.com/gaming/roblox-tax-calculator","https://usonlinetools.com/gaming/minecraft-circle-calculator","Blox Fruits Calculator","Blox Fruits Trade Calculator","Roblox Tax Calculator","Minecraft Circle Calculator","https://usonlinetools.com/category/gaming","https://usonlinetools.com/category/gaming","P2"
"https://usonlinetools.com/gaming/pokemon-iv-calculator","Pokemon IV Calculator","gaming","https://usonlinetools.com/gaming/blox-fruits-calculator","https://usonlinetools.com/gaming/blox-fruits-trade-calculator","https://usonlinetools.com/gaming/roblox-tax-calculator","https://usonlinetools.com/gaming/minecraft-circle-calculator","Blox Fruits Calculator","Blox Fruits Trade Calculator","Roblox Tax Calculator","Minecraft Circle Calculator","https://usonlinetools.com/category/gaming","https://usonlinetools.com/category/gaming","P2"
"https://usonlinetools.com/gaming/dnd-dice-roller","D&D Dice Roller","gaming","https://usonlinetools.com/gaming/blox-fruits-calculator","https://usonlinetools.com/gaming/blox-fruits-trade-calculator","https://usonlinetools.com/gaming/roblox-tax-calculator","https://usonlinetools.com/gaming/minecraft-circle-calculator","Blox Fruits Calculator","Blox Fruits Trade Calculator","Roblox Tax Calculator","Minecraft Circle Calculator","https://usonlinetools.com/category/gaming","https://usonlinetools.com/category/gaming","P2"
"https://usonlinetools.com/gaming/gaming-fps-calculator","Gaming FPS Calculator","gaming","https://usonlinetools.com/gaming/blox-fruits-calculator","https://usonlinetools.com/gaming/blox-fruits-trade-calculator","https://usonlinetools.com/gaming/roblox-tax-calculator","https://usonlinetools.com/gaming/minecraft-circle-calculator","Blox Fruits Calculator","Blox Fruits Trade Calculator","Roblox Tax Calculator","Minecraft Circle Calculator","https://usonlinetools.com/category/gaming","https://usonlinetools.com/category/gaming","P2"
"https://usonlinetools.com/gaming/esports-earnings-calculator","Esports Earnings Calculator","gaming","https://usonlinetools.com/gaming/blox-fruits-calculator","https://usonlinetools.com/gaming/blox-fruits-trade-calculator","https://usonlinetools.com/gaming/roblox-tax-calculator","https://usonlinetools.com/gaming/minecraft-circle-calculator","Blox Fruits Calculator","Blox Fruits Trade Calculator","Roblox Tax Calculator","Minecraft Circle Calculator","https://usonlinetools.com/category/gaming","https://usonlinetools.com/category/gaming","P2"
"https://usonlinetools.com/image/online-image-resizer","Image Resizer","image","https://usonlinetools.com/image/online-image-compressor","https://usonlinetools.com/image/online-image-cropper","https://usonlinetools.com/image/online-image-format-converter","https://usonlinetools.com/image/online-image-to-base64","Image Compressor","Image Cropper","Image Format Converter","Image to Base64 Converter","https://usonlinetools.com/category/image","https://usonlinetools.com/category/image","P1"
"https://usonlinetools.com/image/online-image-compressor","Image Compressor","image","https://usonlinetools.com/image/online-image-resizer","https://usonlinetools.com/image/online-image-cropper","https://usonlinetools.com/image/online-image-format-converter","https://usonlinetools.com/image/online-image-to-base64","Image Resizer","Image Cropper","Image Format Converter","Image to Base64 Converter","https://usonlinetools.com/category/image","https://usonlinetools.com/category/image","P1"
"https://usonlinetools.com/image/online-image-cropper","Image Cropper","image","https://usonlinetools.com/image/online-image-resizer","https://usonlinetools.com/image/online-image-compressor","https://usonlinetools.com/image/online-image-format-converter","https://usonlinetools.com/image/online-image-to-base64","Image Resizer","Image Compressor","Image Format Converter","Image to Base64 Converter","https://usonlinetools.com/category/image","https://usonlinetools.com/category/image","P1"
"https://usonlinetools.com/image/online-image-format-converter","Image Format Converter","image","https://usonlinetools.com/image/online-image-resizer","https://usonlinetools.com/image/online-image-compressor","https://usonlinetools.com/image/online-image-cropper","https://usonlinetools.com/image/online-image-to-base64","Image Resizer","Image Compressor","Image Cropper","Image to Base64 Converter","https://usonlinetools.com/category/image","https://usonlinetools.com/category/image","P1"
"https://usonlinetools.com/image/online-image-to-base64","Image to Base64 Converter","image","https://usonlinetools.com/image/online-image-resizer","https://usonlinetools.com/image/online-image-compressor","https://usonlinetools.com/image/online-image-cropper","https://usonlinetools.com/image/online-image-format-converter","Image Resizer","Image Compressor","Image Cropper","Image Format Converter","https://usonlinetools.com/category/image","https://usonlinetools.com/category/image","P1"
"https://usonlinetools.com/image/online-base64-to-image","Base64 to Image Converter","image","https://usonlinetools.com/image/online-image-resizer","https://usonlinetools.com/image/online-image-compressor","https://usonlinetools.com/image/online-image-cropper","https://usonlinetools.com/image/online-image-format-converter","Image Resizer","Image Compressor","Image Cropper","Image Format Converter","https://usonlinetools.com/category/image","https://usonlinetools.com/category/image","P1"
"https://usonlinetools.com/image/online-image-rotate-flip","Image Rotate & Flip","image","https://usonlinetools.com/image/online-image-resizer","https://usonlinetools.com/image/online-image-compressor","https://usonlinetools.com/image/online-image-cropper","https://usonlinetools.com/image/online-image-format-converter","Image Resizer","Image Compressor","Image Cropper","Image Format Converter","https://usonlinetools.com/category/image","https://usonlinetools.com/category/image","P1"
"https://usonlinetools.com/image/online-image-color-picker","Image Color Picker","image","https://usonlinetools.com/image/online-image-resizer","https://usonlinetools.com/image/online-image-compressor","https://usonlinetools.com/image/online-image-cropper","https://usonlinetools.com/image/online-image-format-converter","Image Resizer","Image Compressor","Image Cropper","Image Format Converter","https://usonlinetools.com/category/image","https://usonlinetools.com/category/image","P1"
"https://usonlinetools.com/image/online-image-watermark-tool","Image Watermark Tool","image","https://usonlinetools.com/image/online-image-resizer","https://usonlinetools.com/image/online-image-compressor","https://usonlinetools.com/image/online-image-cropper","https://usonlinetools.com/image/online-image-format-converter","Image Resizer","Image Compressor","Image Cropper","Image Format Converter","https://usonlinetools.com/category/image","https://usonlinetools.com/category/image","P1"
"https://usonlinetools.com/image/online-image-filter-editor","Image Filter Editor","image","https://usonlinetools.com/image/online-image-resizer","https://usonlinetools.com/image/online-image-compressor","https://usonlinetools.com/image/online-image-cropper","https://usonlinetools.com/image/online-image-format-converter","Image Resizer","Image Compressor","Image Cropper","Image Format Converter","https://usonlinetools.com/category/image","https://usonlinetools.com/category/image","P1"
"https://usonlinetools.com/image/online-image-to-png","Image to PNG Converter","image","https://usonlinetools.com/image/online-image-resizer","https://usonlinetools.com/image/online-image-compressor","https://usonlinetools.com/image/online-image-cropper","https://usonlinetools.com/image/online-image-format-converter","Image Resizer","Image Compressor","Image Cropper","Image Format Converter","https://usonlinetools.com/category/image","https://usonlinetools.com/category/image","P1"
"https://usonlinetools.com/image/online-image-to-jpg","Image to JPG Converter","image","https://usonlinetools.com/image/online-image-resizer","https://usonlinetools.com/image/online-image-compressor","https://usonlinetools.com/image/online-image-cropper","https://usonlinetools.com/image/online-image-format-converter","Image Resizer","Image Compressor","Image Cropper","Image Format Converter","https://usonlinetools.com/category/image","https://usonlinetools.com/category/image","P1"
"https://usonlinetools.com/image/online-png-to-webp","PNG to WebP Converter","image","https://usonlinetools.com/image/online-image-resizer","https://usonlinetools.com/image/online-image-compressor","https://usonlinetools.com/image/online-image-cropper","https://usonlinetools.com/image/online-image-format-converter","Image Resizer","Image Compressor","Image Cropper","Image Format Converter","https://usonlinetools.com/category/image","https://usonlinetools.com/category/image","P1"
"https://usonlinetools.com/image/online-svg-to-png","SVG to PNG Converter","image","https://usonlinetools.com/image/online-image-resizer","https://usonlinetools.com/image/online-image-compressor","https://usonlinetools.com/image/online-image-cropper","https://usonlinetools.com/image/online-image-format-converter","Image Resizer","Image Compressor","Image Cropper","Image Format Converter","https://usonlinetools.com/category/image","https://usonlinetools.com/category/image","P1"
"https://usonlinetools.com/image/online-image-background-remover","Background Remover","image","https://usonlinetools.com/image/online-image-resizer","https://usonlinetools.com/image/online-image-compressor","https://usonlinetools.com/image/online-image-cropper","https://usonlinetools.com/image/online-image-format-converter","Image Resizer","Image Compressor","Image Cropper","Image Format Converter","https://usonlinetools.com/category/image","https://usonlinetools.com/category/image","P1"
"https://usonlinetools.com/image/online-image-collage-maker","Image Collage Maker","image","https://usonlinetools.com/image/online-image-resizer","https://usonlinetools.com/image/online-image-compressor","https://usonlinetools.com/image/online-image-cropper","https://usonlinetools.com/image/online-image-format-converter","Image Resizer","Image Compressor","Image Cropper","Image Format Converter","https://usonlinetools.com/category/image","https://usonlinetools.com/category/image","P1"
"https://usonlinetools.com/image/online-qr-code-generator","QR Code Generator","image","https://usonlinetools.com/image/online-image-resizer","https://usonlinetools.com/image/online-image-compressor","https://usonlinetools.com/image/online-image-cropper","https://usonlinetools.com/image/online-image-format-converter","Image Resizer","Image Compressor","Image Cropper","Image Format Converter","https://usonlinetools.com/category/image","https://usonlinetools.com/category/image","P1"
"https://usonlinetools.com/image/online-meme-generator","Meme Generator","image","https://usonlinetools.com/image/online-image-resizer","https://usonlinetools.com/image/online-image-compressor","https://usonlinetools.com/image/online-image-cropper","https://usonlinetools.com/image/online-image-format-converter","Image Resizer","Image Compressor","Image Cropper","Image Format Converter","https://usonlinetools.com/category/image","https://usonlinetools.com/category/image","P1"
"https://usonlinetools.com/image/online-favicon-generator","Favicon Generator","image","https://usonlinetools.com/image/online-image-resizer","https://usonlinetools.com/image/online-image-compressor","https://usonlinetools.com/image/online-image-cropper","https://usonlinetools.com/image/online-image-format-converter","Image Resizer","Image Compressor","Image Cropper","Image Format Converter","https://usonlinetools.com/category/image","https://usonlinetools.com/category/image","P1"
"https://usonlinetools.com/image/online-image-pixel-counter","Image Pixel Counter","image","https://usonlinetools.com/image/online-image-resizer","https://usonlinetools.com/image/online-image-compressor","https://usonlinetools.com/image/online-image-cropper","https://usonlinetools.com/image/online-image-format-converter","Image Resizer","Image Compressor","Image Cropper","Image Format Converter","https://usonlinetools.com/category/image","https://usonlinetools.com/category/image","P1"
"https://usonlinetools.com/pdf/online-pdf-merge","PDF Merge","pdf","https://usonlinetools.com/pdf/online-pdf-split","https://usonlinetools.com/pdf/online-pdf-compress","https://usonlinetools.com/pdf/online-image-to-pdf","https://usonlinetools.com/pdf/online-pdf-to-image","PDF Split","PDF Compressor","Image to PDF Converter","PDF to Image Converter","https://usonlinetools.com/category/pdf","https://usonlinetools.com/category/pdf","P1"
"https://usonlinetools.com/pdf/online-pdf-split","PDF Split","pdf","https://usonlinetools.com/pdf/online-pdf-merge","https://usonlinetools.com/pdf/online-pdf-compress","https://usonlinetools.com/pdf/online-image-to-pdf","https://usonlinetools.com/pdf/online-pdf-to-image","PDF Merge","PDF Compressor","Image to PDF Converter","PDF to Image Converter","https://usonlinetools.com/category/pdf","https://usonlinetools.com/category/pdf","P1"
"https://usonlinetools.com/pdf/online-pdf-compress","PDF Compressor","pdf","https://usonlinetools.com/pdf/online-pdf-merge","https://usonlinetools.com/pdf/online-pdf-split","https://usonlinetools.com/pdf/online-image-to-pdf","https://usonlinetools.com/pdf/online-pdf-to-image","PDF Merge","PDF Split","Image to PDF Converter","PDF to Image Converter","https://usonlinetools.com/category/pdf","https://usonlinetools.com/category/pdf","P1"
"https://usonlinetools.com/pdf/online-image-to-pdf","Image to PDF Converter","pdf","https://usonlinetools.com/pdf/online-pdf-merge","https://usonlinetools.com/pdf/online-pdf-split","https://usonlinetools.com/pdf/online-pdf-compress","https://usonlinetools.com/pdf/online-pdf-to-image","PDF Merge","PDF Split","PDF Compressor","PDF to Image Converter","https://usonlinetools.com/category/pdf","https://usonlinetools.com/category/pdf","P1"
"https://usonlinetools.com/pdf/online-pdf-to-image","PDF to Image Converter","pdf","https://usonlinetools.com/pdf/online-pdf-merge","https://usonlinetools.com/pdf/online-pdf-split","https://usonlinetools.com/pdf/online-pdf-compress","https://usonlinetools.com/pdf/online-image-to-pdf","PDF Merge","PDF Split","PDF Compressor","Image to PDF Converter","https://usonlinetools.com/category/pdf","https://usonlinetools.com/category/pdf","P1"
"https://usonlinetools.com/pdf/online-pdf-rotate","PDF Page Rotator","pdf","https://usonlinetools.com/pdf/online-pdf-merge","https://usonlinetools.com/pdf/online-pdf-split","https://usonlinetools.com/pdf/online-pdf-compress","https://usonlinetools.com/pdf/online-image-to-pdf","PDF Merge","PDF Split","PDF Compressor","Image to PDF Converter","https://usonlinetools.com/category/pdf","https://usonlinetools.com/category/pdf","P1"
"https://usonlinetools.com/pdf/online-pdf-page-remover","PDF Page Remover","pdf","https://usonlinetools.com/pdf/online-pdf-merge","https://usonlinetools.com/pdf/online-pdf-split","https://usonlinetools.com/pdf/online-pdf-compress","https://usonlinetools.com/pdf/online-image-to-pdf","PDF Merge","PDF Split","PDF Compressor","Image to PDF Converter","https://usonlinetools.com/category/pdf","https://usonlinetools.com/category/pdf","P1"
"https://usonlinetools.com/pdf/online-pdf-page-reorder","PDF Page Reorder","pdf","https://usonlinetools.com/pdf/online-pdf-merge","https://usonlinetools.com/pdf/online-pdf-split","https://usonlinetools.com/pdf/online-pdf-compress","https://usonlinetools.com/pdf/online-image-to-pdf","PDF Merge","PDF Split","PDF Compressor","Image to PDF Converter","https://usonlinetools.com/category/pdf","https://usonlinetools.com/category/pdf","P1"
"https://usonlinetools.com/pdf/online-pdf-watermark","PDF Watermark Tool","pdf","https://usonlinetools.com/pdf/online-pdf-merge","https://usonlinetools.com/pdf/online-pdf-split","https://usonlinetools.com/pdf/online-pdf-compress","https://usonlinetools.com/pdf/online-image-to-pdf","PDF Merge","PDF Split","PDF Compressor","Image to PDF Converter","https://usonlinetools.com/category/pdf","https://usonlinetools.com/category/pdf","P1"
"https://usonlinetools.com/pdf/online-pdf-password-protect","PDF Password Protector","pdf","https://usonlinetools.com/pdf/online-pdf-merge","https://usonlinetools.com/pdf/online-pdf-split","https://usonlinetools.com/pdf/online-pdf-compress","https://usonlinetools.com/pdf/online-image-to-pdf","PDF Merge","PDF Split","PDF Compressor","Image to PDF Converter","https://usonlinetools.com/category/pdf","https://usonlinetools.com/category/pdf","P1"
"https://usonlinetools.com/pdf/online-pdf-unlock","PDF Unlock Tool","pdf","https://usonlinetools.com/pdf/online-pdf-merge","https://usonlinetools.com/pdf/online-pdf-split","https://usonlinetools.com/pdf/online-pdf-compress","https://usonlinetools.com/pdf/online-image-to-pdf","PDF Merge","PDF Split","PDF Compressor","Image to PDF Converter","https://usonlinetools.com/category/pdf","https://usonlinetools.com/category/pdf","P1"
"https://usonlinetools.com/pdf/online-pdf-to-text","PDF to Text Extractor","pdf","https://usonlinetools.com/pdf/online-pdf-merge","https://usonlinetools.com/pdf/online-pdf-split","https://usonlinetools.com/pdf/online-pdf-compress","https://usonlinetools.com/pdf/online-image-to-pdf","PDF Merge","PDF Split","PDF Compressor","Image to PDF Converter","https://usonlinetools.com/category/pdf","https://usonlinetools.com/category/pdf","P1"
"https://usonlinetools.com/pdf/online-pdf-page-number","PDF Page Number Adder","pdf","https://usonlinetools.com/pdf/online-pdf-merge","https://usonlinetools.com/pdf/online-pdf-split","https://usonlinetools.com/pdf/online-pdf-compress","https://usonlinetools.com/pdf/online-image-to-pdf","PDF Merge","PDF Split","PDF Compressor","Image to PDF Converter","https://usonlinetools.com/category/pdf","https://usonlinetools.com/category/pdf","P1"
"https://usonlinetools.com/pdf/online-pdf-header-footer","PDF Header & Footer","pdf","https://usonlinetools.com/pdf/online-pdf-merge","https://usonlinetools.com/pdf/online-pdf-split","https://usonlinetools.com/pdf/online-pdf-compress","https://usonlinetools.com/pdf/online-image-to-pdf","PDF Merge","PDF Split","PDF Compressor","Image to PDF Converter","https://usonlinetools.com/category/pdf","https://usonlinetools.com/category/pdf","P1"
"https://usonlinetools.com/pdf/online-jpg-to-pdf","JPG to PDF Converter","pdf","https://usonlinetools.com/pdf/online-pdf-merge","https://usonlinetools.com/pdf/online-pdf-split","https://usonlinetools.com/pdf/online-pdf-compress","https://usonlinetools.com/pdf/online-image-to-pdf","PDF Merge","PDF Split","PDF Compressor","Image to PDF Converter","https://usonlinetools.com/category/pdf","https://usonlinetools.com/category/pdf","P1"
"https://usonlinetools.com/pdf/online-pdf-sign","PDF Signature Tool","pdf","https://usonlinetools.com/pdf/online-pdf-merge","https://usonlinetools.com/pdf/online-pdf-split","https://usonlinetools.com/pdf/online-pdf-compress","https://usonlinetools.com/pdf/online-image-to-pdf","PDF Merge","PDF Split","PDF Compressor","Image to PDF Converter","https://usonlinetools.com/category/pdf","https://usonlinetools.com/category/pdf","P1"
"https://usonlinetools.com/developer/online-json-formatter","JSON Formatter & Beautifier","developer","https://usonlinetools.com/developer/online-json-validator","https://usonlinetools.com/developer/online-json-to-csv","https://usonlinetools.com/developer/csv-to-json-converter","https://usonlinetools.com/developer/json-minifier","JSON Validator","JSON to CSV Converter","CSV to JSON Converter","JSON Minifier","https://usonlinetools.com/category/developer","https://usonlinetools.com/category/developer","P1"
"https://usonlinetools.com/developer/online-json-validator","JSON Validator","developer","https://usonlinetools.com/developer/online-json-formatter","https://usonlinetools.com/developer/online-json-to-csv","https://usonlinetools.com/developer/csv-to-json-converter","https://usonlinetools.com/developer/json-minifier","JSON Formatter & Beautifier","JSON to CSV Converter","CSV to JSON Converter","JSON Minifier","https://usonlinetools.com/category/developer","https://usonlinetools.com/category/developer","P1"
"https://usonlinetools.com/developer/online-json-to-csv","JSON to CSV Converter","developer","https://usonlinetools.com/developer/online-json-formatter","https://usonlinetools.com/developer/online-json-validator","https://usonlinetools.com/developer/csv-to-json-converter","https://usonlinetools.com/developer/json-minifier","JSON Formatter & Beautifier","JSON Validator","CSV to JSON Converter","JSON Minifier","https://usonlinetools.com/category/developer","https://usonlinetools.com/category/developer","P1"
"https://usonlinetools.com/developer/csv-to-json-converter","CSV to JSON Converter","developer","https://usonlinetools.com/developer/online-json-formatter","https://usonlinetools.com/developer/online-json-validator","https://usonlinetools.com/developer/online-json-to-csv","https://usonlinetools.com/developer/json-minifier","JSON Formatter & Beautifier","JSON Validator","JSON to CSV Converter","JSON Minifier","https://usonlinetools.com/category/developer","https://usonlinetools.com/category/developer","P1"
"https://usonlinetools.com/developer/json-minifier","JSON Minifier","developer","https://usonlinetools.com/developer/online-json-formatter","https://usonlinetools.com/developer/online-json-validator","https://usonlinetools.com/developer/online-json-to-csv","https://usonlinetools.com/developer/csv-to-json-converter","JSON Formatter & Beautifier","JSON Validator","JSON to CSV Converter","CSV to JSON Converter","https://usonlinetools.com/category/developer","https://usonlinetools.com/category/developer","P1"
"https://usonlinetools.com/developer/online-html-formatter","HTML Formatter & Beautifier","developer","https://usonlinetools.com/developer/online-json-formatter","https://usonlinetools.com/developer/online-json-validator","https://usonlinetools.com/developer/online-json-to-csv","https://usonlinetools.com/developer/csv-to-json-converter","JSON Formatter & Beautifier","JSON Validator","JSON to CSV Converter","CSV to JSON Converter","https://usonlinetools.com/category/developer","https://usonlinetools.com/category/developer","P1"
"https://usonlinetools.com/developer/online-html-minifier","HTML Minifier","developer","https://usonlinetools.com/developer/online-json-formatter","https://usonlinetools.com/developer/online-json-validator","https://usonlinetools.com/developer/online-json-to-csv","https://usonlinetools.com/developer/csv-to-json-converter","JSON Formatter & Beautifier","JSON Validator","JSON to CSV Converter","CSV to JSON Converter","https://usonlinetools.com/category/developer","https://usonlinetools.com/category/developer","P1"
"https://usonlinetools.com/developer/online-css-minifier","CSS Minifier","developer","https://usonlinetools.com/developer/online-json-formatter","https://usonlinetools.com/developer/online-json-validator","https://usonlinetools.com/developer/online-json-to-csv","https://usonlinetools.com/developer/csv-to-json-converter","JSON Formatter & Beautifier","JSON Validator","JSON to CSV Converter","CSV to JSON Converter","https://usonlinetools.com/category/developer","https://usonlinetools.com/category/developer","P1"
"https://usonlinetools.com/developer/online-css-formatter","CSS Formatter & Beautifier","developer","https://usonlinetools.com/developer/online-json-formatter","https://usonlinetools.com/developer/online-json-validator","https://usonlinetools.com/developer/online-json-to-csv","https://usonlinetools.com/developer/csv-to-json-converter","JSON Formatter & Beautifier","JSON Validator","JSON to CSV Converter","CSV to JSON Converter","https://usonlinetools.com/category/developer","https://usonlinetools.com/category/developer","P1"
"https://usonlinetools.com/developer/online-javascript-minifier","JavaScript Minifier","developer","https://usonlinetools.com/developer/online-json-formatter","https://usonlinetools.com/developer/online-json-validator","https://usonlinetools.com/developer/online-json-to-csv","https://usonlinetools.com/developer/csv-to-json-converter","JSON Formatter & Beautifier","JSON Validator","JSON to CSV Converter","CSV to JSON Converter","https://usonlinetools.com/category/developer","https://usonlinetools.com/category/developer","P1"
"https://usonlinetools.com/developer/online-javascript-formatter","JavaScript Formatter","developer","https://usonlinetools.com/developer/online-json-formatter","https://usonlinetools.com/developer/online-json-validator","https://usonlinetools.com/developer/online-json-to-csv","https://usonlinetools.com/developer/csv-to-json-converter","JSON Formatter & Beautifier","JSON Validator","JSON to CSV Converter","CSV to JSON Converter","https://usonlinetools.com/category/developer","https://usonlinetools.com/category/developer","P1"
"https://usonlinetools.com/developer/online-regex-tester","Regex Tester","developer","https://usonlinetools.com/developer/online-json-formatter","https://usonlinetools.com/developer/online-json-validator","https://usonlinetools.com/developer/online-json-to-csv","https://usonlinetools.com/developer/csv-to-json-converter","JSON Formatter & Beautifier","JSON Validator","JSON to CSV Converter","CSV to JSON Converter","https://usonlinetools.com/category/developer","https://usonlinetools.com/category/developer","P1"
"https://usonlinetools.com/developer/url-encoder-decoder","URL Encoder & Decoder","developer","https://usonlinetools.com/developer/online-json-formatter","https://usonlinetools.com/developer/online-json-validator","https://usonlinetools.com/developer/online-json-to-csv","https://usonlinetools.com/developer/csv-to-json-converter","JSON Formatter & Beautifier","JSON Validator","JSON to CSV Converter","CSV to JSON Converter","https://usonlinetools.com/category/developer","https://usonlinetools.com/category/developer","P1"
"https://usonlinetools.com/developer/html-entity-encoder","HTML Entity Encoder & Decoder","developer","https://usonlinetools.com/developer/online-json-formatter","https://usonlinetools.com/developer/online-json-validator","https://usonlinetools.com/developer/online-json-to-csv","https://usonlinetools.com/developer/csv-to-json-converter","JSON Formatter & Beautifier","JSON Validator","JSON to CSV Converter","CSV to JSON Converter","https://usonlinetools.com/category/developer","https://usonlinetools.com/category/developer","P1"
"https://usonlinetools.com/developer/online-jwt-decoder","JWT Decoder","developer","https://usonlinetools.com/developer/online-json-formatter","https://usonlinetools.com/developer/online-json-validator","https://usonlinetools.com/developer/online-json-to-csv","https://usonlinetools.com/developer/csv-to-json-converter","JSON Formatter & Beautifier","JSON Validator","JSON to CSV Converter","CSV to JSON Converter","https://usonlinetools.com/category/developer","https://usonlinetools.com/category/developer","P1"
"https://usonlinetools.com/developer/xml-formatter","XML Formatter & Beautifier","developer","https://usonlinetools.com/developer/online-json-formatter","https://usonlinetools.com/developer/online-json-validator","https://usonlinetools.com/developer/online-json-to-csv","https://usonlinetools.com/developer/csv-to-json-converter","JSON Formatter & Beautifier","JSON Validator","JSON to CSV Converter","CSV to JSON Converter","https://usonlinetools.com/category/developer","https://usonlinetools.com/category/developer","P1"
"https://usonlinetools.com/developer/online-sql-formatter","SQL Formatter","developer","https://usonlinetools.com/developer/online-json-formatter","https://usonlinetools.com/developer/online-json-validator","https://usonlinetools.com/developer/online-json-to-csv","https://usonlinetools.com/developer/csv-to-json-converter","JSON Formatter & Beautifier","JSON Validator","JSON to CSV Converter","CSV to JSON Converter","https://usonlinetools.com/category/developer","https://usonlinetools.com/category/developer","P1"
"https://usonlinetools.com/developer/online-markdown-previewer","Markdown Previewer","developer","https://usonlinetools.com/developer/online-json-formatter","https://usonlinetools.com/developer/online-json-validator","https://usonlinetools.com/developer/online-json-to-csv","https://usonlinetools.com/developer/csv-to-json-converter","JSON Formatter & Beautifier","JSON Validator","JSON to CSV Converter","CSV to JSON Converter","https://usonlinetools.com/category/developer","https://usonlinetools.com/category/developer","P1"
"https://usonlinetools.com/developer/text-diff-checker","Text Diff Checker","developer","https://usonlinetools.com/developer/online-json-formatter","https://usonlinetools.com/developer/online-json-validator","https://usonlinetools.com/developer/online-json-to-csv","https://usonlinetools.com/developer/csv-to-json-converter","JSON Formatter & Beautifier","JSON Validator","JSON to CSV Converter","CSV to JSON Converter","https://usonlinetools.com/category/developer","https://usonlinetools.com/category/developer","P1"
"https://usonlinetools.com/developer/url-slug-generator","URL Slug Generator","developer","https://usonlinetools.com/developer/online-json-formatter","https://usonlinetools.com/developer/online-json-validator","https://usonlinetools.com/developer/online-json-to-csv","https://usonlinetools.com/developer/csv-to-json-converter","JSON Formatter & Beautifier","JSON Validator","JSON to CSV Converter","CSV to JSON Converter","https://usonlinetools.com/category/developer","https://usonlinetools.com/category/developer","P1"
"https://usonlinetools.com/developer/cron-expression-generator","Cron Expression Generator","developer","https://usonlinetools.com/developer/online-json-formatter","https://usonlinetools.com/developer/online-json-validator","https://usonlinetools.com/developer/online-json-to-csv","https://usonlinetools.com/developer/csv-to-json-converter","JSON Formatter & Beautifier","JSON Validator","JSON to CSV Converter","CSV to JSON Converter","https://usonlinetools.com/category/developer","https://usonlinetools.com/category/developer","P1"
"https://usonlinetools.com/developer/online-unix-timestamp-converter","Online Unix Timestamp Converter","developer","https://usonlinetools.com/developer/online-json-formatter","https://usonlinetools.com/developer/online-json-validator","https://usonlinetools.com/developer/online-json-to-csv","https://usonlinetools.com/developer/csv-to-json-converter","JSON Formatter & Beautifier","JSON Validator","JSON to CSV Converter","CSV to JSON Converter","https://usonlinetools.com/category/developer","https://usonlinetools.com/category/developer","P1"
"https://usonlinetools.com/developer/online-uuid-generator","Online UUID Generator","developer","https://usonlinetools.com/developer/online-json-formatter","https://usonlinetools.com/developer/online-json-validator","https://usonlinetools.com/developer/online-json-to-csv","https://usonlinetools.com/developer/csv-to-json-converter","JSON Formatter & Beautifier","JSON Validator","JSON to CSV Converter","CSV to JSON Converter","https://usonlinetools.com/category/developer","https://usonlinetools.com/category/developer","P1"
"https://usonlinetools.com/developer/online-lorem-ipsum-generator","Online Lorem Ipsum Generator","developer","https://usonlinetools.com/developer/online-json-formatter","https://usonlinetools.com/developer/online-json-validator","https://usonlinetools.com/developer/online-json-to-csv","https://usonlinetools.com/developer/csv-to-json-converter","JSON Formatter & Beautifier","JSON Validator","JSON to CSV Converter","CSV to JSON Converter","https://usonlinetools.com/category/developer","https://usonlinetools.com/category/developer","P1"
"https://usonlinetools.com/developer/color-code-converter","Color Code Converter","developer","https://usonlinetools.com/developer/online-json-formatter","https://usonlinetools.com/developer/online-json-validator","https://usonlinetools.com/developer/online-json-to-csv","https://usonlinetools.com/developer/csv-to-json-converter","JSON Formatter & Beautifier","JSON Validator","JSON to CSV Converter","CSV to JSON Converter","https://usonlinetools.com/category/developer","https://usonlinetools.com/category/developer","P1"
"https://usonlinetools.com/developer/online-hash-generator","Hash Generator (MD5, SHA)","developer","https://usonlinetools.com/developer/online-json-formatter","https://usonlinetools.com/developer/online-json-validator","https://usonlinetools.com/developer/online-json-to-csv","https://usonlinetools.com/developer/csv-to-json-converter","JSON Formatter & Beautifier","JSON Validator","JSON to CSV Converter","CSV to JSON Converter","https://usonlinetools.com/category/developer","https://usonlinetools.com/category/developer","P1"
"https://usonlinetools.com/developer/html-to-markdown","HTML to Markdown Converter","developer","https://usonlinetools.com/developer/online-json-formatter","https://usonlinetools.com/developer/online-json-validator","https://usonlinetools.com/developer/online-json-to-csv","https://usonlinetools.com/developer/csv-to-json-converter","JSON Formatter & Beautifier","JSON Validator","JSON to CSV Converter","CSV to JSON Converter","https://usonlinetools.com/category/developer","https://usonlinetools.com/category/developer","P1"
"https://usonlinetools.com/developer/markdown-to-html","Markdown to HTML Converter","developer","https://usonlinetools.com/developer/online-json-formatter","https://usonlinetools.com/developer/online-json-validator","https://usonlinetools.com/developer/online-json-to-csv","https://usonlinetools.com/developer/csv-to-json-converter","JSON Formatter & Beautifier","JSON Validator","JSON to CSV Converter","CSV to JSON Converter","https://usonlinetools.com/category/developer","https://usonlinetools.com/category/developer","P1"
"https://usonlinetools.com/developer/json-to-xml","JSON to XML Converter","developer","https://usonlinetools.com/developer/online-json-formatter","https://usonlinetools.com/developer/online-json-validator","https://usonlinetools.com/developer/online-json-to-csv","https://usonlinetools.com/developer/csv-to-json-converter","JSON Formatter & Beautifier","JSON Validator","JSON to CSV Converter","CSV to JSON Converter","https://usonlinetools.com/category/developer","https://usonlinetools.com/category/developer","P1"
"https://usonlinetools.com/developer/yaml-to-json","YAML to JSON Converter","developer","https://usonlinetools.com/developer/online-json-formatter","https://usonlinetools.com/developer/online-json-validator","https://usonlinetools.com/developer/online-json-to-csv","https://usonlinetools.com/developer/csv-to-json-converter","JSON Formatter & Beautifier","JSON Validator","JSON to CSV Converter","CSV to JSON Converter","https://usonlinetools.com/category/developer","https://usonlinetools.com/category/developer","P1"
"https://usonlinetools.com/developer/string-escape-unescape","String Escape & Unescape","developer","https://usonlinetools.com/developer/online-json-formatter","https://usonlinetools.com/developer/online-json-validator","https://usonlinetools.com/developer/online-json-to-csv","https://usonlinetools.com/developer/csv-to-json-converter","JSON Formatter & Beautifier","JSON Validator","JSON to CSV Converter","CSV to JSON Converter","https://usonlinetools.com/category/developer","https://usonlinetools.com/category/developer","P1"
"https://usonlinetools.com/developer/online-json-path-tester","JSONPath Tester","developer","https://usonlinetools.com/developer/online-json-formatter","https://usonlinetools.com/developer/online-json-validator","https://usonlinetools.com/developer/online-json-to-csv","https://usonlinetools.com/developer/csv-to-json-converter","JSON Formatter & Beautifier","JSON Validator","JSON to CSV Converter","CSV to JSON Converter","https://usonlinetools.com/category/developer","https://usonlinetools.com/category/developer","P1"
"https://usonlinetools.com/developer/text-to-binary-converter","Text to Binary Converter","developer","https://usonlinetools.com/developer/online-json-formatter","https://usonlinetools.com/developer/online-json-validator","https://usonlinetools.com/developer/online-json-to-csv","https://usonlinetools.com/developer/csv-to-json-converter","JSON Formatter & Beautifier","JSON Validator","JSON to CSV Converter","CSV to JSON Converter","https://usonlinetools.com/category/developer","https://usonlinetools.com/category/developer","P1"
"https://usonlinetools.com/css-design/css-gradient-generator","CSS Gradient Generator","css-design","https://usonlinetools.com/css-design/css-box-shadow-generator","https://usonlinetools.com/css-design/css-text-shadow-generator","https://usonlinetools.com/css-design/css-border-radius-generator","https://usonlinetools.com/css-design/css-flexbox-generator","CSS Box Shadow Generator","CSS Text Shadow Generator","CSS Border Radius Generator","CSS Flexbox Generator","https://usonlinetools.com/category/css-design","https://usonlinetools.com/category/css-design","P1"
"https://usonlinetools.com/css-design/css-box-shadow-generator","CSS Box Shadow Generator","css-design","https://usonlinetools.com/css-design/css-gradient-generator","https://usonlinetools.com/css-design/css-text-shadow-generator","https://usonlinetools.com/css-design/css-border-radius-generator","https://usonlinetools.com/css-design/css-flexbox-generator","CSS Gradient Generator","CSS Text Shadow Generator","CSS Border Radius Generator","CSS Flexbox Generator","https://usonlinetools.com/category/css-design","https://usonlinetools.com/category/css-design","P1"
"https://usonlinetools.com/css-design/css-text-shadow-generator","CSS Text Shadow Generator","css-design","https://usonlinetools.com/css-design/css-gradient-generator","https://usonlinetools.com/css-design/css-box-shadow-generator","https://usonlinetools.com/css-design/css-border-radius-generator","https://usonlinetools.com/css-design/css-flexbox-generator","CSS Gradient Generator","CSS Box Shadow Generator","CSS Border Radius Generator","CSS Flexbox Generator","https://usonlinetools.com/category/css-design","https://usonlinetools.com/category/css-design","P1"
"https://usonlinetools.com/css-design/css-border-radius-generator","CSS Border Radius Generator","css-design","https://usonlinetools.com/css-design/css-gradient-generator","https://usonlinetools.com/css-design/css-box-shadow-generator","https://usonlinetools.com/css-design/css-text-shadow-generator","https://usonlinetools.com/css-design/css-flexbox-generator","CSS Gradient Generator","CSS Box Shadow Generator","CSS Text Shadow Generator","CSS Flexbox Generator","https://usonlinetools.com/category/css-design","https://usonlinetools.com/category/css-design","P1"
"https://usonlinetools.com/css-design/css-flexbox-generator","CSS Flexbox Generator","css-design","https://usonlinetools.com/css-design/css-gradient-generator","https://usonlinetools.com/css-design/css-box-shadow-generator","https://usonlinetools.com/css-design/css-text-shadow-generator","https://usonlinetools.com/css-design/css-border-radius-generator","CSS Gradient Generator","CSS Box Shadow Generator","CSS Text Shadow Generator","CSS Border Radius Generator","https://usonlinetools.com/category/css-design","https://usonlinetools.com/category/css-design","P1"
"https://usonlinetools.com/css-design/css-grid-generator","CSS Grid Generator","css-design","https://usonlinetools.com/css-design/css-gradient-generator","https://usonlinetools.com/css-design/css-box-shadow-generator","https://usonlinetools.com/css-design/css-text-shadow-generator","https://usonlinetools.com/css-design/css-border-radius-generator","CSS Gradient Generator","CSS Box Shadow Generator","CSS Text Shadow Generator","CSS Border Radius Generator","https://usonlinetools.com/category/css-design","https://usonlinetools.com/category/css-design","P1"
"https://usonlinetools.com/css-design/css-animation-generator","CSS Animation Generator","css-design","https://usonlinetools.com/css-design/css-gradient-generator","https://usonlinetools.com/css-design/css-box-shadow-generator","https://usonlinetools.com/css-design/css-text-shadow-generator","https://usonlinetools.com/css-design/css-border-radius-generator","CSS Gradient Generator","CSS Box Shadow Generator","CSS Text Shadow Generator","CSS Border Radius Generator","https://usonlinetools.com/category/css-design","https://usonlinetools.com/category/css-design","P1"
"https://usonlinetools.com/css-design/css-clip-path-generator","CSS Clip-Path Generator","css-design","https://usonlinetools.com/css-design/css-gradient-generator","https://usonlinetools.com/css-design/css-box-shadow-generator","https://usonlinetools.com/css-design/css-text-shadow-generator","https://usonlinetools.com/css-design/css-border-radius-generator","CSS Gradient Generator","CSS Box Shadow Generator","CSS Text Shadow Generator","CSS Border Radius Generator","https://usonlinetools.com/category/css-design","https://usonlinetools.com/category/css-design","P1"
"https://usonlinetools.com/css-design/css-filter-generator","CSS Filter Generator","css-design","https://usonlinetools.com/css-design/css-gradient-generator","https://usonlinetools.com/css-design/css-box-shadow-generator","https://usonlinetools.com/css-design/css-text-shadow-generator","https://usonlinetools.com/css-design/css-border-radius-generator","CSS Gradient Generator","CSS Box Shadow Generator","CSS Text Shadow Generator","CSS Border Radius Generator","https://usonlinetools.com/category/css-design","https://usonlinetools.com/category/css-design","P1"
"https://usonlinetools.com/css-design/color-palette-generator","Color Palette Generator","css-design","https://usonlinetools.com/css-design/css-gradient-generator","https://usonlinetools.com/css-design/css-box-shadow-generator","https://usonlinetools.com/css-design/css-text-shadow-generator","https://usonlinetools.com/css-design/css-border-radius-generator","CSS Gradient Generator","CSS Box Shadow Generator","CSS Text Shadow Generator","CSS Border Radius Generator","https://usonlinetools.com/category/css-design","https://usonlinetools.com/category/css-design","P1"
"https://usonlinetools.com/css-design/color-contrast-checker","Color Contrast Checker","css-design","https://usonlinetools.com/css-design/css-gradient-generator","https://usonlinetools.com/css-design/css-box-shadow-generator","https://usonlinetools.com/css-design/css-text-shadow-generator","https://usonlinetools.com/css-design/css-border-radius-generator","CSS Gradient Generator","CSS Box Shadow Generator","CSS Text Shadow Generator","CSS Border Radius Generator","https://usonlinetools.com/category/css-design","https://usonlinetools.com/category/css-design","P1"
"https://usonlinetools.com/css-design/color-picker-tool","Color Picker","css-design","https://usonlinetools.com/css-design/css-gradient-generator","https://usonlinetools.com/css-design/css-box-shadow-generator","https://usonlinetools.com/css-design/css-text-shadow-generator","https://usonlinetools.com/css-design/css-border-radius-generator","CSS Gradient Generator","CSS Box Shadow Generator","CSS Text Shadow Generator","CSS Border Radius Generator","https://usonlinetools.com/category/css-design","https://usonlinetools.com/category/css-design","P1"
"https://usonlinetools.com/css-design/hex-to-rgb-converter","HEX to RGB Converter","css-design","https://usonlinetools.com/css-design/css-gradient-generator","https://usonlinetools.com/css-design/css-box-shadow-generator","https://usonlinetools.com/css-design/css-text-shadow-generator","https://usonlinetools.com/css-design/css-border-radius-generator","CSS Gradient Generator","CSS Box Shadow Generator","CSS Text Shadow Generator","CSS Border Radius Generator","https://usonlinetools.com/category/css-design","https://usonlinetools.com/category/css-design","P1"
"https://usonlinetools.com/css-design/rgb-to-hex-converter","RGB to HEX Converter","css-design","https://usonlinetools.com/css-design/css-gradient-generator","https://usonlinetools.com/css-design/css-box-shadow-generator","https://usonlinetools.com/css-design/css-text-shadow-generator","https://usonlinetools.com/css-design/css-border-radius-generator","CSS Gradient Generator","CSS Box Shadow Generator","CSS Text Shadow Generator","CSS Border Radius Generator","https://usonlinetools.com/category/css-design","https://usonlinetools.com/category/css-design","P1"
"https://usonlinetools.com/css-design/tailwind-color-generator","Tailwind CSS Color Generator","css-design","https://usonlinetools.com/css-design/css-gradient-generator","https://usonlinetools.com/css-design/css-box-shadow-generator","https://usonlinetools.com/css-design/css-text-shadow-generator","https://usonlinetools.com/css-design/css-border-radius-generator","CSS Gradient Generator","CSS Box Shadow Generator","CSS Text Shadow Generator","CSS Border Radius Generator","https://usonlinetools.com/category/css-design","https://usonlinetools.com/category/css-design","P1"
"https://usonlinetools.com/css-design/glassmorphism-generator","Glassmorphism Generator","css-design","https://usonlinetools.com/css-design/css-gradient-generator","https://usonlinetools.com/css-design/css-box-shadow-generator","https://usonlinetools.com/css-design/css-text-shadow-generator","https://usonlinetools.com/css-design/css-border-radius-generator","CSS Gradient Generator","CSS Box Shadow Generator","CSS Text Shadow Generator","CSS Border Radius Generator","https://usonlinetools.com/category/css-design","https://usonlinetools.com/category/css-design","P1"
"https://usonlinetools.com/css-design/neumorphism-generator","Neumorphism Generator","css-design","https://usonlinetools.com/css-design/css-gradient-generator","https://usonlinetools.com/css-design/css-box-shadow-generator","https://usonlinetools.com/css-design/css-text-shadow-generator","https://usonlinetools.com/css-design/css-border-radius-generator","CSS Gradient Generator","CSS Box Shadow Generator","CSS Text Shadow Generator","CSS Border Radius Generator","https://usonlinetools.com/category/css-design","https://usonlinetools.com/category/css-design","P1"
"https://usonlinetools.com/css-design/css-triangle-generator","CSS Triangle Generator","css-design","https://usonlinetools.com/css-design/css-gradient-generator","https://usonlinetools.com/css-design/css-box-shadow-generator","https://usonlinetools.com/css-design/css-text-shadow-generator","https://usonlinetools.com/css-design/css-border-radius-generator","CSS Gradient Generator","CSS Box Shadow Generator","CSS Text Shadow Generator","CSS Border Radius Generator","https://usonlinetools.com/category/css-design","https://usonlinetools.com/category/css-design","P1"
"https://usonlinetools.com/seo/meta-tag-generator","Meta Tag Generator","seo","https://usonlinetools.com/seo/open-graph-generator","https://usonlinetools.com/seo/twitter-card-generator","https://usonlinetools.com/seo/online-robots-txt-generator","https://usonlinetools.com/seo/online-sitemap-generator","Open Graph Tag Generator","Twitter Card Generator","Robots.txt Generator","XML Sitemap Generator","https://usonlinetools.com/category/seo","https://usonlinetools.com/category/seo","P1"
"https://usonlinetools.com/seo/open-graph-generator","Open Graph Tag Generator","seo","https://usonlinetools.com/seo/meta-tag-generator","https://usonlinetools.com/seo/twitter-card-generator","https://usonlinetools.com/seo/online-robots-txt-generator","https://usonlinetools.com/seo/online-sitemap-generator","Meta Tag Generator","Twitter Card Generator","Robots.txt Generator","XML Sitemap Generator","https://usonlinetools.com/category/seo","https://usonlinetools.com/category/seo","P1"
"https://usonlinetools.com/seo/twitter-card-generator","Twitter Card Generator","seo","https://usonlinetools.com/seo/meta-tag-generator","https://usonlinetools.com/seo/open-graph-generator","https://usonlinetools.com/seo/online-robots-txt-generator","https://usonlinetools.com/seo/online-sitemap-generator","Meta Tag Generator","Open Graph Tag Generator","Robots.txt Generator","XML Sitemap Generator","https://usonlinetools.com/category/seo","https://usonlinetools.com/category/seo","P1"
"https://usonlinetools.com/seo/online-robots-txt-generator","Robots.txt Generator","seo","https://usonlinetools.com/seo/meta-tag-generator","https://usonlinetools.com/seo/open-graph-generator","https://usonlinetools.com/seo/twitter-card-generator","https://usonlinetools.com/seo/online-sitemap-generator","Meta Tag Generator","Open Graph Tag Generator","Twitter Card Generator","XML Sitemap Generator","https://usonlinetools.com/category/seo","https://usonlinetools.com/category/seo","P1"
"https://usonlinetools.com/seo/online-sitemap-generator","XML Sitemap Generator","seo","https://usonlinetools.com/seo/meta-tag-generator","https://usonlinetools.com/seo/open-graph-generator","https://usonlinetools.com/seo/twitter-card-generator","https://usonlinetools.com/seo/online-robots-txt-generator","Meta Tag Generator","Open Graph Tag Generator","Twitter Card Generator","Robots.txt Generator","https://usonlinetools.com/category/seo","https://usonlinetools.com/category/seo","P1"
"https://usonlinetools.com/seo/online-keyword-density-checker","Keyword Density Checker","seo","https://usonlinetools.com/seo/meta-tag-generator","https://usonlinetools.com/seo/open-graph-generator","https://usonlinetools.com/seo/twitter-card-generator","https://usonlinetools.com/seo/online-robots-txt-generator","Meta Tag Generator","Open Graph Tag Generator","Twitter Card Generator","Robots.txt Generator","https://usonlinetools.com/category/seo","https://usonlinetools.com/category/seo","P1"
"https://usonlinetools.com/seo/serp-preview-tool","Google SERP Preview","seo","https://usonlinetools.com/seo/meta-tag-generator","https://usonlinetools.com/seo/open-graph-generator","https://usonlinetools.com/seo/twitter-card-generator","https://usonlinetools.com/seo/online-robots-txt-generator","Meta Tag Generator","Open Graph Tag Generator","Twitter Card Generator","Robots.txt Generator","https://usonlinetools.com/category/seo","https://usonlinetools.com/category/seo","P1"
"https://usonlinetools.com/seo/schema-markup-generator","Schema Markup Generator","seo","https://usonlinetools.com/seo/meta-tag-generator","https://usonlinetools.com/seo/open-graph-generator","https://usonlinetools.com/seo/twitter-card-generator","https://usonlinetools.com/seo/online-robots-txt-generator","Meta Tag Generator","Open Graph Tag Generator","Twitter Card Generator","Robots.txt Generator","https://usonlinetools.com/category/seo","https://usonlinetools.com/category/seo","P1"
"https://usonlinetools.com/seo/canonical-tag-generator","Canonical Tag Generator","seo","https://usonlinetools.com/seo/meta-tag-generator","https://usonlinetools.com/seo/open-graph-generator","https://usonlinetools.com/seo/twitter-card-generator","https://usonlinetools.com/seo/online-robots-txt-generator","Meta Tag Generator","Open Graph Tag Generator","Twitter Card Generator","Robots.txt Generator","https://usonlinetools.com/category/seo","https://usonlinetools.com/category/seo","P1"
"https://usonlinetools.com/seo/htaccess-redirect-generator",".htaccess Redirect Generator","seo","https://usonlinetools.com/seo/meta-tag-generator","https://usonlinetools.com/seo/open-graph-generator","https://usonlinetools.com/seo/twitter-card-generator","https://usonlinetools.com/seo/online-robots-txt-generator","Meta Tag Generator","Open Graph Tag Generator","Twitter Card Generator","Robots.txt Generator","https://usonlinetools.com/category/seo","https://usonlinetools.com/category/seo","P1"
"https://usonlinetools.com/seo/online-readability-checker","Readability Score Checker","seo","https://usonlinetools.com/seo/meta-tag-generator","https://usonlinetools.com/seo/open-graph-generator","https://usonlinetools.com/seo/twitter-card-generator","https://usonlinetools.com/seo/online-robots-txt-generator","Meta Tag Generator","Open Graph Tag Generator","Twitter Card Generator","Robots.txt Generator","https://usonlinetools.com/category/seo","https://usonlinetools.com/category/seo","P1"
"https://usonlinetools.com/seo/online-heading-tag-checker","HTML Heading Tag Checker","seo","https://usonlinetools.com/seo/meta-tag-generator","https://usonlinetools.com/seo/open-graph-generator","https://usonlinetools.com/seo/twitter-card-generator","https://usonlinetools.com/seo/online-robots-txt-generator","Meta Tag Generator","Open Graph Tag Generator","Twitter Card Generator","Robots.txt Generator","https://usonlinetools.com/category/seo","https://usonlinetools.com/category/seo","P1"
"https://usonlinetools.com/seo/favicon-checker","Favicon Code Generator","seo","https://usonlinetools.com/seo/meta-tag-generator","https://usonlinetools.com/seo/open-graph-generator","https://usonlinetools.com/seo/twitter-card-generator","https://usonlinetools.com/seo/online-robots-txt-generator","Meta Tag Generator","Open Graph Tag Generator","Twitter Card Generator","Robots.txt Generator","https://usonlinetools.com/category/seo","https://usonlinetools.com/category/seo","P1"
"https://usonlinetools.com/security/online-password-generator","Password Generator","security","https://usonlinetools.com/security/password-strength-checker","https://usonlinetools.com/security/md5-hash-generator","https://usonlinetools.com/security/sha256-hash-generator","https://usonlinetools.com/security/sha1-hash-generator","Password Strength Checker","MD5 Hash Generator","SHA-256 Hash Generator","SHA-1 Hash Generator","https://usonlinetools.com/category/security","https://usonlinetools.com/category/security","P1"
"https://usonlinetools.com/security/password-strength-checker","Password Strength Checker","security","https://usonlinetools.com/security/online-password-generator","https://usonlinetools.com/security/md5-hash-generator","https://usonlinetools.com/security/sha256-hash-generator","https://usonlinetools.com/security/sha1-hash-generator","Password Generator","MD5 Hash Generator","SHA-256 Hash Generator","SHA-1 Hash Generator","https://usonlinetools.com/category/security","https://usonlinetools.com/category/security","P1"
"https://usonlinetools.com/security/md5-hash-generator","MD5 Hash Generator","security","https://usonlinetools.com/security/online-password-generator","https://usonlinetools.com/security/password-strength-checker","https://usonlinetools.com/security/sha256-hash-generator","https://usonlinetools.com/security/sha1-hash-generator","Password Generator","Password Strength Checker","SHA-256 Hash Generator","SHA-1 Hash Generator","https://usonlinetools.com/category/security","https://usonlinetools.com/category/security","P1"
"https://usonlinetools.com/security/sha256-hash-generator","SHA-256 Hash Generator","security","https://usonlinetools.com/security/online-password-generator","https://usonlinetools.com/security/password-strength-checker","https://usonlinetools.com/security/md5-hash-generator","https://usonlinetools.com/security/sha1-hash-generator","Password Generator","Password Strength Checker","MD5 Hash Generator","SHA-1 Hash Generator","https://usonlinetools.com/category/security","https://usonlinetools.com/category/security","P1"
"https://usonlinetools.com/security/sha1-hash-generator","SHA-1 Hash Generator","security","https://usonlinetools.com/security/online-password-generator","https://usonlinetools.com/security/password-strength-checker","https://usonlinetools.com/security/md5-hash-generator","https://usonlinetools.com/security/sha256-hash-generator","Password Generator","Password Strength Checker","MD5 Hash Generator","SHA-256 Hash Generator","https://usonlinetools.com/category/security","https://usonlinetools.com/category/security","P1"
"https://usonlinetools.com/security/sha512-hash-generator","SHA-512 Hash Generator","security","https://usonlinetools.com/security/online-password-generator","https://usonlinetools.com/security/password-strength-checker","https://usonlinetools.com/security/md5-hash-generator","https://usonlinetools.com/security/sha256-hash-generator","Password Generator","Password Strength Checker","MD5 Hash Generator","SHA-256 Hash Generator","https://usonlinetools.com/category/security","https://usonlinetools.com/category/security","P1"
"https://usonlinetools.com/security/online-bcrypt-hash-generator","Bcrypt Hash Generator","security","https://usonlinetools.com/security/online-password-generator","https://usonlinetools.com/security/password-strength-checker","https://usonlinetools.com/security/md5-hash-generator","https://usonlinetools.com/security/sha256-hash-generator","Password Generator","Password Strength Checker","MD5 Hash Generator","SHA-256 Hash Generator","https://usonlinetools.com/category/security","https://usonlinetools.com/category/security","P1"
"https://usonlinetools.com/security/online-aes-encrypt-decrypt","AES Encrypt & Decrypt","security","https://usonlinetools.com/security/online-password-generator","https://usonlinetools.com/security/password-strength-checker","https://usonlinetools.com/security/md5-hash-generator","https://usonlinetools.com/security/sha256-hash-generator","Password Generator","Password Strength Checker","MD5 Hash Generator","SHA-256 Hash Generator","https://usonlinetools.com/category/security","https://usonlinetools.com/category/security","P1"
"https://usonlinetools.com/security/rsa-key-generator","RSA Key Pair Generator","security","https://usonlinetools.com/security/online-password-generator","https://usonlinetools.com/security/password-strength-checker","https://usonlinetools.com/security/md5-hash-generator","https://usonlinetools.com/security/sha256-hash-generator","Password Generator","Password Strength Checker","MD5 Hash Generator","SHA-256 Hash Generator","https://usonlinetools.com/category/security","https://usonlinetools.com/category/security","P1"
"https://usonlinetools.com/security/hmac-generator","HMAC Generator","security","https://usonlinetools.com/security/online-password-generator","https://usonlinetools.com/security/password-strength-checker","https://usonlinetools.com/security/md5-hash-generator","https://usonlinetools.com/security/sha256-hash-generator","Password Generator","Password Strength Checker","MD5 Hash Generator","SHA-256 Hash Generator","https://usonlinetools.com/category/security","https://usonlinetools.com/category/security","P1"
"https://usonlinetools.com/security/random-string-generator","Random String Generator","security","https://usonlinetools.com/security/online-password-generator","https://usonlinetools.com/security/password-strength-checker","https://usonlinetools.com/security/md5-hash-generator","https://usonlinetools.com/security/sha256-hash-generator","Password Generator","Password Strength Checker","MD5 Hash Generator","SHA-256 Hash Generator","https://usonlinetools.com/category/security","https://usonlinetools.com/category/security","P1"
"https://usonlinetools.com/security/encryption-decoder","Caesar Cipher Tool","security","https://usonlinetools.com/security/online-password-generator","https://usonlinetools.com/security/password-strength-checker","https://usonlinetools.com/security/md5-hash-generator","https://usonlinetools.com/security/sha256-hash-generator","Password Generator","Password Strength Checker","MD5 Hash Generator","SHA-256 Hash Generator","https://usonlinetools.com/category/security","https://usonlinetools.com/category/security","P1"
"https://usonlinetools.com/security/binary-to-text","Binary to Text Converter","security","https://usonlinetools.com/security/online-password-generator","https://usonlinetools.com/security/password-strength-checker","https://usonlinetools.com/security/md5-hash-generator","https://usonlinetools.com/security/sha256-hash-generator","Password Generator","Password Strength Checker","MD5 Hash Generator","SHA-256 Hash Generator","https://usonlinetools.com/category/security","https://usonlinetools.com/category/security","P1"
"https://usonlinetools.com/security/hex-to-text","Hex to Text Converter","security","https://usonlinetools.com/security/online-password-generator","https://usonlinetools.com/security/password-strength-checker","https://usonlinetools.com/security/md5-hash-generator","https://usonlinetools.com/security/sha256-hash-generator","Password Generator","Password Strength Checker","MD5 Hash Generator","SHA-256 Hash Generator","https://usonlinetools.com/category/security","https://usonlinetools.com/category/security","P1"
"https://usonlinetools.com/security/online-morse-code-translator","Morse Code Translator","security","https://usonlinetools.com/security/online-password-generator","https://usonlinetools.com/security/password-strength-checker","https://usonlinetools.com/security/md5-hash-generator","https://usonlinetools.com/security/sha256-hash-generator","Password Generator","Password Strength Checker","MD5 Hash Generator","SHA-256 Hash Generator","https://usonlinetools.com/category/security","https://usonlinetools.com/category/security","P1"
"https://usonlinetools.com/social-media/twitter-character-counter","Twitter/X Character Counter","social-media","https://usonlinetools.com/social-media/online-instagram-caption-counter","https://usonlinetools.com/social-media/online-social-media-image-resizer","https://usonlinetools.com/social-media/youtube-thumbnail-checker","https://usonlinetools.com/social-media/emoji-picker-and-copier","Instagram Caption Counter","Social Media Image Resizer","YouTube Thumbnail Checker","Emoji Picker & Copier","https://usonlinetools.com/category/social-media","https://usonlinetools.com/category/social-media","P2"
"https://usonlinetools.com/social-media/online-instagram-caption-counter","Instagram Caption Counter","social-media","https://usonlinetools.com/social-media/twitter-character-counter","https://usonlinetools.com/social-media/online-social-media-image-resizer","https://usonlinetools.com/social-media/youtube-thumbnail-checker","https://usonlinetools.com/social-media/emoji-picker-and-copier","Twitter/X Character Counter","Social Media Image Resizer","YouTube Thumbnail Checker","Emoji Picker & Copier","https://usonlinetools.com/category/social-media","https://usonlinetools.com/category/social-media","P2"
"https://usonlinetools.com/social-media/online-social-media-image-resizer","Social Media Image Resizer","social-media","https://usonlinetools.com/social-media/twitter-character-counter","https://usonlinetools.com/social-media/online-instagram-caption-counter","https://usonlinetools.com/social-media/youtube-thumbnail-checker","https://usonlinetools.com/social-media/emoji-picker-and-copier","Twitter/X Character Counter","Instagram Caption Counter","YouTube Thumbnail Checker","Emoji Picker & Copier","https://usonlinetools.com/category/social-media","https://usonlinetools.com/category/social-media","P2"
"https://usonlinetools.com/social-media/youtube-thumbnail-checker","YouTube Thumbnail Checker","social-media","https://usonlinetools.com/social-media/twitter-character-counter","https://usonlinetools.com/social-media/online-instagram-caption-counter","https://usonlinetools.com/social-media/online-social-media-image-resizer","https://usonlinetools.com/social-media/emoji-picker-and-copier","Twitter/X Character Counter","Instagram Caption Counter","Social Media Image Resizer","Emoji Picker & Copier","https://usonlinetools.com/category/social-media","https://usonlinetools.com/category/social-media","P2"
"https://usonlinetools.com/social-media/emoji-picker-and-copier","Emoji Picker & Copier","social-media","https://usonlinetools.com/social-media/twitter-character-counter","https://usonlinetools.com/social-media/online-instagram-caption-counter","https://usonlinetools.com/social-media/online-social-media-image-resizer","https://usonlinetools.com/social-media/youtube-thumbnail-checker","Twitter/X Character Counter","Instagram Caption Counter","Social Media Image Resizer","YouTube Thumbnail Checker","https://usonlinetools.com/category/social-media","https://usonlinetools.com/category/social-media","P2"
"https://usonlinetools.com/social-media/text-to-emoji-converter","Text to Emoji Converter","social-media","https://usonlinetools.com/social-media/twitter-character-counter","https://usonlinetools.com/social-media/online-instagram-caption-counter","https://usonlinetools.com/social-media/online-social-media-image-resizer","https://usonlinetools.com/social-media/youtube-thumbnail-checker","Twitter/X Character Counter","Instagram Caption Counter","Social Media Image Resizer","YouTube Thumbnail Checker","https://usonlinetools.com/category/social-media","https://usonlinetools.com/category/social-media","P2"
"https://usonlinetools.com/social-media/online-linkedin-post-formatter","LinkedIn Post Formatter","social-media","https://usonlinetools.com/social-media/twitter-character-counter","https://usonlinetools.com/social-media/online-instagram-caption-counter","https://usonlinetools.com/social-media/online-social-media-image-resizer","https://usonlinetools.com/social-media/youtube-thumbnail-checker","Twitter/X Character Counter","Instagram Caption Counter","Social Media Image Resizer","YouTube Thumbnail Checker","https://usonlinetools.com/category/social-media","https://usonlinetools.com/category/social-media","P2"
"https://usonlinetools.com/social-media/social-media-bio-generator","Social Media Bio Generator","social-media","https://usonlinetools.com/social-media/twitter-character-counter","https://usonlinetools.com/social-media/online-instagram-caption-counter","https://usonlinetools.com/social-media/online-social-media-image-resizer","https://usonlinetools.com/social-media/youtube-thumbnail-checker","Twitter/X Character Counter","Instagram Caption Counter","Social Media Image Resizer","YouTube Thumbnail Checker","https://usonlinetools.com/category/social-media","https://usonlinetools.com/category/social-media","P2"
"https://usonlinetools.com/social-media/unicode-text-converter","Unicode Text Converter","social-media","https://usonlinetools.com/social-media/twitter-character-counter","https://usonlinetools.com/social-media/online-instagram-caption-counter","https://usonlinetools.com/social-media/online-social-media-image-resizer","https://usonlinetools.com/social-media/youtube-thumbnail-checker","Twitter/X Character Counter","Instagram Caption Counter","Social Media Image Resizer","YouTube Thumbnail Checker","https://usonlinetools.com/category/social-media","https://usonlinetools.com/category/social-media","P2"
"https://usonlinetools.com/social-media/tiktok-character-counter","TikTok Caption Counter","social-media","https://usonlinetools.com/social-media/twitter-character-counter","https://usonlinetools.com/social-media/online-instagram-caption-counter","https://usonlinetools.com/social-media/online-social-media-image-resizer","https://usonlinetools.com/social-media/youtube-thumbnail-checker","Twitter/X Character Counter","Instagram Caption Counter","Social Media Image Resizer","YouTube Thumbnail Checker","https://usonlinetools.com/category/social-media","https://usonlinetools.com/category/social-media","P2"
"https://usonlinetools.com/social-media/online-social-post-scheduler-planner","Social Post Planner","social-media","https://usonlinetools.com/social-media/twitter-character-counter","https://usonlinetools.com/social-media/online-instagram-caption-counter","https://usonlinetools.com/social-media/online-social-media-image-resizer","https://usonlinetools.com/social-media/youtube-thumbnail-checker","Twitter/X Character Counter","Instagram Caption Counter","Social Media Image Resizer","YouTube Thumbnail Checker","https://usonlinetools.com/category/social-media","https://usonlinetools.com/category/social-media","P2"
