"canonical_url","tool_name","category","category_id","language","country_target","current_title","current_meta_description","current_h1","word_count","has_formula","has_examples","has_faq","has_schema","gsc_impressions_baseline","gsc_clicks_baseline","gsc_avg_position_baseline","http_status","mobile_friendly","execution_speed"
"https://usonlinetools.com/math/percentage-calculator","Percentage Calculator","Math & Calculators","math","en","US","Percentage Calculator - US Online Tools","Use this free percentage calculator to calculate percent of a number, percentage increase, percentage decrease, and percent difference.","Percentage Calculator","250","Yes","Yes","Yes","Yes","DATA NOT AVAILABLE","DATA NOT AVAILABLE","DATA NOT AVAILABLE","200 OK","Yes","< 50ms (Pure Client JS)"
"https://usonlinetools.com/math/fraction-to-decimal-calculator","Fraction to Decimal Calculator","Math & Calculators","math","en","US","Online Fraction to Decimal Calculator | US Online Tools","Convert fractions to decimals easily. Free fraction to decimal converter online.","Online Fraction to Decimal Calculator","330","No","No","Yes","Yes","DATA NOT AVAILABLE","DATA NOT AVAILABLE","DATA NOT AVAILABLE","200 OK","Yes","< 50ms (Pure Client JS)"
"https://usonlinetools.com/math/decimal-to-fraction-calculator","Decimal to Fraction Calculator","Math & Calculators","math","en","US","Online Decimal to Fraction Calculator | US Online Tools","Convert decimal numbers to fractions. Free online decimal to fraction calculator.","Online Decimal to Fraction Calculator","330","No","No","Yes","Yes","DATA NOT AVAILABLE","DATA NOT AVAILABLE","DATA NOT AVAILABLE","200 OK","Yes","< 50ms (Pure Client JS)"
"https://usonlinetools.com/math/ratio-calculator","Ratio Calculator","Math & Calculators","math","en","US","Online Ratio Calculator | US Online Tools","Calculate, simplify, and solve ratios with this free online ratio calculator.","Online Ratio Calculator","314","No","No","Yes","Yes","DATA NOT AVAILABLE","DATA NOT AVAILABLE","DATA NOT AVAILABLE","200 OK","Yes","< 50ms (Pure Client JS)"
"https://usonlinetools.com/math/average-calculator","Average Calculator","Math & Calculators","math","en","US","Online Average Calculator | US Online Tools","Calculate the average (mean) of any set of numbers. Free online average calculator.","Online Average Calculator","326","No","No","Yes","Yes","DATA NOT AVAILABLE","DATA NOT AVAILABLE","DATA NOT AVAILABLE","200 OK","Yes","< 50ms (Pure Client JS)"
"https://usonlinetools.com/math/online-scientific-calculator","Scientific Calculator","Math & Calculators","math","en","US","Online Scientific Calculator | US Online Tools","Free online scientific calculator with advanced math functions, trig, logs, and more.","Online Scientific Calculator","316","No","No","Yes","Yes","DATA NOT AVAILABLE","DATA NOT AVAILABLE","DATA NOT AVAILABLE","200 OK","Yes","< 50ms (Pure Client JS)"
"https://usonlinetools.com/math/online-standard-deviation-calculator","Standard Deviation Calculator","Math & Calculators","math","en","US","Online Standard Deviation Calculator | US Online Tools","Calculate standard deviation, variance, and mean for any dataset online.","Online Standard Deviation Calculator","319","No","No","Yes","Yes","DATA NOT AVAILABLE","DATA NOT AVAILABLE","DATA NOT AVAILABLE","200 OK","Yes","< 50ms (Pure Client JS)"
"https://usonlinetools.com/math/square-root-calculator","Square Root Calculator","Math & Calculators","math","en","US","Online Square Root Calculator | US Online Tools","Calculate square roots of any number. Free online square root calculator.","Online Square Root Calculator","323","No","No","Yes","Yes","DATA NOT AVAILABLE","DATA NOT AVAILABLE","DATA NOT AVAILABLE","200 OK","Yes","< 50ms (Pure Client JS)"
"https://usonlinetools.com/math/cube-root-calculator","Cube Root Calculator","Math & Calculators","math","en","US","Online Cube Root Calculator | US Online Tools","Find the cube root of any number with this free online calculator.","Online Cube Root Calculator","329","No","No","Yes","Yes","DATA NOT AVAILABLE","DATA NOT AVAILABLE","DATA NOT AVAILABLE","200 OK","Yes","< 50ms (Pure Client JS)"
"https://usonlinetools.com/math/power-calculator","Power Calculator","Math & Calculators","math","en","US","Online Power Calculator | US Online Tools","Calculate powers and exponents. Raise any number to any power online.","Online Power Calculator","315","No","No","Yes","Yes","DATA NOT AVAILABLE","DATA NOT AVAILABLE","DATA NOT AVAILABLE","200 OK","Yes","< 50ms (Pure Client JS)"
"https://usonlinetools.com/math/logarithm-calculator","Logarithm Calculator","Math & Calculators","math","en","US","Online Logarithm Calculator | US Online Tools","Calculate logarithms (log10, natural log, custom base) with this free online tool.","Online Logarithm Calculator","321","No","No","Yes","Yes","DATA NOT AVAILABLE","DATA NOT AVAILABLE","DATA NOT AVAILABLE","200 OK","Yes","< 50ms (Pure Client JS)"
"https://usonlinetools.com/math/factorial-calculator","Factorial Calculator","Math & Calculators","math","en","US","Online Factorial Calculator | US Online Tools","Find the factorial of any number. Free online factorial calculator.","Online Factorial Calculator","311","No","No","Yes","Yes","DATA NOT AVAILABLE","DATA NOT AVAILABLE","DATA NOT AVAILABLE","200 OK","Yes","< 50ms (Pure Client JS)"
"https://usonlinetools.com/math/prime-number-checker","Prime Number Checker","Math & Calculators","math","en","US","Online Prime Number Checker | US Online Tools","Check if any number is prime. Free online prime number checker tool.","Online Prime Number Checker","327","No","No","Yes","Yes","DATA NOT AVAILABLE","DATA NOT AVAILABLE","DATA NOT AVAILABLE","200 OK","Yes","< 50ms (Pure Client JS)"
"https://usonlinetools.com/math/online-lcm-calculator","LCM Calculator","Math & Calculators","math","en","US","Online LCM Calculator | US Online Tools","Calculate the LCM (Least Common Multiple) of multiple numbers online.","Online LCM Calculator","317","No","No","Yes","Yes","DATA NOT AVAILABLE","DATA NOT AVAILABLE","DATA NOT AVAILABLE","200 OK","Yes","< 50ms (Pure Client JS)"
"https://usonlinetools.com/math/online-gcd-calculator","GCD Calculator","Math & Calculators","math","en","US","Online GCD Calculator | US Online Tools","Calculate GCD (Greatest Common Divisor) or HCF of numbers. Free online tool.","Online GCD Calculator","321","No","No","Yes","Yes","DATA NOT AVAILABLE","DATA NOT AVAILABLE","DATA NOT AVAILABLE","200 OK","Yes","< 50ms (Pure Client JS)"
"https://usonlinetools.com/math/random-number-generator","Random Number Generator","Math & Calculators","math","en","US","Online Random Number Generator | US Online Tools","Generate random numbers between any min and max value. Free online random number generator.","Online Random Number Generator","329","No","No","Yes","Yes","DATA NOT AVAILABLE","DATA NOT AVAILABLE","DATA NOT AVAILABLE","200 OK","Yes","< 50ms (Pure Client JS)"
"https://usonlinetools.com/math/mean-median-mode-calculator","Mean Median Mode Calculator","Math & Calculators","math","en","US","Online Mean Median Mode Calculator | US Online Tools","Find the mean, median, and mode of any set of numbers. Free statistics calculator.","Online Mean Median Mode Calculator","337","No","No","Yes","Yes","DATA NOT AVAILABLE","DATA NOT AVAILABLE","DATA NOT AVAILABLE","200 OK","Yes","< 50ms (Pure Client JS)"
"https://usonlinetools.com/math/rounding-numbers-calculator","Rounding Numbers Calculator","Math & Calculators","math","en","US","Online Rounding Numbers Calculator | US Online Tools","Free online Rounding Numbers Calculator. Round numbers to any decimal place or significant figures. No signup required.","Online Rounding Numbers Calculator","337","No","No","Yes","Yes","DATA NOT AVAILABLE","DATA NOT AVAILABLE","DATA NOT AVAILABLE","200 OK","Yes","< 50ms (Pure Client JS)"
"https://usonlinetools.com/math/exponents-calculator","Exponents Calculator","Math & Calculators","math","en","US","Online Exponents Calculator | US Online Tools","Free online Exponents Calculator. Calculate any base raised to any exponent quickly. No signup required.","Online Exponents Calculator","323","No","No","Yes","Yes","DATA NOT AVAILABLE","DATA NOT AVAILABLE","DATA NOT AVAILABLE","200 OK","Yes","< 50ms (Pure Client JS)"
"https://usonlinetools.com/math/variance-calculator","Variance Calculator","Math & Calculators","math","en","US","Online Variance Calculator | US Online Tools","Free online Variance Calculator. Calculate variance for any dataset of numbers. No signup required.","Online Variance Calculator","319","No","No","Yes","Yes","DATA NOT AVAILABLE","DATA NOT AVAILABLE","DATA NOT AVAILABLE","200 OK","Yes","< 50ms (Pure Client JS)"
"https://usonlinetools.com/math/number-sequence-generator","Number Sequence Generator","Math & Calculators","math","en","US","Online Number Sequence Generator | US Online Tools","Free online Number Sequence Generator. Generate arithmetic, geometric, or custom sequences. No signup required.","Online Number Sequence Generator","325","No","No","Yes","Yes","DATA NOT AVAILABLE","DATA NOT AVAILABLE","DATA NOT AVAILABLE","200 OK","Yes","< 50ms (Pure Client JS)"
"https://usonlinetools.com/math/divisibility-checker","Divisibility Checker","Math & Calculators","math","en","US","Online Divisibility Checker | US Online Tools","Free online Divisibility Checker. Check if a number is divisible by another number. No signup required.","Online Divisibility Checker","327","No","No","Yes","Yes","DATA NOT AVAILABLE","DATA NOT AVAILABLE","DATA NOT AVAILABLE","200 OK","Yes","< 50ms (Pure Client JS)"
"https://usonlinetools.com/math/online-matrix-calculator","Matrix Calculator","Math & Calculators","math","en","US","Online Matrix Calculator | US Online Tools","Free online matrix calculator. Add, multiply, transpose, and find inverse of matrices.","Online Matrix Calculator","317","No","No","Yes","Yes","DATA NOT AVAILABLE","DATA NOT AVAILABLE","DATA NOT AVAILABLE","200 OK","Yes","< 50ms (Pure Client JS)"
"https://usonlinetools.com/math/online-quadratic-equation-solver","Quadratic Equation Solver","Math & Calculators","math","en","US","Online Quadratic Equation Solver | US Online Tools","Free quadratic equation solver. Find roots of ax² + bx + c = 0 online.","Online Quadratic Equation Solver","332","Yes","No","Yes","Yes","DATA NOT AVAILABLE","DATA NOT AVAILABLE","DATA NOT AVAILABLE","200 OK","Yes","< 50ms (Pure Client JS)"
"https://usonlinetools.com/math/permutation-calculator","Permutation Calculator","Math & Calculators","math","en","US","Online Permutation Calculator | US Online Tools","Free online permutation calculator. Calculate nPr permutations instantly.","Online Permutation Calculator","307","No","No","Yes","Yes","DATA NOT AVAILABLE","DATA NOT AVAILABLE","DATA NOT AVAILABLE","200 OK","Yes","< 50ms (Pure Client JS)"
"https://usonlinetools.com/math/combination-calculator","Combination Calculator","Math & Calculators","math","en","US","Online Combination Calculator | US Online Tools","Free online combination calculator. Calculate nCr combinations instantly.","Online Combination Calculator","307","No","No","Yes","Yes","DATA NOT AVAILABLE","DATA NOT AVAILABLE","DATA NOT AVAILABLE","200 OK","Yes","< 50ms (Pure Client JS)"
"https://usonlinetools.com/math/modulo-calculator","Modulo Calculator","Math & Calculators","math","en","US","Online Modulo Calculator | US Online Tools","Free modulo calculator. Find remainder of any division online.","Online Modulo Calculator","311","No","No","Yes","Yes","DATA NOT AVAILABLE","DATA NOT AVAILABLE","DATA NOT AVAILABLE","200 OK","Yes","< 50ms (Pure Client JS)"
"https://usonlinetools.com/math/proportion-calculator","Proportion Calculator","Math & Calculators","math","en","US","Online Proportion Calculator | US Online Tools","Free proportion calculator. Solve for unknown in proportions online.","Online Proportion Calculator","309","No","No","Yes","Yes","DATA NOT AVAILABLE","DATA NOT AVAILABLE","DATA NOT AVAILABLE","200 OK","Yes","< 50ms (Pure Client JS)"
"https://usonlinetools.com/math/percentage-error-calculator","Percentage Error Calculator","Math & Calculators","math","en","US","Online Percentage Error Calculator | US Online Tools","Free online percentage error calculator.","Online Percentage Error Calculator","313","No","No","Yes","Yes","DATA NOT AVAILABLE","DATA NOT AVAILABLE","DATA NOT AVAILABLE","200 OK","Yes","< 50ms (Pure Client JS)"
"https://usonlinetools.com/math/fraction-calculator","Fraction Calculator","Math & Calculators","math","en","US","Online Fraction Calculator | US Online Tools","Free online fraction calculator. Simplify fractions and perform fraction addition, subtraction, multiplication, and division.","Online Fraction Calculator","319","No","No","Yes","Yes","DATA NOT AVAILABLE","DATA NOT AVAILABLE","DATA NOT AVAILABLE","200 OK","Yes","< 50ms (Pure Client JS)"
"https://usonlinetools.com/finance/online-simple-interest-calculator","Simple Interest Calculator","Finance & Cost","finance","en","US","Online Simple Interest Calculator | US Online Tools","Calculate simple interest easily. Free online simple interest calculator for any principal, rate, and time.","Online Simple Interest Calculator","329","No","No","Yes","Yes","DATA NOT AVAILABLE","DATA NOT AVAILABLE","DATA NOT AVAILABLE","200 OK","Yes","< 50ms (Pure Client JS)"
"https://usonlinetools.com/finance/online-compound-interest-calculator","Compound Interest Calculator","Finance & Cost","finance","en","US","Online Compound Interest Calculator | US Online Tools","Calculate compound interest with monthly, yearly or custom compounding. Free online calculator.","Online Compound Interest Calculator","323","No","No","Yes","Yes","DATA NOT AVAILABLE","DATA NOT AVAILABLE","DATA NOT AVAILABLE","200 OK","Yes","< 50ms (Pure Client JS)"
"https://usonlinetools.com/finance/online-loan-emi-calculator","Loan EMI Calculator","Finance & Cost","finance","en","US","Online Loan EMI Calculator | US Online Tools","Calculate your monthly loan EMI online. Free loan EMI calculator for home, car, and personal loans.","Online Loan EMI Calculator","335","No","No","Yes","Yes","DATA NOT AVAILABLE","DATA NOT AVAILABLE","DATA NOT AVAILABLE","200 OK","Yes","< 50ms (Pure Client JS)"
"https://usonlinetools.com/finance/discount-calculator","Discount Calculator","Finance & Cost","finance","en","US","Online Discount Calculator | US Online Tools","Find the discounted price of any item instantly. Free online discount calculator.","Online Discount Calculator","318","No","No","Yes","Yes","DATA NOT AVAILABLE","DATA NOT AVAILABLE","DATA NOT AVAILABLE","200 OK","Yes","< 50ms (Pure Client JS)"
"https://usonlinetools.com/finance/profit-margin-calculator","Profit Margin Calculator","Finance & Cost","finance","en","US","Online Profit Margin Calculator | US Online Tools","Calculate profit margin percentage online. Free profit margin calculator for businesses.","Online Profit Margin Calculator","321","No","No","Yes","Yes","DATA NOT AVAILABLE","DATA NOT AVAILABLE","DATA NOT AVAILABLE","200 OK","Yes","< 50ms (Pure Client JS)"
"https://usonlinetools.com/finance/markup-calculator","Markup Calculator","Finance & Cost","finance","en","US","Online Markup Calculator | US Online Tools","Find selling price with markup percentage. Free online markup calculator.","Online Markup Calculator","314","No","No","Yes","Yes","DATA NOT AVAILABLE","DATA NOT AVAILABLE","DATA NOT AVAILABLE","200 OK","Yes","< 50ms (Pure Client JS)"
"https://usonlinetools.com/finance/break-even-calculator","Break Even Calculator","Finance & Cost","finance","en","US","Online Break Even Calculator | US Online Tools","Calculate your business break-even point. Free break-even analysis calculator.","Online Break Even Calculator","321","No","No","Yes","Yes","DATA NOT AVAILABLE","DATA NOT AVAILABLE","DATA NOT AVAILABLE","200 OK","Yes","< 50ms (Pure Client JS)"
"https://usonlinetools.com/finance/online-roi-calculator","ROI Calculator","Finance & Cost","finance","en","US","Online ROI Calculator | US Online Tools","Calculate ROI (Return on Investment) percentage. Free online investment calculator.","Online ROI Calculator","311","No","No","Yes","Yes","DATA NOT AVAILABLE","DATA NOT AVAILABLE","DATA NOT AVAILABLE","200 OK","Yes","< 50ms (Pure Client JS)"
"https://usonlinetools.com/finance/savings-calculator","Savings Calculator","Finance & Cost","finance","en","US","Online Savings Calculator | US Online Tools","Calculate how much your savings will grow. Free online savings calculator with interest.","Online Savings Calculator","319","No","No","Yes","Yes","DATA NOT AVAILABLE","DATA NOT AVAILABLE","DATA NOT AVAILABLE","200 OK","Yes","< 50ms (Pure Client JS)"
"https://usonlinetools.com/finance/online-cagr-calculator","CAGR Calculator","Finance & Cost","finance","en","US","Online CAGR Calculator | US Online Tools","Free online CAGR calculator. Find annualized compound growth rate for investments and business metrics.","Online CAGR Calculator","329","No","No","Yes","Yes","DATA NOT AVAILABLE","DATA NOT AVAILABLE","DATA NOT AVAILABLE","200 OK","Yes","< 50ms (Pure Client JS)"
"https://usonlinetools.com/finance/online-debt-to-income-calculator","Debt-to-Income Calculator","Finance & Cost","finance","en","US","Online Debt-to-Income Calculator | US Online Tools","Free online debt-to-income calculator. Compute DTI ratio for loan and mortgage planning.","Online Debt-to-Income Calculator","319","No","No","Yes","Yes","DATA NOT AVAILABLE","DATA NOT AVAILABLE","DATA NOT AVAILABLE","200 OK","Yes","< 50ms (Pure Client JS)"
"https://usonlinetools.com/finance/online-loan-to-value-calculator","Loan-to-Value Calculator","Finance & Cost","finance","en","US","Online Loan-to-Value Calculator | US Online Tools","Free online loan-to-value calculator. Calculate LTV ratio for mortgage and refinance decisions.","Online Loan-to-Value Calculator","323","No","No","Yes","Yes","DATA NOT AVAILABLE","DATA NOT AVAILABLE","DATA NOT AVAILABLE","200 OK","Yes","< 50ms (Pure Client JS)"
"https://usonlinetools.com/finance/tip-calculator","Tip Calculator","Finance & Cost","finance","en","US","Online Tip Calculator | US Online Tools","Calculate tip amount and split bills between people. Free online tip calculator.","Online Tip Calculator","319","No","No","Yes","Yes","DATA NOT AVAILABLE","DATA NOT AVAILABLE","DATA NOT AVAILABLE","200 OK","Yes","< 50ms (Pure Client JS)"
"https://usonlinetools.com/finance/online-salary-calculator","Salary Calculator","Finance & Cost","finance","en","US","Online Salary Calculator | US Online Tools","Convert your salary between hourly, monthly and yearly. Free salary calculator online.","Online Salary Calculator","315","No","No","Yes","Yes","DATA NOT AVAILABLE","DATA NOT AVAILABLE","DATA NOT AVAILABLE","200 OK","Yes","< 50ms (Pure Client JS)"
"https://usonlinetools.com/finance/online-tax-calculator","Tax Calculator","Finance & Cost","finance","en","US","Online Tax Calculator | US Online Tools","Estimate your income tax. Free online tax calculator for quick tax estimates.","Online Tax Calculator","317","No","No","Yes","Yes","DATA NOT AVAILABLE","DATA NOT AVAILABLE","DATA NOT AVAILABLE","200 OK","Yes","< 50ms (Pure Client JS)"
"https://usonlinetools.com/finance/online-mortgage-payment-calculator","Mortgage Payment Calculator","Finance & Cost","finance","en","US","Online Mortgage Payment Calculator | US Online Tools","Calculate monthly mortgage payments. Free mortgage calculator for home buyers.","Online Mortgage Payment Calculator","319","No","No","Yes","Yes","DATA NOT AVAILABLE","DATA NOT AVAILABLE","DATA NOT AVAILABLE","200 OK","Yes","< 50ms (Pure Client JS)"
"https://usonlinetools.com/finance/online-gst-calculator","GST Calculator","Finance & Cost","finance","en","US","Online GST Calculator | US Online Tools","Calculate GST (Goods and Services Tax) on any price. Free online GST calculator.","Online GST Calculator","321","No","No","Yes","Yes","DATA NOT AVAILABLE","DATA NOT AVAILABLE","DATA NOT AVAILABLE","200 OK","Yes","< 50ms (Pure Client JS)"
"https://usonlinetools.com/finance/online-inflation-calculator","Inflation Calculator","Finance & Cost","finance","en","US","Online Inflation Calculator | US Online Tools","Calculate inflation impact on money over time. Free inflation rate calculator online.","Online Inflation Calculator","317","No","No","Yes","Yes","DATA NOT AVAILABLE","DATA NOT AVAILABLE","DATA NOT AVAILABLE","200 OK","Yes","< 50ms (Pure Client JS)"
"https://usonlinetools.com/finance/commission-calculator","Commission Calculator","Finance & Cost","finance","en","US","Online Commission Calculator | US Online Tools","Calculate sales commission amount. Free online commission calculator for any rate.","Online Commission Calculator","315","No","No","Yes","Yes","DATA NOT AVAILABLE","DATA NOT AVAILABLE","DATA NOT AVAILABLE","200 OK","Yes","< 50ms (Pure Client JS)"
"https://usonlinetools.com/finance/online-investment-growth-calculator","Investment Growth Calculator","Finance & Cost","finance","en","US","Online Investment Growth Calculator | US Online Tools","Calculate investment growth over time with returns. Free online investment growth calculator.","Online Investment Growth Calculator","325","No","No","Yes","Yes","DATA NOT AVAILABLE","DATA NOT AVAILABLE","DATA NOT AVAILABLE","200 OK","Yes","< 50ms (Pure Client JS)"
"https://usonlinetools.com/finance/online-budget-calculator","Budget Calculator","Finance & Cost","finance","en","US","Online Budget Calculator | US Online Tools","Create a monthly budget plan. Free budget calculator to manage income and expenses.","Online Budget Calculator","319","No","No","Yes","Yes","DATA NOT AVAILABLE","DATA NOT AVAILABLE","DATA NOT AVAILABLE","200 OK","Yes","< 50ms (Pure Client JS)"
"https://usonlinetools.com/finance/expense-calculator","Expense Calculator","Finance & Cost","finance","en","US","Online Expense Calculator | US Online Tools","Free online Expense Calculator. Track and calculate total expenses by category. No signup required.","Online Expense Calculator","319","No","No","Yes","Yes","DATA NOT AVAILABLE","DATA NOT AVAILABLE","DATA NOT AVAILABLE","200 OK","Yes","< 50ms (Pure Client JS)"
"https://usonlinetools.com/finance/cost-per-unit-calculator","Cost Per Unit Calculator","Finance & Cost","finance","en","US","Online Cost Per Unit Calculator | US Online Tools","Free online Cost Per Unit Calculator. Calculate the cost per unit for any quantity. No signup required.","Online Cost Per Unit Calculator","343","No","No","Yes","Yes","DATA NOT AVAILABLE","DATA NOT AVAILABLE","DATA NOT AVAILABLE","200 OK","Yes","< 50ms (Pure Client JS)"
"https://usonlinetools.com/finance/price-per-unit-calculator","Price Per Unit Calculator","Finance & Cost","finance","en","US","Online Price Per Unit Calculator | US Online Tools","Free online Price Per Unit Calculator. Compare prices per unit across different products. No signup required.","Online Price Per Unit Calculator","339","No","No","Yes","Yes","DATA NOT AVAILABLE","DATA NOT AVAILABLE","DATA NOT AVAILABLE","200 OK","Yes","< 50ms (Pure Client JS)"
"https://usonlinetools.com/finance/payback-period-calculator","Payback Period Calculator","Finance & Cost","finance","en","US","Online Payback Period Calculator | US Online Tools","Free online Payback Period Calculator. Calculate how long it takes to recoup an investment. No signup required.","Online Payback Period Calculator","337","No","No","Yes","Yes","DATA NOT AVAILABLE","DATA NOT AVAILABLE","DATA NOT AVAILABLE","200 OK","Yes","< 50ms (Pure Client JS)"
"https://usonlinetools.com/finance/loan-interest-calculator","Loan Interest Calculator","Finance & Cost","finance","en","US","Online Loan Interest Calculator | US Online Tools","Free online loan interest calculator and interest rate calculator. Estimate monthly payment, total interest, total repayment, and loan cost with no signup.","Online Loan Interest Calculator","351","No","No","Yes","Yes","DATA NOT AVAILABLE","DATA NOT AVAILABLE","DATA NOT AVAILABLE","200 OK","Yes","< 50ms (Pure Client JS)"
"https://usonlinetools.com/finance/savings-goal-calculator","Savings Goal Calculator","Finance & Cost","finance","en","US","Online Savings Goal Calculator | US Online Tools","Free online Savings Goal Calculator. Plan savings needed to reach a financial goal. No signup required.","Online Savings Goal Calculator","333","No","No","Yes","Yes","DATA NOT AVAILABLE","DATA NOT AVAILABLE","DATA NOT AVAILABLE","200 OK","Yes","< 50ms (Pure Client JS)"
"https://usonlinetools.com/finance/revenue-calculator","Revenue Calculator","Finance & Cost","finance","en","US","Online Revenue Calculator | US Online Tools","Free online Revenue Calculator. Estimate total revenue from price and volume. No signup required.","Online Revenue Calculator","319","No","No","Yes","Yes","DATA NOT AVAILABLE","DATA NOT AVAILABLE","DATA NOT AVAILABLE","200 OK","Yes","< 50ms (Pure Client JS)"
"https://usonlinetools.com/finance/cost-split-calculator","Cost Split Calculator","Finance & Cost","finance","en","US","Online Cost Split Calculator | US Online Tools","Free online Cost Split Calculator. Split costs evenly or proportionally among people. No signup required.","Online Cost Split Calculator","329","No","No","Yes","Yes","DATA NOT AVAILABLE","DATA NOT AVAILABLE","DATA NOT AVAILABLE","200 OK","Yes","< 50ms (Pure Client JS)"
"https://usonlinetools.com/finance/depreciation-calculator","Depreciation Calculator","Finance & Cost","finance","en","US","Online Depreciation Calculator | US Online Tools","Free depreciation calculator. Calculate straight-line, declining balance depreciation online.","Online Depreciation Calculator","307","No","No","Yes","Yes","DATA NOT AVAILABLE","DATA NOT AVAILABLE","DATA NOT AVAILABLE","200 OK","Yes","< 50ms (Pure Client JS)"
"https://usonlinetools.com/finance/net-worth-calculator","Net Worth Calculator","Finance & Cost","finance","en","US","Online Net Worth Calculator | US Online Tools","Free net worth calculator. Track assets minus liabilities online.","Online Net Worth Calculator","321","No","No","Yes","Yes","DATA NOT AVAILABLE","DATA NOT AVAILABLE","DATA NOT AVAILABLE","200 OK","Yes","< 50ms (Pure Client JS)"
"https://usonlinetools.com/finance/online-retirement-calculator","Retirement Calculator","Finance & Cost","finance","en","US","Online Retirement Calculator | US Online Tools","Free retirement calculator. Plan savings needed for retirement online.","Online Retirement Calculator","311","No","No","Yes","Yes","DATA NOT AVAILABLE","DATA NOT AVAILABLE","DATA NOT AVAILABLE","200 OK","Yes","< 50ms (Pure Client JS)"
"https://usonlinetools.com/finance/online-car-loan-calculator","Car Loan Calculator","Finance & Cost","finance","en","US","Online Car Loan Calculator | US Online Tools","Free car loan calculator. Estimate monthly auto loan payments online.","Online Car Loan Calculator","317","No","No","Yes","Yes","DATA NOT AVAILABLE","DATA NOT AVAILABLE","DATA NOT AVAILABLE","200 OK","Yes","< 50ms (Pure Client JS)"
"https://usonlinetools.com/finance/credit-card-payoff-calculator","Credit Card Payoff Calculator","Finance & Cost","finance","en","US","Online Credit Card Payoff Calculator | US Online Tools","Free credit card payoff calculator. Estimate time to pay off credit card debt.","Online Credit Card Payoff Calculator","337","No","No","Yes","Yes","DATA NOT AVAILABLE","DATA NOT AVAILABLE","DATA NOT AVAILABLE","200 OK","Yes","< 50ms (Pure Client JS)"
"https://usonlinetools.com/finance/down-payment-calculator","Down Payment Calculator","Finance & Cost","finance","en","US","Online Down Payment Calculator | US Online Tools","Free down payment calculator. Calculate home or car down payment amounts.","Online Down Payment Calculator","323","No","No","Yes","Yes","DATA NOT AVAILABLE","DATA NOT AVAILABLE","DATA NOT AVAILABLE","200 OK","Yes","< 50ms (Pure Client JS)"
"https://usonlinetools.com/finance/online-amortization-calculator","Amortization Calculator","Finance & Cost","finance","en","US","Online Amortization Calculator | US Online Tools","Free amortization calculator. See full loan payment schedule online.","Online Amortization Calculator","311","No","No","Yes","Yes","DATA NOT AVAILABLE","DATA NOT AVAILABLE","DATA NOT AVAILABLE","200 OK","Yes","< 50ms (Pure Client JS)"
"https://usonlinetools.com/finance/stock-profit-calculator","Stock Profit Calculator","Finance & Cost","finance","en","US","Online Stock Profit Calculator | US Online Tools","Free stock profit calculator. Calculate gains and losses from stock trades.","Online Stock Profit Calculator","321","No","No","Yes","Yes","DATA NOT AVAILABLE","DATA NOT AVAILABLE","DATA NOT AVAILABLE","200 OK","Yes","< 50ms (Pure Client JS)"
"https://usonlinetools.com/finance/dividend-calculator","Dividend Calculator","Finance & Cost","finance","en","US","Online Dividend Calculator | US Online Tools","Free dividend calculator. Estimate dividend income from stocks online.","Online Dividend Calculator","309","No","No","Yes","Yes","DATA NOT AVAILABLE","DATA NOT AVAILABLE","DATA NOT AVAILABLE","200 OK","Yes","< 50ms (Pure Client JS)"
"https://usonlinetools.com/finance/online-currency-exchange-calculator","Currency Exchange Calculator","Finance & Cost","finance","en","US","Online Currency Exchange Calculator | US Online Tools","Free currency exchange calculator. Convert currencies with live rates online.","Online Currency Exchange Calculator","319","No","No","Yes","Yes","DATA NOT AVAILABLE","DATA NOT AVAILABLE","DATA NOT AVAILABLE","200 OK","Yes","< 50ms (Pure Client JS)"
"https://usonlinetools.com/finance/hourly-to-salary-calculator","Hourly to Salary Calculator","Finance & Cost","finance","en","US","Online Hourly to Salary Calculator | US Online Tools","Free hourly to salary calculator. Convert hourly pay to yearly salary online.","Online Hourly to Salary Calculator","335","No","No","Yes","Yes","DATA NOT AVAILABLE","DATA NOT AVAILABLE","DATA NOT AVAILABLE","200 OK","Yes","< 50ms (Pure Client JS)"
"https://usonlinetools.com/conversion/online-length-converter","Length Converter","Conversion Tools","conversion","en","US","Online Length Converter | US Online Tools","Convert length units: meters, feet, inches, cm, km, miles. Free online length converter.","Online Length Converter","313","No","No","Yes","Yes","DATA NOT AVAILABLE","DATA NOT AVAILABLE","DATA NOT AVAILABLE","200 OK","Yes","< 50ms (Pure Client JS)"
"https://usonlinetools.com/conversion/online-weight-converter","Weight Converter","Conversion Tools","conversion","en","US","Online Weight Converter | US Online Tools","Convert weight units: kg, lbs, oz, grams, tons. Free online weight converter.","Online Weight Converter","311","No","No","Yes","Yes","DATA NOT AVAILABLE","DATA NOT AVAILABLE","DATA NOT AVAILABLE","200 OK","Yes","< 50ms (Pure Client JS)"
"https://usonlinetools.com/conversion/online-temperature-converter","Temperature Converter","Conversion Tools","conversion","en","US","Online Temperature Converter | US Online Tools","Convert temperatures between Celsius, Fahrenheit and Kelvin. Free online temperature converter.","Online Temperature Converter","305","No","No","Yes","Yes","DATA NOT AVAILABLE","DATA NOT AVAILABLE","DATA NOT AVAILABLE","200 OK","Yes","< 50ms (Pure Client JS)"
"https://usonlinetools.com/conversion/online-area-converter","Area Converter","Conversion Tools","conversion","en","US","Online Area Converter | US Online Tools","Convert area units: sq meters, acres, hectares, sq feet. Free online area converter.","Online Area Converter","313","No","No","Yes","Yes","DATA NOT AVAILABLE","DATA NOT AVAILABLE","DATA NOT AVAILABLE","200 OK","Yes","< 50ms (Pure Client JS)"
"https://usonlinetools.com/conversion/online-volume-converter","Volume Converter","Conversion Tools","conversion","en","US","Online Volume Converter | US Online Tools","Convert volume units: liters, gallons, ml, cups, fluid oz. Free online volume converter.","Online Volume Converter","311","No","No","Yes","Yes","DATA NOT AVAILABLE","DATA NOT AVAILABLE","DATA NOT AVAILABLE","200 OK","Yes","< 50ms (Pure Client JS)"
"https://usonlinetools.com/conversion/online-speed-converter","Speed Converter","Conversion Tools","conversion","en","US","Online Speed Converter | US Online Tools","Convert speed units: mph, km/h, m/s, knots. Free online speed converter.","Online Speed Converter","309","No","No","Yes","Yes","DATA NOT AVAILABLE","DATA NOT AVAILABLE","DATA NOT AVAILABLE","200 OK","Yes","< 50ms (Pure Client JS)"
"https://usonlinetools.com/conversion/color-converter","Color Converter","Conversion Tools","conversion","en","US","Online Color Converter | US Online Tools","Convert colors between HEX, RGB, HSL formats. Free online color converter tool.","Online Color Converter","311","No","No","Yes","Yes","DATA NOT AVAILABLE","DATA NOT AVAILABLE","DATA NOT AVAILABLE","200 OK","Yes","< 50ms (Pure Client JS)"
"https://usonlinetools.com/conversion/online-binary-to-decimal-converter","Binary to Decimal Converter","Conversion Tools","conversion","en","US","Online Binary to Decimal Converter | US Online Tools","Convert binary to decimal numbers. Free online binary to decimal converter.","Online Binary to Decimal Converter","323","No","No","Yes","Yes","DATA NOT AVAILABLE","DATA NOT AVAILABLE","DATA NOT AVAILABLE","200 OK","Yes","< 50ms (Pure Client JS)"
"https://usonlinetools.com/conversion/decimal-to-binary-converter","Decimal to Binary Converter","Conversion Tools","conversion","en","US","Online Decimal to Binary Converter | US Online Tools","Convert decimal to binary numbers. Free online decimal to binary converter.","Online Decimal to Binary Converter","321","No","No","Yes","Yes","DATA NOT AVAILABLE","DATA NOT AVAILABLE","DATA NOT AVAILABLE","200 OK","Yes","< 50ms (Pure Client JS)"
"https://usonlinetools.com/conversion/hex-to-decimal-converter","Hex to Decimal Converter","Conversion Tools","conversion","en","US","Online Hex to Decimal Converter | US Online Tools","Convert hex to decimal numbers. Free online hexadecimal to decimal converter.","Online Hex to Decimal Converter","321","No","No","Yes","Yes","DATA NOT AVAILABLE","DATA NOT AVAILABLE","DATA NOT AVAILABLE","200 OK","Yes","< 50ms (Pure Client JS)"
"https://usonlinetools.com/conversion/online-roman-numeral-converter","Roman Numeral Converter","Conversion Tools","conversion","en","US","Online Roman Numeral Converter | US Online Tools","Convert numbers to Roman numerals. Free online Roman numeral converter.","Online Roman Numeral Converter","315","No","No","Yes","Yes","DATA NOT AVAILABLE","DATA NOT AVAILABLE","DATA NOT AVAILABLE","200 OK","Yes","< 50ms (Pure Client JS)"
"https://usonlinetools.com/conversion/data-storage-converter","Data Storage Converter","Conversion Tools","conversion","en","US","Online Data Storage Converter | US Online Tools","Convert data storage units: bytes, KB, MB, GB, TB. Free online data storage converter.","Online Data Storage Converter","325","No","No","Yes","Yes","DATA NOT AVAILABLE","DATA NOT AVAILABLE","DATA NOT AVAILABLE","200 OK","Yes","< 50ms (Pure Client JS)"
"https://usonlinetools.com/conversion/energy-converter","Energy Converter","Conversion Tools","conversion","en","US","Online Energy Converter | US Online Tools","Convert energy units: joules, calories, kWh, BTU. Free online energy converter.","Online Energy Converter","311","No","No","Yes","Yes","DATA NOT AVAILABLE","DATA NOT AVAILABLE","DATA NOT AVAILABLE","200 OK","Yes","< 50ms (Pure Client JS)"
"https://usonlinetools.com/conversion/pressure-converter","Pressure Converter","Conversion Tools","conversion","en","US","Online Pressure Converter | US Online Tools","Convert pressure units: PSI, bar, pascal, atm. Free online pressure converter.","Online Pressure Converter","309","No","No","Yes","Yes","DATA NOT AVAILABLE","DATA NOT AVAILABLE","DATA NOT AVAILABLE","200 OK","Yes","< 50ms (Pure Client JS)"
"https://usonlinetools.com/conversion/time-converter","Time Converter","Conversion Tools","conversion","en","US","Online Time Converter | US Online Tools","Free online Time Converter. Convert between seconds, minutes, hours, and days. No signup required.","Online Time Converter","313","No","No","Yes","Yes","DATA NOT AVAILABLE","DATA NOT AVAILABLE","DATA NOT AVAILABLE","200 OK","Yes","< 50ms (Pure Client JS)"
"https://usonlinetools.com/conversion/angle-converter","Angle Converter","Conversion Tools","conversion","en","US","Online Angle Converter | US Online Tools","Free online Angle Converter. Convert between degrees, radians, and gradians. No signup required.","Online Angle Converter","309","No","No","Yes","Yes","DATA NOT AVAILABLE","DATA NOT AVAILABLE","DATA NOT AVAILABLE","200 OK","Yes","< 50ms (Pure Client JS)"
"https://usonlinetools.com/conversion/frequency-converter","Frequency Converter","Conversion Tools","conversion","en","US","Online Frequency Converter | US Online Tools","Free online Frequency Converter. Convert between Hz, kHz, MHz, GHz, and RPM. No signup required.","Online Frequency Converter","317","No","No","Yes","Yes","DATA NOT AVAILABLE","DATA NOT AVAILABLE","DATA NOT AVAILABLE","200 OK","Yes","< 50ms (Pure Client JS)"
"https://usonlinetools.com/conversion/fuel-efficiency-converter","Fuel Efficiency Converter","Conversion Tools","conversion","en","US","Online Fuel Efficiency Converter | US Online Tools","Free online Fuel Efficiency Converter. Convert between MPG, km/L, and L/100km. No signup required.","Online Fuel Efficiency Converter","319","No","No","Yes","Yes","DATA NOT AVAILABLE","DATA NOT AVAILABLE","DATA NOT AVAILABLE","200 OK","Yes","< 50ms (Pure Client JS)"
"https://usonlinetools.com/conversion/number-to-words-converter","Number to Words Converter","Conversion Tools","conversion","en","US","Online Number to Words Converter | US Online Tools","Free online Number to Words Converter. Convert any number into its word representation. No signup required.","Online Number to Words Converter","333","No","No","Yes","Yes","DATA NOT AVAILABLE","DATA NOT AVAILABLE","DATA NOT AVAILABLE","200 OK","Yes","< 50ms (Pure Client JS)"
"https://usonlinetools.com/conversion/words-to-number-converter","Words to Number Converter","Conversion Tools","conversion","en","US","Online Words to Number Converter | US Online Tools","Free online Words to Number Converter. Convert number words back to numeric digits. No signup required.","Online Words to Number Converter","333","No","No","Yes","Yes","DATA NOT AVAILABLE","DATA NOT AVAILABLE","DATA NOT AVAILABLE","200 OK","Yes","< 50ms (Pure Client JS)"
"https://usonlinetools.com/conversion/base-converter","Base Converter","Conversion Tools","conversion","en","US","Online Base Converter | US Online Tools","Free online Base Converter. Convert numbers between any bases (2-36). No signup required.","Online Base Converter","309","No","No","Yes","Yes","DATA NOT AVAILABLE","DATA NOT AVAILABLE","DATA NOT AVAILABLE","200 OK","Yes","< 50ms (Pure Client JS)"
"https://usonlinetools.com/conversion/binary-to-hex-converter","Binary to Hex Converter","Conversion Tools","conversion","en","US","Online Binary to Hex Converter | US Online Tools","Free online Binary to Hex Converter. Convert binary numbers to hexadecimal format. No signup required.","Online Binary to Hex Converter","329","No","No","Yes","Yes","DATA NOT AVAILABLE","DATA NOT AVAILABLE","DATA NOT AVAILABLE","200 OK","Yes","< 50ms (Pure Client JS)"
"https://usonlinetools.com/conversion/hex-to-binary-converter","Hex to Binary Converter","Conversion Tools","conversion","en","US","Online Hex to Binary Converter | US Online Tools","Free online Hex to Binary Converter. Convert hexadecimal numbers to binary format. No signup required.","Online Hex to Binary Converter","329","No","No","Yes","Yes","DATA NOT AVAILABLE","DATA NOT AVAILABLE","DATA NOT AVAILABLE","200 OK","Yes","< 50ms (Pure Client JS)"
"https://usonlinetools.com/conversion/octal-converter","Octal Converter","Conversion Tools","conversion","en","US","Online Octal Converter | US Online Tools","Free online Octal Converter. Convert between octal, decimal, and other bases. No signup required.","Online Octal Converter","313","No","No","Yes","Yes","DATA NOT AVAILABLE","DATA NOT AVAILABLE","DATA NOT AVAILABLE","200 OK","Yes","< 50ms (Pure Client JS)"
"https://usonlinetools.com/conversion/unit-price-converter","Unit Price Converter","Conversion Tools","conversion","en","US","Online Unit Price Converter | US Online Tools","Free online Unit Price Converter. Compare unit prices across different package sizes. No signup required.","Online Unit Price Converter","323","No","No","Yes","Yes","DATA NOT AVAILABLE","DATA NOT AVAILABLE","DATA NOT AVAILABLE","200 OK","Yes","< 50ms (Pure Client JS)"
"https://usonlinetools.com/conversion/density-converter","Density Converter","Conversion Tools","conversion","en","US","Online Density Converter | US Online Tools","Free online Density Converter. Convert between density units like kg/m³ and lb/ft³. No signup required.","Online Density Converter","317","No","No","Yes","Yes","DATA NOT AVAILABLE","DATA NOT AVAILABLE","DATA NOT AVAILABLE","200 OK","Yes","< 50ms (Pure Client JS)"
"https://usonlinetools.com/conversion/power-converter","Power Converter","Conversion Tools","conversion","en","US","Online Power Converter | US Online Tools","Free power converter. Convert watts, kilowatts, horsepower online.","Online Power Converter","301","No","No","Yes","Yes","DATA NOT AVAILABLE","DATA NOT AVAILABLE","DATA NOT AVAILABLE","200 OK","Yes","< 50ms (Pure Client JS)"
"https://usonlinetools.com/conversion/torque-converter","Torque Converter","Conversion Tools","conversion","en","US","Online Torque Converter | US Online Tools","Free torque converter. Convert Nm, ft-lb, and other torque units online.","Online Torque Converter","305","No","No","Yes","Yes","DATA NOT AVAILABLE","DATA NOT AVAILABLE","DATA NOT AVAILABLE","200 OK","Yes","< 50ms (Pure Client JS)"
"https://usonlinetools.com/conversion/force-converter","Force Converter","Conversion Tools","conversion","en","US","Online Force Converter | US Online Tools","Free force converter. Convert Newtons, pounds-force online.","Online Force Converter","297","No","No","Yes","Yes","DATA NOT AVAILABLE","DATA NOT AVAILABLE","DATA NOT AVAILABLE","200 OK","Yes","< 50ms (Pure Client JS)"
"https://usonlinetools.com/conversion/electric-current-converter","Electric Current Converter","Conversion Tools","conversion","en","US","Online Electric Current Converter | US Online Tools","Free electric current converter. Convert amps, milliamps online.","Online Electric Current Converter","307","No","No","Yes","Yes","DATA NOT AVAILABLE","DATA NOT AVAILABLE","DATA NOT AVAILABLE","200 OK","Yes","< 50ms (Pure Client JS)"
"https://usonlinetools.com/conversion/online-shoe-size-converter","Shoe Size Converter","Conversion Tools","conversion","en","US","Online Shoe Size Converter | US Online Tools","Free shoe size converter. Convert US, UK, EU shoe sizes online.","Online Shoe Size Converter","319","No","No","Yes","Yes","DATA NOT AVAILABLE","DATA NOT AVAILABLE","DATA NOT AVAILABLE","200 OK","Yes","< 50ms (Pure Client JS)"
"https://usonlinetools.com/conversion/online-cooking-converter","Cooking Converter","Conversion Tools","conversion","en","US","Online Cooking Converter | US Online Tools","Free cooking converter. Convert cups, tbsp, tsp, ml for recipes online.","Online Cooking Converter","307","No","No","Yes","Yes","DATA NOT AVAILABLE","DATA NOT AVAILABLE","DATA NOT AVAILABLE","200 OK","Yes","< 50ms (Pure Client JS)"
"https://usonlinetools.com/time-date/online-age-calculator","Age Calculator","Time & Date","time-date","en","US","Age Calculator - Calculate Exact Age from Date of Birth | US Online Tools","Use this free age calculator to calculate exact age from date of birth in years, months, days, total days, and next birthday.","Age Calculator","563","No","No","Yes","Yes","DATA NOT AVAILABLE","DATA NOT AVAILABLE","DATA NOT AVAILABLE","200 OK","Yes","< 50ms (Pure Client JS)"
"https://usonlinetools.com/time-date/date-difference-calculator","Date Difference Calculator","Time & Date","time-date","en","US","Online Date Difference Calculator | US Online Tools","Calculate the difference between two dates in days, weeks, months, and years.","Online Date Difference Calculator","329","No","No","Yes","Yes","DATA NOT AVAILABLE","DATA NOT AVAILABLE","DATA NOT AVAILABLE","200 OK","Yes","< 50ms (Pure Client JS)"
"https://usonlinetools.com/time-date/online-countdown-timer","Countdown Timer","Time & Date","time-date","en","US","Online Countdown Timer | US Online Tools","Free online countdown timer. Count down to any event, meeting, or deadline.","Online Countdown Timer","320","No","No","Yes","Yes","DATA NOT AVAILABLE","DATA NOT AVAILABLE","DATA NOT AVAILABLE","200 OK","Yes","< 50ms (Pure Client JS)"
"https://usonlinetools.com/time-date/time-duration-calculator","Time Duration Calculator","Time & Date","time-date","en","US","Online Time Duration Calculator | US Online Tools","Calculate time duration between two times. Free online time duration calculator.","Online Time Duration Calculator","323","No","No","Yes","Yes","DATA NOT AVAILABLE","DATA NOT AVAILABLE","DATA NOT AVAILABLE","200 OK","Yes","< 50ms (Pure Client JS)"
"https://usonlinetools.com/time-date/work-hours-calculator","Work Hours Calculator","Time & Date","time-date","en","US","Online Work Hours Calculator | US Online Tools","Calculate total work hours for the day or week. Free online work hours calculator.","Online Work Hours Calculator","331","No","No","Yes","Yes","DATA NOT AVAILABLE","DATA NOT AVAILABLE","DATA NOT AVAILABLE","200 OK","Yes","< 50ms (Pure Client JS)"
"https://usonlinetools.com/time-date/business-days-calculator","Business Days Calculator","Time & Date","time-date","en","US","Online Business Days Calculator | US Online Tools","Count business days between two dates, excluding weekends. Free calculator.","Online Business Days Calculator","317","No","No","Yes","Yes","DATA NOT AVAILABLE","DATA NOT AVAILABLE","DATA NOT AVAILABLE","200 OK","Yes","< 50ms (Pure Client JS)"
"https://usonlinetools.com/time-date/leap-year-checker","Leap Year Checker","Time & Date","time-date","en","US","Online Leap Year Checker | US Online Tools","Check if any year is a leap year. Free online leap year checker tool.","Online Leap Year Checker","331","No","No","Yes","Yes","DATA NOT AVAILABLE","DATA NOT AVAILABLE","DATA NOT AVAILABLE","200 OK","Yes","< 50ms (Pure Client JS)"
"https://usonlinetools.com/time-date/online-time-zone-converter","Time Zone Converter","Time & Date","time-date","en","US","Online Time Zone Converter | US Online Tools","Convert time between time zones worldwide. Free online time zone converter.","Online Time Zone Converter","321","No","No","Yes","Yes","DATA NOT AVAILABLE","DATA NOT AVAILABLE","DATA NOT AVAILABLE","200 OK","Yes","< 50ms (Pure Client JS)"
"https://usonlinetools.com/time-date/online-stopwatch","Stopwatch Tool","Time & Date","time-date","en","US","Online Stopwatch Tool | US Online Tools","Free online stopwatch with lap times. Simple and accurate digital stopwatch tool.","Online Stopwatch Tool","315","No","No","Yes","Yes","DATA NOT AVAILABLE","DATA NOT AVAILABLE","DATA NOT AVAILABLE","200 OK","Yes","< 50ms (Pure Client JS)"
"https://usonlinetools.com/time-date/half-birthday-calculator","Half Birthday Calculator","Time & Date","time-date","en","US","Online Half Birthday Calculator | US Online Tools","Calculate your half birthday date. Free online half birthday calculator.","Online Half Birthday Calculator","321","No","No","Yes","Yes","DATA NOT AVAILABLE","DATA NOT AVAILABLE","DATA NOT AVAILABLE","200 OK","Yes","< 50ms (Pure Client JS)"
"https://usonlinetools.com/time-date/week-number-calculator","Week Number Calculator","Time & Date","time-date","en","US","Online Week Number Calculator | US Online Tools","Find what week number any date falls on. Free online week number calculator.","Online Week Number Calculator","331","No","No","Yes","Yes","DATA NOT AVAILABLE","DATA NOT AVAILABLE","DATA NOT AVAILABLE","200 OK","Yes","< 50ms (Pure Client JS)"
"https://usonlinetools.com/time-date/overtime-calculator","Overtime Calculator","Time & Date","time-date","en","US","Online Overtime Calculator | US Online Tools","Calculate overtime pay and hours worked. Free online overtime calculator.","Online Overtime Calculator","313","No","No","Yes","Yes","DATA NOT AVAILABLE","DATA NOT AVAILABLE","DATA NOT AVAILABLE","200 OK","Yes","< 50ms (Pure Client JS)"
"https://usonlinetools.com/time-date/days-between-dates-calculator","Days Between Dates Calculator","Time & Date","time-date","en","US","Online Days Between Dates Calculator | US Online Tools","Free online Days Between Dates Calculator. Count the exact days between any two dates. No signup required.","Online Days Between Dates Calculator","343","No","No","Yes","Yes","DATA NOT AVAILABLE","DATA NOT AVAILABLE","DATA NOT AVAILABLE","200 OK","Yes","< 50ms (Pure Client JS)"
"https://usonlinetools.com/time-date/working-days-calculator","Working Days Calculator","Time & Date","time-date","en","US","Online Working Days Calculator | US Online Tools","Free online Working Days Calculator. Calculate working days excluding weekends and holidays. No signup required.","Online Working Days Calculator","329","No","No","Yes","Yes","DATA NOT AVAILABLE","DATA NOT AVAILABLE","DATA NOT AVAILABLE","200 OK","Yes","< 50ms (Pure Client JS)"
"https://usonlinetools.com/time-date/time-addition-calculator","Time Addition Calculator","Time & Date","time-date","en","US","Online Time Addition Calculator | US Online Tools","Free online Time Addition Calculator. Add hours, minutes, and seconds together easily. No signup required.","Online Time Addition Calculator","329","No","No","Yes","Yes","DATA NOT AVAILABLE","DATA NOT AVAILABLE","DATA NOT AVAILABLE","200 OK","Yes","< 50ms (Pure Client JS)"
"https://usonlinetools.com/time-date/time-subtraction-calculator","Time Subtraction Calculator","Time & Date","time-date","en","US","Online Time Subtraction Calculator | US Online Tools","Free online Time Subtraction Calculator. Subtract time values from each other. No signup required.","Online Time Subtraction Calculator","325","No","No","Yes","Yes","DATA NOT AVAILABLE","DATA NOT AVAILABLE","DATA NOT AVAILABLE","200 OK","Yes","< 50ms (Pure Client JS)"
"https://usonlinetools.com/time-date/meeting-time-calculator","Meeting Time Calculator","Time & Date","time-date","en","US","Online Meeting Time Calculator | US Online Tools","Free online Meeting Time Calculator. Find the best meeting time across time zones. No signup required.","Online Meeting Time Calculator","333","No","No","Yes","Yes","DATA NOT AVAILABLE","DATA NOT AVAILABLE","DATA NOT AVAILABLE","200 OK","Yes","< 50ms (Pure Client JS)"
"https://usonlinetools.com/time-date/shift-schedule-calculator","Shift Schedule Calculator","Time & Date","time-date","en","US","Online Shift Schedule Calculator | US Online Tools","Free online Shift Schedule Calculator. Plan and calculate rotating shift schedules. No signup required.","Online Shift Schedule Calculator","325","No","No","Yes","Yes","DATA NOT AVAILABLE","DATA NOT AVAILABLE","DATA NOT AVAILABLE","200 OK","Yes","< 50ms (Pure Client JS)"
"https://usonlinetools.com/time-date/deadline-calculator","Deadline Calculator","Time & Date","time-date","en","US","Online Deadline Calculator | US Online Tools","Free online Deadline Calculator. Calculate deadlines based on start date and duration. No signup required.","Online Deadline Calculator","323","No","No","Yes","Yes","DATA NOT AVAILABLE","DATA NOT AVAILABLE","DATA NOT AVAILABLE","200 OK","Yes","< 50ms (Pure Client JS)"
"https://usonlinetools.com/time-date/study-time-calculator","Study Time Calculator","Time & Date","time-date","en","US","Online Study Time Calculator | US Online Tools","Free online Study Time Calculator. Plan study sessions based on exam dates and topics. No signup required.","Online Study Time Calculator","337","No","No","Yes","Yes","DATA NOT AVAILABLE","DATA NOT AVAILABLE","DATA NOT AVAILABLE","200 OK","Yes","< 50ms (Pure Client JS)"
"https://usonlinetools.com/time-date/reading-time-calculator","Reading Time Calculator","Time & Date","time-date","en","US","Online Reading Time Calculator | US Online Tools","Free online Reading Time Calculator. Estimate how long it takes to read any text. No signup required.","Online Reading Time Calculator","337","No","No","Yes","Yes","DATA NOT AVAILABLE","DATA NOT AVAILABLE","DATA NOT AVAILABLE","200 OK","Yes","< 50ms (Pure Client JS)"
"https://usonlinetools.com/time-date/event-countdown-timer","Event Countdown Timer","Time & Date","time-date","en","US","Online Event Countdown Timer | US Online Tools","Free online event countdown timer. Create a shareable countdown clock for weddings, launches, birthdays, exams, trips, and deadlines with no signup.","Online Event Countdown Timer","353","No","No","Yes","Yes","DATA NOT AVAILABLE","DATA NOT AVAILABLE","DATA NOT AVAILABLE","200 OK","Yes","< 50ms (Pure Client JS)"
"https://usonlinetools.com/time-date/hourly-time-calculator","Hourly Time Calculator","Time & Date","time-date","en","US","Online Hourly Time Calculator | US Online Tools","Free online Hourly Time Calculator. Calculate pay and hours on an hourly basis. No signup required.","Online Hourly Time Calculator","333","No","No","Yes","Yes","DATA NOT AVAILABLE","DATA NOT AVAILABLE","DATA NOT AVAILABLE","200 OK","Yes","< 50ms (Pure Client JS)"
"https://usonlinetools.com/time-date/shift-hours-calculator","Shift Hours Calculator","Time & Date","time-date","en","US","Online Shift Hours Calculator | US Online Tools","Free online Shift Hours Calculator. Calculate total hours worked across shifts. No signup required.","Online Shift Hours Calculator","325","No","No","Yes","Yes","DATA NOT AVAILABLE","DATA NOT AVAILABLE","DATA NOT AVAILABLE","200 OK","Yes","< 50ms (Pure Client JS)"
"https://usonlinetools.com/time-date/time-tracking-calculator","Time Tracking Calculator","Time & Date","time-date","en","US","Online Time Tracking Calculator | US Online Tools","Free online Time Tracking Calculator. Track time spent on tasks and projects. No signup required.","Online Time Tracking Calculator","329","No","No","Yes","Yes","DATA NOT AVAILABLE","DATA NOT AVAILABLE","DATA NOT AVAILABLE","200 OK","Yes","< 50ms (Pure Client JS)"
"https://usonlinetools.com/time-date/time-calculator","Time Calculator","Time & Date","time-date","en","US","Online Time Calculator | US Online Tools","Free online time calculator. Find the time between two times, add or subtract time, and convert decimal hours instantly.","Online Time Calculator","337","No","No","Yes","Yes","DATA NOT AVAILABLE","DATA NOT AVAILABLE","DATA NOT AVAILABLE","200 OK","Yes","< 50ms (Pure Client JS)"
"https://usonlinetools.com/time-date/online-military-time-converter","Military Time Converter","Time & Date","time-date","en","US","Online Military Time Converter | US Online Tools","Free online Military Time Converter. Convert between 12-hour and 24-hour time formats. No signup required.","Online Military Time Converter","329","No","No","Yes","Yes","DATA NOT AVAILABLE","DATA NOT AVAILABLE","DATA NOT AVAILABLE","200 OK","Yes","< 50ms (Pure Client JS)"
"https://usonlinetools.com/time-date/era-calculator","Era Calculator","Time & Date","time-date","en","US","Online Era Calculator | US Online Tools","Free era calculator. Convert between calendar eras, epochs, and dating systems online.","Online Era Calculator","317","No","No","Yes","Yes","DATA NOT AVAILABLE","DATA NOT AVAILABLE","DATA NOT AVAILABLE","200 OK","Yes","< 50ms (Pure Client JS)"
"https://usonlinetools.com/time-date/zodiac-sign-calculator","Zodiac Sign Calculator","Time & Date","time-date","en","US","Online Zodiac Sign Calculator | US Online Tools","Free zodiac sign calculator. Find your star sign from birth date online.","Online Zodiac Sign Calculator","327","No","No","Yes","Yes","DATA NOT AVAILABLE","DATA NOT AVAILABLE","DATA NOT AVAILABLE","200 OK","Yes","< 50ms (Pure Client JS)"
"https://usonlinetools.com/time-date/chinese-zodiac-calculator","Chinese Zodiac Calculator","Time & Date","time-date","en","US","Online Chinese Zodiac Calculator | US Online Tools","Free Chinese zodiac calculator. Find your zodiac animal online.","Online Chinese Zodiac Calculator","321","No","No","Yes","Yes","DATA NOT AVAILABLE","DATA NOT AVAILABLE","DATA NOT AVAILABLE","200 OK","Yes","< 50ms (Pure Client JS)"
"https://usonlinetools.com/time-date/age-in-days-calculator","Age in Days Calculator","Time & Date","time-date","en","US","Online Age in Days Calculator | US Online Tools","Free age in days calculator. Find how many days old you are online.","Online Age in Days Calculator","337","No","No","Yes","Yes","DATA NOT AVAILABLE","DATA NOT AVAILABLE","DATA NOT AVAILABLE","200 OK","Yes","< 50ms (Pure Client JS)"
"https://usonlinetools.com/time-date/retirement-age-calculator","Retirement Age Calculator","Time & Date","time-date","en","US","Online Retirement Age Calculator | US Online Tools","Free retirement age calculator. Find years until retirement online.","Online Retirement Age Calculator","319","No","No","Yes","Yes","DATA NOT AVAILABLE","DATA NOT AVAILABLE","DATA NOT AVAILABLE","200 OK","Yes","< 50ms (Pure Client JS)"
"https://usonlinetools.com/health/online-bmi-calculator","BMI Calculator","Health & Fitness","health","en","US","BMI Calculator - Calculate Body Mass Index | US Online Tools","Use this free BMI calculator to calculate body mass index with metric or imperial units and see adult BMI categories.","BMI Calculator","589","Yes","No","Yes","Yes","DATA NOT AVAILABLE","DATA NOT AVAILABLE","DATA NOT AVAILABLE","200 OK","Yes","< 50ms (Pure Client JS)"
"https://usonlinetools.com/health/online-bmr-calculator","BMR Calculator","Health & Fitness","health","en","US","Online BMR Calculator | US Online Tools","Calculate your BMR (Basal Metabolic Rate). Free online BMR calculator.","Online BMR Calculator","314","No","No","Yes","Yes","DATA NOT AVAILABLE","DATA NOT AVAILABLE","DATA NOT AVAILABLE","200 OK","Yes","< 50ms (Pure Client JS)"
"https://usonlinetools.com/health/online-body-surface-area-calculator","Body Surface Area Calculator","Health & Fitness","health","en","US","Online Body Surface Area Calculator | US Online Tools","Free online body surface area calculator. Estimate BSA with the Mosteller formula.","Online Body Surface Area Calculator","334","Yes","No","Yes","Yes","DATA NOT AVAILABLE","DATA NOT AVAILABLE","DATA NOT AVAILABLE","200 OK","Yes","< 50ms (Pure Client JS)"
"https://usonlinetools.com/health/online-tdee-calculator","TDEE Calculator","Health & Fitness","health","en","US","Online TDEE Calculator | US Online Tools","Calculate TDEE (Total Daily Energy Expenditure). Free online TDEE calculator.","Online TDEE Calculator","314","No","No","Yes","Yes","DATA NOT AVAILABLE","DATA NOT AVAILABLE","DATA NOT AVAILABLE","200 OK","Yes","< 50ms (Pure Client JS)"
"https://usonlinetools.com/health/calorie-intake-calculator","Calorie Intake Calculator","Health & Fitness","health","en","US","Online Calorie Intake Calculator | US Online Tools","Calculate how many calories you need per day. Free online calorie intake calculator.","Online Calorie Intake Calculator","327","No","No","Yes","Yes","DATA NOT AVAILABLE","DATA NOT AVAILABLE","DATA NOT AVAILABLE","200 OK","Yes","< 50ms (Pure Client JS)"
"https://usonlinetools.com/health/water-intake-calculator","Water Intake Calculator","Health & Fitness","health","en","US","Online Water Intake Calculator | US Online Tools","Calculate your daily water intake needs. Free online water intake calculator.","Online Water Intake Calculator","325","No","No","Yes","Yes","DATA NOT AVAILABLE","DATA NOT AVAILABLE","DATA NOT AVAILABLE","200 OK","Yes","< 50ms (Pure Client JS)"
"https://usonlinetools.com/health/ideal-weight-calculator","Ideal Weight Calculator","Health & Fitness","health","en","US","Online Ideal Weight Calculator | US Online Tools","Calculate your ideal body weight. Free online ideal weight calculator.","Online Ideal Weight Calculator","325","No","No","Yes","Yes","DATA NOT AVAILABLE","DATA NOT AVAILABLE","DATA NOT AVAILABLE","200 OK","Yes","< 50ms (Pure Client JS)"
"https://usonlinetools.com/health/body-fat-calculator","Body Fat Calculator","Health & Fitness","health","en","US","Online Body Fat Calculator | US Online Tools","Calculate body fat percentage. Free online body fat calculator.","Online Body Fat Calculator","317","No","No","Yes","Yes","DATA NOT AVAILABLE","DATA NOT AVAILABLE","DATA NOT AVAILABLE","200 OK","Yes","< 50ms (Pure Client JS)"
"https://usonlinetools.com/health/protein-intake-calculator","Protein Intake Calculator","Health & Fitness","health","en","US","Online Protein Intake Calculator | US Online Tools","Find your daily protein intake needs. Free online protein intake calculator.","Online Protein Intake Calculator","323","No","No","Yes","Yes","DATA NOT AVAILABLE","DATA NOT AVAILABLE","DATA NOT AVAILABLE","200 OK","Yes","< 50ms (Pure Client JS)"
"https://usonlinetools.com/health/running-pace-calculator","Running Pace Calculator","Health & Fitness","health","en","US","Online Running Pace Calculator | US Online Tools","Calculate running pace per mile or km. Free online running pace calculator.","Online Running Pace Calculator","325","No","No","Yes","Yes","DATA NOT AVAILABLE","DATA NOT AVAILABLE","DATA NOT AVAILABLE","200 OK","Yes","< 50ms (Pure Client JS)"
"https://usonlinetools.com/health/heart-rate-calculator","Heart Rate Calculator","Health & Fitness","health","en","US","Online Heart Rate Calculator | US Online Tools","Calculate target heart rate zones. Free online heart rate zone calculator.","Online Heart Rate Calculator","323","No","No","Yes","Yes","DATA NOT AVAILABLE","DATA NOT AVAILABLE","DATA NOT AVAILABLE","200 OK","Yes","< 50ms (Pure Client JS)"
"https://usonlinetools.com/health/sleep-calculator","Sleep Calculator","Health & Fitness","health","en","US","Online Sleep Calculator | US Online Tools","Calculate when to sleep or wake up based on sleep cycles. Free sleep calculator.","Online Sleep Calculator","325","No","No","Yes","Yes","DATA NOT AVAILABLE","DATA NOT AVAILABLE","DATA NOT AVAILABLE","200 OK","Yes","< 50ms (Pure Client JS)"
"https://usonlinetools.com/health/pregnancy-due-date-calculator","Pregnancy Due Date Calculator","Health & Fitness","health","en","US","Online Pregnancy Due Date Calculator | US Online Tools","Calculate pregnancy due date. Free online pregnancy due date calculator.","Online Pregnancy Due Date Calculator","331","No","No","Yes","Yes","DATA NOT AVAILABLE","DATA NOT AVAILABLE","DATA NOT AVAILABLE","200 OK","Yes","< 50ms (Pure Client JS)"
"https://usonlinetools.com/health/ovulation-calculator","Ovulation Calculator","Health & Fitness","health","en","US","Ovulation Calculator - US Online Tools","Use this free ovulation calculator to estimate your ovulation date, fertile window, and best days to try to conceive based on your cycle.","Ovulation Calculator","250","Yes","Yes","Yes","Yes","DATA NOT AVAILABLE","DATA NOT AVAILABLE","DATA NOT AVAILABLE","200 OK","Yes","< 50ms (Pure Client JS)"
"https://usonlinetools.com/health/calorie-deficit-calculator","Calorie Deficit Calculator","Health & Fitness","health","en","US","Online Calorie Deficit Calculator | US Online Tools","Calculate calorie deficit for weight loss. Free online calorie deficit calculator.","Online Calorie Deficit Calculator","323","No","No","Yes","Yes","DATA NOT AVAILABLE","DATA NOT AVAILABLE","DATA NOT AVAILABLE","200 OK","Yes","< 50ms (Pure Client JS)"
"https://usonlinetools.com/health/cat-age-calculator","Cat Age Calculator","Health & Fitness","health","en","US","Online Cat Age Calculator | US Online Tools","Calculate your cat","Online Cat Age Calculator","323","No","No","Yes","Yes","DATA NOT AVAILABLE","DATA NOT AVAILABLE","DATA NOT AVAILABLE","200 OK","Yes","< 50ms (Pure Client JS)"
"https://usonlinetools.com/health/dog-age-calculator","Dog Age Calculator","Health & Fitness","health","en","US","Online Dog Age Calculator | US Online Tools","Calculate your dog","Online Dog Age Calculator","323","No","No","Yes","Yes","DATA NOT AVAILABLE","DATA NOT AVAILABLE","DATA NOT AVAILABLE","200 OK","Yes","< 50ms (Pure Client JS)"
"https://usonlinetools.com/health/lean-body-mass-calculator","Lean Body Mass Calculator","Health & Fitness","health","en","US","Online Lean Body Mass Calculator | US Online Tools","Free online Lean Body Mass Calculator. Calculate your lean body mass from body fat. No signup required.","Online Lean Body Mass Calculator","343","No","No","Yes","Yes","DATA NOT AVAILABLE","DATA NOT AVAILABLE","DATA NOT AVAILABLE","200 OK","Yes","< 50ms (Pure Client JS)"
"https://usonlinetools.com/health/daily-calories-burn-calculator","Daily Calories Burn Calculator","Health & Fitness","health","en","US","Online Daily Calories Burn Calculator | US Online Tools","Free online Daily Calories Burn Calculator. Estimate total calories burned in a day. No signup required.","Online Daily Calories Burn Calculator","339","No","No","Yes","Yes","DATA NOT AVAILABLE","DATA NOT AVAILABLE","DATA NOT AVAILABLE","200 OK","Yes","< 50ms (Pure Client JS)"
"https://usonlinetools.com/health/one-rep-max-calculator","One Rep Max Calculator","Health & Fitness","health","en","US","Online One Rep Max Calculator | US Online Tools","Free online One Rep Max Calculator. Calculate your one rep max for any exercise. No signup required.","Online One Rep Max Calculator","343","No","No","Yes","Yes","DATA NOT AVAILABLE","DATA NOT AVAILABLE","DATA NOT AVAILABLE","200 OK","Yes","< 50ms (Pure Client JS)"
"https://usonlinetools.com/health/body-type-calculator","Body Type Calculator","Health & Fitness","health","en","US","Online Body Type Calculator | US Online Tools","Free online Body Type Calculator. Determine your body type: ectomorph, mesomorph, or endomorph. No signup required.","Online Body Type Calculator","333","No","No","Yes","Yes","DATA NOT AVAILABLE","DATA NOT AVAILABLE","DATA NOT AVAILABLE","200 OK","Yes","< 50ms (Pure Client JS)"
"https://usonlinetools.com/health/fitness-age-calculator","Fitness Age Calculator","Health & Fitness","health","en","US","Online Fitness Age Calculator | US Online Tools","Free online Fitness Age Calculator. Calculate your fitness age based on health metrics. No signup required.","Online Fitness Age Calculator","333","No","No","Yes","Yes","DATA NOT AVAILABLE","DATA NOT AVAILABLE","DATA NOT AVAILABLE","200 OK","Yes","< 50ms (Pure Client JS)"
"https://usonlinetools.com/health/walking-calories-calculator","Walking Calories Calculator","Health & Fitness","health","en","US","Online Walking Calories Calculator | US Online Tools","Free online Walking Calories Calculator. Estimate calories burned while walking. No signup required.","Online Walking Calories Calculator","321","No","No","Yes","Yes","DATA NOT AVAILABLE","DATA NOT AVAILABLE","DATA NOT AVAILABLE","200 OK","Yes","< 50ms (Pure Client JS)"
"https://usonlinetools.com/health/cycling-calories-calculator","Cycling Calories Calculator","Health & Fitness","health","en","US","Online Cycling Calories Calculator | US Online Tools","Free online Cycling Calories Calculator. Estimate calories burned while cycling. No signup required.","Online Cycling Calories Calculator","321","No","No","Yes","Yes","DATA NOT AVAILABLE","DATA NOT AVAILABLE","DATA NOT AVAILABLE","200 OK","Yes","< 50ms (Pure Client JS)"
"https://usonlinetools.com/health/macro-nutrient-calculator","Macro Nutrient Calculator","Health & Fitness","health","en","US","Online Macro Nutrient Calculator | US Online Tools","Free online Macro Nutrient Calculator. Calculate your ideal macro ratios for any diet. No signup required.","Online Macro Nutrient Calculator","333","No","No","Yes","Yes","DATA NOT AVAILABLE","DATA NOT AVAILABLE","DATA NOT AVAILABLE","200 OK","Yes","< 50ms (Pure Client JS)"
"https://usonlinetools.com/health/fat-intake-calculator","Fat Intake Calculator","Health & Fitness","health","en","US","Online Fat Intake Calculator | US Online Tools","Free online Fat Intake Calculator. Calculate recommended daily fat intake in grams. No signup required.","Online Fat Intake Calculator","329","No","No","Yes","Yes","DATA NOT AVAILABLE","DATA NOT AVAILABLE","DATA NOT AVAILABLE","200 OK","Yes","< 50ms (Pure Client JS)"
"https://usonlinetools.com/health/workout-duration-calculator","Workout Duration Calculator","Health & Fitness","health","en","US","Online Workout Duration Calculator | US Online Tools","Free online Workout Duration Calculator. Plan workout duration based on fitness goals. No signup required.","Online Workout Duration Calculator","329","No","No","Yes","Yes","DATA NOT AVAILABLE","DATA NOT AVAILABLE","DATA NOT AVAILABLE","200 OK","Yes","< 50ms (Pure Client JS)"
"https://usonlinetools.com/health/step-counter-estimator","Step Counter Estimator","Health & Fitness","health","en","US","Online Step Counter Estimator | US Online Tools","Free online Step Counter Estimator. Estimate steps from distance, time, or activity. No signup required.","Online Step Counter Estimator","329","No","No","Yes","Yes","DATA NOT AVAILABLE","DATA NOT AVAILABLE","DATA NOT AVAILABLE","200 OK","Yes","< 50ms (Pure Client JS)"
"https://usonlinetools.com/health/calorie-calculator","Calorie Calculator","Health & Fitness","health","en","US","Online Calorie Calculator | US Online Tools","Free calorie calculator. Find your daily calorie needs for weight goals online.","Online Calorie Calculator","321","No","No","Yes","Yes","DATA NOT AVAILABLE","DATA NOT AVAILABLE","DATA NOT AVAILABLE","200 OK","Yes","< 50ms (Pure Client JS)"
"https://usonlinetools.com/health/bac-calculator","BAC Calculator","Health & Fitness","health","en","US","Online BAC Calculator | US Online Tools","Free BAC calculator. Estimate blood alcohol level online.","Online BAC Calculator","309","No","No","Yes","Yes","DATA NOT AVAILABLE","DATA NOT AVAILABLE","DATA NOT AVAILABLE","200 OK","Yes","< 50ms (Pure Client JS)"
"https://usonlinetools.com/health/waist-to-hip-ratio-calculator","Waist to Hip Ratio Calculator","Health & Fitness","health","en","US","Online Waist to Hip Ratio Calculator | US Online Tools","Free waist to hip ratio calculator. Assess health risk from body measurements.","Online Waist to Hip Ratio Calculator","339","No","No","Yes","Yes","DATA NOT AVAILABLE","DATA NOT AVAILABLE","DATA NOT AVAILABLE","200 OK","Yes","< 50ms (Pure Client JS)"
"https://usonlinetools.com/health/keto-calculator","Keto Calculator","Health & Fitness","health","en","US","Online Keto Calculator | US Online Tools","Free keto calculator. Find ideal fat, protein, carb ratios for keto diet.","Online Keto Calculator","317","No","No","Yes","Yes","DATA NOT AVAILABLE","DATA NOT AVAILABLE","DATA NOT AVAILABLE","200 OK","Yes","< 50ms (Pure Client JS)"
"https://usonlinetools.com/health/intermittent-fasting-calculator","Intermittent Fasting Calculator","Health & Fitness","health","en","US","Online Intermittent Fasting Calculator | US Online Tools","Free intermittent fasting calculator. Plan fasting schedules online.","Online Intermittent Fasting Calculator","319","No","No","Yes","Yes","DATA NOT AVAILABLE","DATA NOT AVAILABLE","DATA NOT AVAILABLE","200 OK","Yes","< 50ms (Pure Client JS)"
"https://usonlinetools.com/health/vo2-max-calculator","VO2 Max Calculator","Health & Fitness","health","en","US","Online VO2 Max Calculator | US Online Tools","Free VO2 max calculator. Estimate aerobic fitness level online.","Online VO2 Max Calculator","321","No","No","Yes","Yes","DATA NOT AVAILABLE","DATA NOT AVAILABLE","DATA NOT AVAILABLE","200 OK","Yes","< 50ms (Pure Client JS)"
"https://usonlinetools.com/construction/concrete-calculator","Concrete Volume Calculator","Construction & DIY","construction","en","US","Online Concrete Volume Calculator | US Online Tools","Calculate concrete volume in cubic yards or meters. Free concrete calculator.","Online Concrete Volume Calculator","322","No","No","Yes","Yes","DATA NOT AVAILABLE","DATA NOT AVAILABLE","DATA NOT AVAILABLE","200 OK","Yes","< 50ms (Pure Client JS)"
"https://usonlinetools.com/construction/cement-calculator","Cement Calculator","Construction & DIY","construction","en","US","Online Cement Calculator | US Online Tools","Calculate cement quantity for construction. Free online cement calculator.","Online Cement Calculator","311","No","No","Yes","Yes","DATA NOT AVAILABLE","DATA NOT AVAILABLE","DATA NOT AVAILABLE","200 OK","Yes","< 50ms (Pure Client JS)"
"https://usonlinetools.com/construction/brick-calculator","Brick Calculator","Construction & DIY","construction","en","US","Online Brick Calculator | US Online Tools","Calculate number of bricks needed for any wall. Free brick calculator for construction.","Online Brick Calculator","321","No","No","Yes","Yes","DATA NOT AVAILABLE","DATA NOT AVAILABLE","DATA NOT AVAILABLE","200 OK","Yes","< 50ms (Pure Client JS)"
"https://usonlinetools.com/construction/steel-weight-calculator","Steel Weight Calculator","Construction & DIY","construction","en","US","Online Steel Weight Calculator | US Online Tools","Calculate steel bar weight. Free online steel weight calculator for construction.","Online Steel Weight Calculator","324","No","No","Yes","Yes","DATA NOT AVAILABLE","DATA NOT AVAILABLE","DATA NOT AVAILABLE","200 OK","Yes","< 50ms (Pure Client JS)"
"https://usonlinetools.com/construction/paint-calculator","Paint Calculator","Construction & DIY","construction","en","US","Online Paint Calculator | US Online Tools","Calculate how much paint you need. Free paint coverage calculator.","Online Paint Calculator","313","No","No","Yes","Yes","DATA NOT AVAILABLE","DATA NOT AVAILABLE","DATA NOT AVAILABLE","200 OK","Yes","< 50ms (Pure Client JS)"
"https://usonlinetools.com/construction/tile-calculator","Tile Calculator","Construction & DIY","construction","en","US","Online Tile Calculator | US Online Tools","Calculate number of tiles needed for any room. Free tile calculator.","Online Tile Calculator","315","No","No","Yes","Yes","DATA NOT AVAILABLE","DATA NOT AVAILABLE","DATA NOT AVAILABLE","200 OK","Yes","< 50ms (Pure Client JS)"
"https://usonlinetools.com/construction/flooring-calculator","Flooring Calculator","Construction & DIY","construction","en","US","Online Flooring Calculator | US Online Tools","Calculate flooring materials needed. Free flooring calculator for any room.","Online Flooring Calculator","311","No","No","Yes","Yes","DATA NOT AVAILABLE","DATA NOT AVAILABLE","DATA NOT AVAILABLE","200 OK","Yes","< 50ms (Pure Client JS)"
"https://usonlinetools.com/construction/room-area-calculator","Room Area Calculator","Construction & DIY","construction","en","US","Online Room Area Calculator | US Online Tools","Calculate room area in square feet or meters. Free room area calculator.","Online Room Area Calculator","325","No","No","Yes","Yes","DATA NOT AVAILABLE","DATA NOT AVAILABLE","DATA NOT AVAILABLE","200 OK","Yes","< 50ms (Pure Client JS)"
"https://usonlinetools.com/construction/roof-area-calculator","Roof Area Calculator","Construction & DIY","construction","en","US","Online Roof Area Calculator | US Online Tools","Calculate roof area for any shape. Free online roof area calculator.","Online Roof Area Calculator","325","No","No","Yes","Yes","DATA NOT AVAILABLE","DATA NOT AVAILABLE","DATA NOT AVAILABLE","200 OK","Yes","< 50ms (Pure Client JS)"
"https://usonlinetools.com/construction/water-tank-calculator","Water Tank Capacity Calculator","Construction & DIY","construction","en","US","Online Water Tank Capacity Calculator | US Online Tools","Calculate water tank capacity. Free water tank volume calculator.","Online Water Tank Capacity Calculator","325","No","No","Yes","Yes","DATA NOT AVAILABLE","DATA NOT AVAILABLE","DATA NOT AVAILABLE","200 OK","Yes","< 50ms (Pure Client JS)"
"https://usonlinetools.com/construction/asphalt-calculator","Asphalt Calculator","Construction & DIY","construction","en","US","Online Asphalt Calculator | US Online Tools","Calculate asphalt needed for paving projects. Free online asphalt calculator.","Online Asphalt Calculator","313","No","No","Yes","Yes","DATA NOT AVAILABLE","DATA NOT AVAILABLE","DATA NOT AVAILABLE","200 OK","Yes","< 50ms (Pure Client JS)"
"https://usonlinetools.com/construction/gravel-calculator","Gravel Calculator","Construction & DIY","construction","en","US","Online Gravel Calculator | US Online Tools","Calculate gravel needed for any area. Free gravel volume calculator.","Online Gravel Calculator","311","No","No","Yes","Yes","DATA NOT AVAILABLE","DATA NOT AVAILABLE","DATA NOT AVAILABLE","200 OK","Yes","< 50ms (Pure Client JS)"
"https://usonlinetools.com/construction/fence-length-calculator","Fence Length Calculator","Construction & DIY","construction","en","US","Online Fence Length Calculator | US Online Tools","Calculate fence length and materials needed. Free fence calculator.","Online Fence Length Calculator","315","No","No","Yes","Yes","DATA NOT AVAILABLE","DATA NOT AVAILABLE","DATA NOT AVAILABLE","200 OK","Yes","< 50ms (Pure Client JS)"
"https://usonlinetools.com/construction/lumber-calculator","Lumber Calculator","Construction & DIY","construction","en","US","Online Lumber Calculator | US Online Tools","Calculate board feet of lumber. Free online lumber calculator.","Online Lumber Calculator","311","No","No","Yes","Yes","DATA NOT AVAILABLE","DATA NOT AVAILABLE","DATA NOT AVAILABLE","200 OK","Yes","< 50ms (Pure Client JS)"
"https://usonlinetools.com/construction/wall-area-calculator","Wall Area Calculator","Construction & DIY","construction","en","US","Online Wall Area Calculator | US Online Tools","Free online Wall Area Calculator. Calculate the total area of walls for painting or tiling. No signup required.","Online Wall Area Calculator","339","No","No","Yes","Yes","DATA NOT AVAILABLE","DATA NOT AVAILABLE","DATA NOT AVAILABLE","200 OK","Yes","< 50ms (Pure Client JS)"
"https://usonlinetools.com/construction/pipe-volume-calculator","Pipe Volume Calculator","Construction & DIY","construction","en","US","Online Pipe Volume Calculator | US Online Tools","Free online Pipe Volume Calculator. Calculate the volume of liquid inside a pipe. No signup required.","Online Pipe Volume Calculator","331","No","No","Yes","Yes","DATA NOT AVAILABLE","DATA NOT AVAILABLE","DATA NOT AVAILABLE","200 OK","Yes","< 50ms (Pure Client JS)"
"https://usonlinetools.com/construction/sand-calculator","Sand Calculator","Construction & DIY","construction","en","US","Online Sand Calculator | US Online Tools","Free online Sand Calculator. Estimate sand needed for any construction project. No signup required.","Online Sand Calculator","317","No","No","Yes","Yes","DATA NOT AVAILABLE","DATA NOT AVAILABLE","DATA NOT AVAILABLE","200 OK","Yes","< 50ms (Pure Client JS)"
"https://usonlinetools.com/construction/excavation-calculator","Excavation Calculator","Construction & DIY","construction","en","US","Online Excavation Calculator | US Online Tools","Free online Excavation Calculator. Calculate excavation volume for any site. No signup required.","Online Excavation Calculator","313","No","No","Yes","Yes","DATA NOT AVAILABLE","DATA NOT AVAILABLE","DATA NOT AVAILABLE","200 OK","Yes","< 50ms (Pure Client JS)"
"https://usonlinetools.com/construction/stair-calculator","Stair Calculator","Construction & DIY","construction","en","US","Online Stair Calculator | US Online Tools","Free online Stair Calculator. Design stairs with proper rise, run, and dimensions. No signup required.","Online Stair Calculator","321","No","No","Yes","Yes","DATA NOT AVAILABLE","DATA NOT AVAILABLE","DATA NOT AVAILABLE","200 OK","Yes","< 50ms (Pure Client JS)"
"https://usonlinetools.com/construction/material-cost-calculator","Material Cost Calculator","Construction & DIY","construction","en","US","Online Material Cost Calculator | US Online Tools","Free online Material Cost Calculator. Estimate total material costs for any project. No signup required.","Online Material Cost Calculator","327","No","No","Yes","Yes","DATA NOT AVAILABLE","DATA NOT AVAILABLE","DATA NOT AVAILABLE","200 OK","Yes","< 50ms (Pure Client JS)"
"https://usonlinetools.com/construction/deck-area-calculator","Deck Area Calculator","Construction & DIY","construction","en","US","Online Deck Area Calculator | US Online Tools","Free online Deck Area Calculator. Calculate deck area and materials needed. No signup required.","Online Deck Area Calculator","323","No","No","Yes","Yes","DATA NOT AVAILABLE","DATA NOT AVAILABLE","DATA NOT AVAILABLE","200 OK","Yes","< 50ms (Pure Client JS)"
"https://usonlinetools.com/construction/plaster-calculator","Plaster Calculator","Construction & DIY","construction","en","US","Online Plaster Calculator | US Online Tools","Free online Plaster Calculator. Estimate plaster or drywall needed for walls. No signup required.","Online Plaster Calculator","317","No","No","Yes","Yes","DATA NOT AVAILABLE","DATA NOT AVAILABLE","DATA NOT AVAILABLE","200 OK","Yes","< 50ms (Pure Client JS)"
"https://usonlinetools.com/construction/insulation-calculator","Insulation Calculator","Construction & DIY","construction","en","US","Online Insulation Calculator | US Online Tools","Free insulation calculator. Estimate insulation coverage, waste allowance, and packs needed for your project.","Online Insulation Calculator","335","No","No","Yes","Yes","DATA NOT AVAILABLE","DATA NOT AVAILABLE","DATA NOT AVAILABLE","200 OK","Yes","< 50ms (Pure Client JS)"
"https://usonlinetools.com/construction/concrete-block-calculator","Concrete Block Calculator","Construction & DIY","construction","en","US","Online Concrete Block Calculator | US Online Tools","Free concrete block calculator. Estimate wall blocks, block courses, and waste-adjusted order quantity online.","Online Concrete Block Calculator","347","No","No","Yes","Yes","DATA NOT AVAILABLE","DATA NOT AVAILABLE","DATA NOT AVAILABLE","200 OK","Yes","< 50ms (Pure Client JS)"
"https://usonlinetools.com/construction/paver-calculator","Paver Calculator","Construction & DIY","construction","en","US","Online Paver Calculator | US Online Tools","Free paver calculator. Estimate patio and driveway pavers with project area and waste included.","Online Paver Calculator","331","No","No","Yes","Yes","DATA NOT AVAILABLE","DATA NOT AVAILABLE","DATA NOT AVAILABLE","200 OK","Yes","< 50ms (Pure Client JS)"
"https://usonlinetools.com/construction/bitumen-calculator","Bitumen Calculator","Construction & DIY","construction","en","US","Online Bitumen Calculator | US Online Tools","Free bitumen calculator. Estimate bitumen quantity by area, application rate, coats, and tonnage.","Online Bitumen Calculator","325","No","No","Yes","Yes","DATA NOT AVAILABLE","DATA NOT AVAILABLE","DATA NOT AVAILABLE","200 OK","Yes","< 50ms (Pure Client JS)"
"https://usonlinetools.com/construction/pool-salt-calculator","Pool Salt Calculator","Construction & DIY","construction","en","US","Online Pool Salt Calculator | US Online Tools","Free pool salt calculator. Estimate pool salt needed from pool volume and target salt level.","Online Pool Salt Calculator","349","No","No","Yes","Yes","DATA NOT AVAILABLE","DATA NOT AVAILABLE","DATA NOT AVAILABLE","200 OK","Yes","< 50ms (Pure Client JS)"
"https://usonlinetools.com/construction/rebar-calculator","Rebar Calculator","Construction & DIY","construction","en","US","Online Rebar Calculator | US Online Tools","Free rebar calculator. Calculate rebar needs for construction online.","Online Rebar Calculator","309","No","No","Yes","Yes","DATA NOT AVAILABLE","DATA NOT AVAILABLE","DATA NOT AVAILABLE","200 OK","Yes","< 50ms (Pure Client JS)"
"https://usonlinetools.com/construction/drywall-calculator","Drywall Calculator","Construction & DIY","construction","en","US","Online Drywall Calculator | US Online Tools","Free drywall calculator. Calculate sheets of drywall needed online.","Online Drywall Calculator","309","No","No","Yes","Yes","DATA NOT AVAILABLE","DATA NOT AVAILABLE","DATA NOT AVAILABLE","200 OK","Yes","< 50ms (Pure Client JS)"
"https://usonlinetools.com/construction/wallpaper-calculator","Wallpaper Calculator","Construction & DIY","construction","en","US","Online Wallpaper Calculator | US Online Tools","Free wallpaper calculator. Estimate wallpaper rolls needed online.","Online Wallpaper Calculator","305","No","No","Yes","Yes","DATA NOT AVAILABLE","DATA NOT AVAILABLE","DATA NOT AVAILABLE","200 OK","Yes","< 50ms (Pure Client JS)"
"https://usonlinetools.com/construction/mulch-calculator","Mulch Calculator","Construction & DIY","construction","en","US","Online Mulch Calculator | US Online Tools","Free mulch calculator. Calculate mulch needed for landscaping online.","Online Mulch Calculator","307","No","No","Yes","Yes","DATA NOT AVAILABLE","DATA NOT AVAILABLE","DATA NOT AVAILABLE","200 OK","Yes","< 50ms (Pure Client JS)"
"https://usonlinetools.com/construction/soil-calculator","Soil Calculator","Construction & DIY","construction","en","US","Online Soil Calculator | US Online Tools","Free soil calculator. Calculate soil volume for garden projects online.","Online Soil Calculator","313","No","No","Yes","Yes","DATA NOT AVAILABLE","DATA NOT AVAILABLE","DATA NOT AVAILABLE","200 OK","Yes","< 50ms (Pure Client JS)"
"https://usonlinetools.com/construction/solar-panel-calculator","Solar Panel Calculator","Construction & DIY","construction","en","US","Online Solar Panel Calculator | US Online Tools","Free solar panel calculator. Estimate panels needed, system size, output, and roof area online.","Online Solar Panel Calculator","337","No","No","Yes","Yes","DATA NOT AVAILABLE","DATA NOT AVAILABLE","DATA NOT AVAILABLE","200 OK","Yes","< 50ms (Pure Client JS)"
"https://usonlinetools.com/construction/electrical-load-calculator","Electrical Load Calculator","Construction & DIY","construction","en","US","Online Electrical Load Calculator | US Online Tools","Free electrical load calculator. Estimate connected load, demand load, current, and breaker size online.","Online Electrical Load Calculator","339","No","No","Yes","Yes","DATA NOT AVAILABLE","DATA NOT AVAILABLE","DATA NOT AVAILABLE","200 OK","Yes","< 50ms (Pure Client JS)"
"https://usonlinetools.com/productivity/online-word-counter","Word Counter","Productivity & Text","productivity","en","US","Word Counter - Free Word and Character Counter | US Online Tools","Use this free word counter to count words, characters, sentences, paragraphs, and reading time online. Paste text and get instant results.","Word Counter","529","No","No","Yes","Yes","DATA NOT AVAILABLE","DATA NOT AVAILABLE","DATA NOT AVAILABLE","200 OK","Yes","< 50ms (Pure Client JS)"
"https://usonlinetools.com/productivity/random-name-generator","Random Name Generator","Productivity & Text","productivity","en","US","Online Random Name Generator | US Online Tools","Generate random names online. Free random name generator for characters, projects, and more.","Online Random Name Generator","329","No","No","Yes","Yes","DATA NOT AVAILABLE","DATA NOT AVAILABLE","DATA NOT AVAILABLE","200 OK","Yes","< 50ms (Pure Client JS)"
"https://usonlinetools.com/productivity/username-generator","Username Generator","Productivity & Text","productivity","en","US","Online Username Generator | US Online Tools","Generate unique usernames online. Free username generator tool.","Online Username Generator","306","No","No","Yes","Yes","DATA NOT AVAILABLE","DATA NOT AVAILABLE","DATA NOT AVAILABLE","200 OK","Yes","< 50ms (Pure Client JS)"
"https://usonlinetools.com/productivity/dice-roller","Dice Roller","Productivity & Text","productivity","en","US","Online Dice Roller | US Online Tools","Roll virtual dice online. Free dice roller for any number of sides.","Online Dice Roller","321","No","No","Yes","Yes","DATA NOT AVAILABLE","DATA NOT AVAILABLE","DATA NOT AVAILABLE","200 OK","Yes","< 50ms (Pure Client JS)"
"https://usonlinetools.com/productivity/coin-flip","Coin Flip Tool","Productivity & Text","productivity","en","US","Online Coin Flip Tool | US Online Tools","Flip a virtual coin online. Free online heads or tails coin flip tool.","Online Coin Flip Tool","327","No","No","Yes","Yes","DATA NOT AVAILABLE","DATA NOT AVAILABLE","DATA NOT AVAILABLE","200 OK","Yes","< 50ms (Pure Client JS)"
"https://usonlinetools.com/productivity/random-color-generator","Random Color Generator","Productivity & Text","productivity","en","US","Online Random Color Generator | US Online Tools","Generate random colors. Free online random color generator with HEX codes.","Online Random Color Generator","321","No","No","Yes","Yes","DATA NOT AVAILABLE","DATA NOT AVAILABLE","DATA NOT AVAILABLE","200 OK","Yes","< 50ms (Pure Client JS)"
"https://usonlinetools.com/productivity/case-converter","Case Converter","Productivity & Text","productivity","en","US","Online Case Converter | US Online Tools","Convert text case online. Free case converter: uppercase, lowercase, title case, camelCase.","Online Case Converter","318","No","No","Yes","Yes","DATA NOT AVAILABLE","DATA NOT AVAILABLE","DATA NOT AVAILABLE","200 OK","Yes","< 50ms (Pure Client JS)"
"https://usonlinetools.com/productivity/text-reverser","Text Reverser Tool","Productivity & Text","productivity","en","US","Online Text Reverser Tool | US Online Tools","Reverse text online. Free text reverser tool.","Online Text Reverser Tool","314","No","No","Yes","Yes","DATA NOT AVAILABLE","DATA NOT AVAILABLE","DATA NOT AVAILABLE","200 OK","Yes","< 50ms (Pure Client JS)"
"https://usonlinetools.com/productivity/duplicate-line-remover","Duplicate Line Remover","Productivity & Text","productivity","en","US","Online Duplicate Line Remover | US Online Tools","Remove duplicate lines from text. Free online duplicate line remover tool.","Online Duplicate Line Remover","323","No","No","Yes","Yes","DATA NOT AVAILABLE","DATA NOT AVAILABLE","DATA NOT AVAILABLE","200 OK","Yes","< 50ms (Pure Client JS)"
"https://usonlinetools.com/productivity/alphabetical-sort","Alphabetical Sort Tool","Productivity & Text","productivity","en","US","Online Alphabetical Sort Tool | US Online Tools","Sort text alphabetically online. Free alphabetical sorter tool.","Online Alphabetical Sort Tool","320","No","No","Yes","Yes","DATA NOT AVAILABLE","DATA NOT AVAILABLE","DATA NOT AVAILABLE","200 OK","Yes","< 50ms (Pure Client JS)"
"https://usonlinetools.com/productivity/palindrome-checker","Palindrome Checker","Productivity & Text","productivity","en","US","Online Palindrome Checker | US Online Tools","Check if text is a palindrome. Free online palindrome checker.","Online Palindrome Checker","314","No","No","Yes","Yes","DATA NOT AVAILABLE","DATA NOT AVAILABLE","DATA NOT AVAILABLE","200 OK","Yes","< 50ms (Pure Client JS)"
"https://usonlinetools.com/productivity/hashtag-generator","Hashtag Generator Tool","Productivity & Text","productivity","en","US","Online Hashtag Generator Tool | US Online Tools","Generate hashtags for Instagram, Twitter, TikTok. Free hashtag generator tool.","Online Hashtag Generator Tool","317","No","No","Yes","Yes","DATA NOT AVAILABLE","DATA NOT AVAILABLE","DATA NOT AVAILABLE","200 OK","Yes","< 50ms (Pure Client JS)"
"https://usonlinetools.com/productivity/word-frequency-counter","Word Frequency Counter","Productivity & Text","productivity","en","US","Online Word Frequency Counter | US Online Tools","Count word frequency in text. Free word frequency analyzer tool.","Online Word Frequency Counter","322","No","No","Yes","Yes","DATA NOT AVAILABLE","DATA NOT AVAILABLE","DATA NOT AVAILABLE","200 OK","Yes","< 50ms (Pure Client JS)"
"https://usonlinetools.com/productivity/random-letter-generator","Random Letter Generator","Productivity & Text","productivity","en","US","Online Random Letter Generator | US Online Tools","Free online Random Letter Generator. Generate random letters for games or codes. No signup required.","Online Random Letter Generator","328","No","No","Yes","Yes","DATA NOT AVAILABLE","DATA NOT AVAILABLE","DATA NOT AVAILABLE","200 OK","Yes","< 50ms (Pure Client JS)"
"https://usonlinetools.com/productivity/random-picker-tool","Random Picker Tool","Productivity & Text","productivity","en","US","Online Random Picker Tool | US Online Tools","Free online Random Picker Tool. Pick random items from any custom list. No signup required.","Online Random Picker Tool","328","No","No","Yes","Yes","DATA NOT AVAILABLE","DATA NOT AVAILABLE","DATA NOT AVAILABLE","200 OK","Yes","< 50ms (Pure Client JS)"
"https://usonlinetools.com/productivity/spin-wheel-generator","Spin Wheel Generator","Productivity & Text","productivity","en","US","Online Spin Wheel Generator | US Online Tools","Free online Spin Wheel Generator. Create a custom spin wheel for random selection. No signup required.","Online Spin Wheel Generator","332","No","No","Yes","Yes","DATA NOT AVAILABLE","DATA NOT AVAILABLE","DATA NOT AVAILABLE","200 OK","Yes","< 50ms (Pure Client JS)"
"https://usonlinetools.com/productivity/character-counter-tool","Character Counter Tool","Productivity & Text","productivity","en","US","Online Character Counter Tool | US Online Tools","Free online Character Counter Tool. Count characters with and without spaces in text. No signup required.","Online Character Counter Tool","331","No","No","Yes","Yes","DATA NOT AVAILABLE","DATA NOT AVAILABLE","DATA NOT AVAILABLE","200 OK","Yes","< 50ms (Pure Client JS)"
"https://usonlinetools.com/productivity/line-counter-tool","Line Counter Tool","Productivity & Text","productivity","en","US","Online Line Counter Tool | US Online Tools","Free online Line Counter Tool. Count the number of lines in any text or code. No signup required.","Online Line Counter Tool","339","No","No","Yes","Yes","DATA NOT AVAILABLE","DATA NOT AVAILABLE","DATA NOT AVAILABLE","200 OK","Yes","< 50ms (Pure Client JS)"
"https://usonlinetools.com/productivity/remove-extra-spaces-tool","Remove Extra Spaces Tool","Productivity & Text","productivity","en","US","Online Remove Extra Spaces Tool | US Online Tools","Free online Remove Extra Spaces Tool. Clean up extra whitespace from any text. No signup required.","Online Remove Extra Spaces Tool","338","No","No","Yes","Yes","DATA NOT AVAILABLE","DATA NOT AVAILABLE","DATA NOT AVAILABLE","200 OK","Yes","< 50ms (Pure Client JS)"
"https://usonlinetools.com/productivity/sort-text-lines-tool","Sort Text Lines Tool","Productivity & Text","productivity","en","US","Online Sort Text Lines Tool | US Online Tools","Free online Sort Text Lines Tool. Sort lines of text alphabetically or numerically. No signup required.","Online Sort Text Lines Tool","338","No","No","Yes","Yes","DATA NOT AVAILABLE","DATA NOT AVAILABLE","DATA NOT AVAILABLE","200 OK","Yes","< 50ms (Pure Client JS)"
"https://usonlinetools.com/productivity/list-randomizer-tool","List Randomizer Tool","Productivity & Text","productivity","en","US","Online List Randomizer Tool | US Online Tools","Free online List Randomizer Tool. Randomize the order of items in any list. No signup required.","Online List Randomizer Tool","332","No","No","Yes","Yes","DATA NOT AVAILABLE","DATA NOT AVAILABLE","DATA NOT AVAILABLE","200 OK","Yes","< 50ms (Pure Client JS)"
"https://usonlinetools.com/productivity/text-formatter-tool","Text Formatter Tool","Productivity & Text","productivity","en","US","Online Text Formatter Tool | US Online Tools","Free online Text Formatter Tool. Format and beautify text with various options. No signup required.","Online Text Formatter Tool","327","No","No","Yes","Yes","DATA NOT AVAILABLE","DATA NOT AVAILABLE","DATA NOT AVAILABLE","200 OK","Yes","< 50ms (Pure Client JS)"
"https://usonlinetools.com/productivity/uuid-generator","UUID Generator","Productivity & Text","productivity","en","US","UUID Generator - US Online Tools","Free UUID generator. Generate random UUIDs online.","UUID Generator","250","Yes","Yes","Yes","Yes","DATA NOT AVAILABLE","DATA NOT AVAILABLE","DATA NOT AVAILABLE","200 OK","Yes","< 50ms (Pure Client JS)"
"https://usonlinetools.com/productivity/json-formatter","JSON Formatter","Productivity & Text","productivity","en","US","Online JSON Formatter | US Online Tools","Free JSON formatter. Validate and beautify JSON data online.","Online JSON Formatter","308","No","No","Yes","Yes","DATA NOT AVAILABLE","DATA NOT AVAILABLE","DATA NOT AVAILABLE","200 OK","Yes","< 50ms (Pure Client JS)"
"https://usonlinetools.com/productivity/base64-encoder-decoder","Base64 Encoder Decoder","Productivity & Text","productivity","en","US","Online Base64 Encoder Decoder | US Online Tools","Free Base64 encoder decoder. Convert to and from Base64 online.","Online Base64 Encoder Decoder","321","No","No","Yes","Yes","DATA NOT AVAILABLE","DATA NOT AVAILABLE","DATA NOT AVAILABLE","200 OK","Yes","< 50ms (Pure Client JS)"
"https://usonlinetools.com/productivity/love-calculator","Love Calculator","Productivity & Text","productivity","en","US","Online Love Calculator | US Online Tools","Free online love calculator. Enter two names to get a fun compatibility score, match band, and ship name instantly.","Online Love Calculator","336","No","No","Yes","Yes","DATA NOT AVAILABLE","DATA NOT AVAILABLE","DATA NOT AVAILABLE","200 OK","Yes","< 50ms (Pure Client JS)"
"https://usonlinetools.com/education/online-gpa-calculator","GPA Calculator","Student & Education","education","en","US","Online GPA Calculator | US Online Tools","Calculate your GPA online. Free GPA calculator for college and high school students.","Online GPA Calculator","322","No","No","Yes","Yes","DATA NOT AVAILABLE","DATA NOT AVAILABLE","DATA NOT AVAILABLE","200 OK","Yes","< 50ms (Pure Client JS)"
"https://usonlinetools.com/education/grade-calculator","Grade Calculator","Student & Education","education","en","US","Online Grade Calculator | US Online Tools","Calculate your course grade. Free online grade calculator for students.","Online Grade Calculator","312","No","No","Yes","Yes","DATA NOT AVAILABLE","DATA NOT AVAILABLE","DATA NOT AVAILABLE","200 OK","Yes","< 50ms (Pure Client JS)"
"https://usonlinetools.com/education/weighted-grade-calculator","Weighted Grade Calculator","Student & Education","education","en","US","Online Weighted Grade Calculator | US Online Tools","Free weighted grade calculator. Calculate your current weighted course grade and remaining course weight online.","Online Weighted Grade Calculator","339","No","No","Yes","Yes","DATA NOT AVAILABLE","DATA NOT AVAILABLE","DATA NOT AVAILABLE","200 OK","Yes","< 50ms (Pure Client JS)"
"https://usonlinetools.com/education/final-grade-calculator","Final Grade Calculator","Student & Education","education","en","US","Online Final Grade Calculator | US Online Tools","Free final grade calculator. See what score you need on your final exam to hit your target grade.","Online Final Grade Calculator","345","No","No","Yes","Yes","DATA NOT AVAILABLE","DATA NOT AVAILABLE","DATA NOT AVAILABLE","200 OK","Yes","< 50ms (Pure Client JS)"
"https://usonlinetools.com/education/percentage-grade-calculator","Percentage Grade Calculator","Student & Education","education","en","US","Online Percentage Grade Calculator | US Online Tools","Free percentage grade calculator. Convert marks to percentage, letter grade, and GPA equivalent online.","Online Percentage Grade Calculator","335","No","No","Yes","Yes","DATA NOT AVAILABLE","DATA NOT AVAILABLE","DATA NOT AVAILABLE","200 OK","Yes","< 50ms (Pure Client JS)"
"https://usonlinetools.com/education/attendance-percentage-calculator","Attendance Percentage Calculator","Student & Education","education","en","US","Online Attendance Percentage Calculator | US Online Tools","Free attendance percentage calculator. Check your class attendance rate and target recovery instantly.","Online Attendance Percentage Calculator","339","No","No","Yes","Yes","DATA NOT AVAILABLE","DATA NOT AVAILABLE","DATA NOT AVAILABLE","200 OK","Yes","< 50ms (Pure Client JS)"
"https://usonlinetools.com/education/reading-speed-calculator","Reading Speed Calculator","Student & Education","education","en","US","Online Reading Speed Calculator | US Online Tools","Free reading speed calculator. Measure words per minute and estimate reading time for assignments and articles.","Online Reading Speed Calculator","347","No","No","Yes","Yes","DATA NOT AVAILABLE","DATA NOT AVAILABLE","DATA NOT AVAILABLE","200 OK","Yes","< 50ms (Pure Client JS)"
"https://usonlinetools.com/education/marks-percentage-calculator","Marks Percentage Calculator","Student & Education","education","en","US","Online Marks Percentage Calculator | US Online Tools","Free marks percentage calculator. Convert obtained marks to percentage and calculate target marks online.","Online Marks Percentage Calculator","339","No","No","Yes","Yes","DATA NOT AVAILABLE","DATA NOT AVAILABLE","DATA NOT AVAILABLE","200 OK","Yes","< 50ms (Pure Client JS)"
"https://usonlinetools.com/education/marks-to-gpa-converter","Marks to GPA Converter","Student & Education","education","en","US","Online Marks to GPA Converter | US Online Tools","Convert marks to GPA. Free online marks to GPA converter.","Online Marks to GPA Converter","329","No","No","Yes","Yes","DATA NOT AVAILABLE","DATA NOT AVAILABLE","DATA NOT AVAILABLE","200 OK","Yes","< 50ms (Pure Client JS)"
"https://usonlinetools.com/education/class-average-calculator","Class Average Calculator","Student & Education","education","en","US","Online Class Average Calculator | US Online Tools","Free class average calculator. Calculate class average, highest score, lowest score, and pass rate online.","Online Class Average Calculator","347","No","No","Yes","Yes","DATA NOT AVAILABLE","DATA NOT AVAILABLE","DATA NOT AVAILABLE","200 OK","Yes","< 50ms (Pure Client JS)"
"https://usonlinetools.com/education/score-calculator","Score Calculator","Student & Education","education","en","US","Online Score Calculator | US Online Tools","Free score calculator. Add quiz, assignment, and test scores to calculate your overall percentage.","Online Score Calculator","329","No","No","Yes","Yes","DATA NOT AVAILABLE","DATA NOT AVAILABLE","DATA NOT AVAILABLE","200 OK","Yes","< 50ms (Pure Client JS)"
"https://usonlinetools.com/education/study-planner-calculator","Study Planner Calculator","Student & Education","education","en","US","Online Study Planner Calculator | US Online Tools","Free study planner calculator. Build a daily study plan from topics left, days left, and study hours.","Online Study Planner Calculator","345","No","No","Yes","Yes","DATA NOT AVAILABLE","DATA NOT AVAILABLE","DATA NOT AVAILABLE","200 OK","Yes","< 50ms (Pure Client JS)"
"https://usonlinetools.com/education/homework-time-calculator","Homework Time Calculator","Student & Education","education","en","US","Online Homework Time Calculator | US Online Tools","Free homework time calculator. Estimate homework duration, breaks, and finish time online.","Online Homework Time Calculator","337","No","No","Yes","Yes","DATA NOT AVAILABLE","DATA NOT AVAILABLE","DATA NOT AVAILABLE","200 OK","Yes","< 50ms (Pure Client JS)"
"https://usonlinetools.com/education/exam-countdown-timer","Exam Countdown Timer","Student & Education","education","en","US","Online Exam Countdown Timer | US Online Tools","Free online Exam Countdown Timer. Track days remaining until exam dates. No signup required.","Online Exam Countdown Timer","325","No","No","Yes","Yes","DATA NOT AVAILABLE","DATA NOT AVAILABLE","DATA NOT AVAILABLE","200 OK","Yes","< 50ms (Pure Client JS)"
"https://usonlinetools.com/education/assignment-grade-calculator","Assignment Grade Calculator","Student & Education","education","en","US","Online Assignment Grade Calculator | US Online Tools","Free online Assignment Grade Calculator. Calculate grades for weighted assignments. No signup required.","Online Assignment Grade Calculator","321","No","No","Yes","Yes","DATA NOT AVAILABLE","DATA NOT AVAILABLE","DATA NOT AVAILABLE","200 OK","Yes","< 50ms (Pure Client JS)"
"https://usonlinetools.com/education/semester-planner-tool","Semester Planner Tool","Student & Education","education","en","US","Online Semester Planner Tool | US Online Tools","Free online Semester Planner Tool. Plan courses and credits for the semester. No signup required.","Online Semester Planner Tool","329","No","No","Yes","Yes","DATA NOT AVAILABLE","DATA NOT AVAILABLE","DATA NOT AVAILABLE","200 OK","Yes","< 50ms (Pure Client JS)"
"https://usonlinetools.com/education/quiz-score-calculator","Quiz Score Calculator","Student & Education","education","en","US","Online Quiz Score Calculator | US Online Tools","Free online Quiz Score Calculator. Calculate quiz scores and averages. No signup required.","Online Quiz Score Calculator","321","No","No","Yes","Yes","DATA NOT AVAILABLE","DATA NOT AVAILABLE","DATA NOT AVAILABLE","200 OK","Yes","< 50ms (Pure Client JS)"
"https://usonlinetools.com/education/flashcard-timer-tool","Flashcard Timer Tool","Student & Education","education","en","US","Online Flashcard Timer Tool | US Online Tools","Free online Flashcard Timer Tool. Time your flashcard study sessions. No signup required.","Online Flashcard Timer Tool","320","No","No","Yes","Yes","DATA NOT AVAILABLE","DATA NOT AVAILABLE","DATA NOT AVAILABLE","200 OK","Yes","< 50ms (Pure Client JS)"
"https://usonlinetools.com/education/exam-score-predictor","Exam Score Predictor","Student & Education","education","en","US","Online Exam Score Predictor | US Online Tools","Free online Exam Score Predictor. Predict exam scores based on study patterns. No signup required.","Online Exam Score Predictor","330","No","No","Yes","Yes","DATA NOT AVAILABLE","DATA NOT AVAILABLE","DATA NOT AVAILABLE","200 OK","Yes","< 50ms (Pure Client JS)"
"https://usonlinetools.com/education/study-hours-tracker","Study Hours Tracker","Student & Education","education","en","US","Online Study Hours Tracker | US Online Tools","Free online Study Hours Tracker. Track and analyze study hours over time. No signup required.","Online Study Hours Tracker","330","No","No","Yes","Yes","DATA NOT AVAILABLE","DATA NOT AVAILABLE","DATA NOT AVAILABLE","200 OK","Yes","< 50ms (Pure Client JS)"
"https://usonlinetools.com/education/grade-improvement-calculator","Grade Improvement Calculator","Student & Education","education","en","US","Online Grade Improvement Calculator | US Online Tools","Free online Grade Improvement Calculator. Calculate what grades you need to improve GPA. No signup required.","Online Grade Improvement Calculator","333","No","No","Yes","Yes","DATA NOT AVAILABLE","DATA NOT AVAILABLE","DATA NOT AVAILABLE","200 OK","Yes","< 50ms (Pure Client JS)"
"https://usonlinetools.com/education/test-score-analyzer","Test Score Analyzer","Student & Education","education","en","US","Online Test Score Analyzer | US Online Tools","Free online Test Score Analyzer. Analyze test scores with statistics and trends. No signup required.","Online Test Score Analyzer","330","No","No","Yes","Yes","DATA NOT AVAILABLE","DATA NOT AVAILABLE","DATA NOT AVAILABLE","200 OK","Yes","< 50ms (Pure Client JS)"
"https://usonlinetools.com/education/learning-time-calculator","Learning Time Calculator","Student & Education","education","en","US","Online Learning Time Calculator | US Online Tools","Free online Learning Time Calculator. Estimate time needed to learn a new skill. No signup required.","Online Learning Time Calculator","333","No","No","Yes","Yes","DATA NOT AVAILABLE","DATA NOT AVAILABLE","DATA NOT AVAILABLE","200 OK","Yes","< 50ms (Pure Client JS)"
"https://usonlinetools.com/education/school-schedule-planner","School Schedule Planner","Student & Education","education","en","US","Online School Schedule Planner | US Online Tools","Free online School Schedule Planner. Create and manage weekly school schedules. No signup required.","Online School Schedule Planner","326","No","No","Yes","Yes","DATA NOT AVAILABLE","DATA NOT AVAILABLE","DATA NOT AVAILABLE","200 OK","Yes","< 50ms (Pure Client JS)"
"https://usonlinetools.com/education/revision-planner-tool","Revision Planner Tool","Student & Education","education","en","US","Online Revision Planner Tool | US Online Tools","Free online Revision Planner Tool. Plan revision sessions before exams. No signup required.","Online Revision Planner Tool","321","No","No","Yes","Yes","DATA NOT AVAILABLE","DATA NOT AVAILABLE","DATA NOT AVAILABLE","200 OK","Yes","< 50ms (Pure Client JS)"
"https://usonlinetools.com/education/cgpa-calculator","CGPA Calculator","Student & Education","education","en","US","Online CGPA Calculator | US Online Tools","Free CGPA calculator. Calculate cumulative GPA across semesters online.","Online CGPA Calculator","307","No","No","Yes","Yes","DATA NOT AVAILABLE","DATA NOT AVAILABLE","DATA NOT AVAILABLE","200 OK","Yes","< 50ms (Pure Client JS)"
"https://usonlinetools.com/education/sat-score-calculator","SAT Score Calculator","Student & Education","education","en","US","Online SAT Score Calculator | US Online Tools","Free SAT score calculator. Estimate SAT scores and percentiles online.","Online SAT Score Calculator","319","No","No","Yes","Yes","DATA NOT AVAILABLE","DATA NOT AVAILABLE","DATA NOT AVAILABLE","200 OK","Yes","< 50ms (Pure Client JS)"
"https://usonlinetools.com/education/typing-speed-test","Typing Speed Test","Student & Education","education","en","US","Online Typing Speed Test | US Online Tools","Free typing speed test. Measure your WPM typing speed online.","Online Typing Speed Test","322","No","No","Yes","Yes","DATA NOT AVAILABLE","DATA NOT AVAILABLE","DATA NOT AVAILABLE","200 OK","Yes","< 50ms (Pure Client JS)"
"https://usonlinetools.com/education/scholarship-calculator","Scholarship Calculator","Student & Education","education","en","US","Online Scholarship Calculator | US Online Tools","Free scholarship calculator. Estimate college scholarship amounts online.","Online Scholarship Calculator","305","No","No","Yes","Yes","DATA NOT AVAILABLE","DATA NOT AVAILABLE","DATA NOT AVAILABLE","200 OK","Yes","< 50ms (Pure Client JS)"
"https://usonlinetools.com/education/college-gpa-calculator","College GPA Calculator","Student & Education","education","en","US","Online College GPA Calculator | US Online Tools","Free college GPA calculator. Calculate weighted GPA for college courses.","Online College GPA Calculator","319","No","No","Yes","Yes","DATA NOT AVAILABLE","DATA NOT AVAILABLE","DATA NOT AVAILABLE","200 OK","Yes","< 50ms (Pure Client JS)"
"https://usonlinetools.com/education/snow-day-calculator","Snow Day Calculator","Student & Education","education","en","US","Online Snow Day Calculator | US Online Tools","Free online snow day calculator. Estimate school closure probability from snowfall, ice, temperature, wind, and road conditions.","Online Snow Day Calculator","343","No","No","Yes","Yes","DATA NOT AVAILABLE","DATA NOT AVAILABLE","DATA NOT AVAILABLE","200 OK","Yes","< 50ms (Pure Client JS)"
"https://usonlinetools.com/gaming/blox-fruits-calculator","Blox Fruits Calculator","Gaming Calculators","gaming","en","US","Online Blox Fruits Calculator | US Online Tools","Blox Fruits value calculator. Calculate trade values and upgrades in Blox Fruits.","Online Blox Fruits Calculator","324","No","No","Yes","Yes","DATA NOT AVAILABLE","DATA NOT AVAILABLE","DATA NOT AVAILABLE","200 OK","Yes","< 50ms (Pure Client JS)"
"https://usonlinetools.com/gaming/blox-fruits-trade-calculator","Blox Fruits Trade Calculator","Gaming Calculators","gaming","en","US","Online Blox Fruits Trade Calculator | US Online Tools","Blox Fruits trade value calculator. Check if trades are fair in Blox Fruits Roblox.","Online Blox Fruits Trade Calculator","341","No","No","Yes","Yes","DATA NOT AVAILABLE","DATA NOT AVAILABLE","DATA NOT AVAILABLE","200 OK","Yes","< 50ms (Pure Client JS)"
"https://usonlinetools.com/gaming/roblox-tax-calculator","Roblox Tax Calculator","Gaming Calculators","gaming","en","US","Online Roblox Tax Calculator | US Online Tools","Calculate Roblox marketplace tax. Free Roblox tax calculator for sellers.","Online Roblox Tax Calculator","326","No","No","Yes","Yes","DATA NOT AVAILABLE","DATA NOT AVAILABLE","DATA NOT AVAILABLE","200 OK","Yes","< 50ms (Pure Client JS)"
"https://usonlinetools.com/gaming/minecraft-circle-calculator","Minecraft Circle Calculator","Gaming Calculators","gaming","en","US","Online Minecraft Circle Calculator | US Online Tools","Create Minecraft circle patterns. Free Minecraft circle generator calculator.","Online Minecraft Circle Calculator","316","No","No","Yes","Yes","DATA NOT AVAILABLE","DATA NOT AVAILABLE","DATA NOT AVAILABLE","200 OK","Yes","< 50ms (Pure Client JS)"
"https://usonlinetools.com/gaming/valorant-sensitivity-calculator","Valorant Sensitivity Calculator","Gaming Calculators","gaming","en","US","Online Valorant Sensitivity Calculator | US Online Tools","Convert Valorant sensitivity settings. Free sensitivity converter for FPS games.","Online Valorant Sensitivity Calculator","320","No","No","Yes","Yes","DATA NOT AVAILABLE","DATA NOT AVAILABLE","DATA NOT AVAILABLE","200 OK","Yes","< 50ms (Pure Client JS)"
"https://usonlinetools.com/gaming/fortnite-dpi-calculator","Fortnite DPI Calculator","Gaming Calculators","gaming","en","US","Online Fortnite DPI Calculator | US Online Tools","Calculate effective DPI for Fortnite. Free gaming DPI calculator.","Online Fortnite DPI Calculator","322","No","No","Yes","Yes","DATA NOT AVAILABLE","DATA NOT AVAILABLE","DATA NOT AVAILABLE","200 OK","Yes","< 50ms (Pure Client JS)"
"https://usonlinetools.com/gaming/xp-level-calculator","XP Level Calculator","Gaming Calculators","gaming","en","US","Online XP Level Calculator | US Online Tools","Calculate XP needed for next level. Free game XP level calculator.","Online XP Level Calculator","330","No","No","Yes","Yes","DATA NOT AVAILABLE","DATA NOT AVAILABLE","DATA NOT AVAILABLE","200 OK","Yes","< 50ms (Pure Client JS)"
"https://usonlinetools.com/gaming/clash-of-clans-upgrade-calculator","Clash of Clans Upgrade Calculator","Gaming Calculators","gaming","en","US","Online Clash of Clans Upgrade Calculator | US Online Tools","Clash of Clans upgrade cost and time calculator. Plan your CoC upgrades.","Online Clash of Clans Upgrade Calculator","344","No","No","Yes","Yes","DATA NOT AVAILABLE","DATA NOT AVAILABLE","DATA NOT AVAILABLE","200 OK","Yes","< 50ms (Pure Client JS)"
"https://usonlinetools.com/gaming/damage-calculator","Damage Calculator","Gaming Calculators","gaming","en","US","Online Damage Calculator | US Online Tools","Calculate game damage with modifiers and buffs. Free game damage calculator.","Online Damage Calculator","316","No","No","Yes","Yes","DATA NOT AVAILABLE","DATA NOT AVAILABLE","DATA NOT AVAILABLE","200 OK","Yes","< 50ms (Pure Client JS)"
"https://usonlinetools.com/gaming/game-currency-converter","Game Currency Converter","Gaming Calculators","gaming","en","US","Online Game Currency Converter | US Online Tools","Convert real money to game currency. Free game currency converter.","Online Game Currency Converter","324","No","No","Yes","Yes","DATA NOT AVAILABLE","DATA NOT AVAILABLE","DATA NOT AVAILABLE","200 OK","Yes","< 50ms (Pure Client JS)"
"https://usonlinetools.com/gaming/genshin-impact-calculator","Genshin Impact Calculator","Gaming Calculators","gaming","en","US","Online Genshin Impact Calculator | US Online Tools","Free Genshin Impact calculator. Calculate damage and artifact stats.","Online Genshin Impact Calculator","320","No","No","Yes","Yes","DATA NOT AVAILABLE","DATA NOT AVAILABLE","DATA NOT AVAILABLE","200 OK","Yes","< 50ms (Pure Client JS)"
"https://usonlinetools.com/gaming/cs2-sensitivity-calculator","CS2 Sensitivity Calculator","Gaming Calculators","gaming","en","US","Online CS2 Sensitivity Calculator | US Online Tools","Free CS2 sensitivity calculator. Convert sensitivity settings between FPS games.","Online CS2 Sensitivity Calculator","324","No","No","Yes","Yes","DATA NOT AVAILABLE","DATA NOT AVAILABLE","DATA NOT AVAILABLE","200 OK","Yes","< 50ms (Pure Client JS)"
"https://usonlinetools.com/gaming/pokemon-iv-calculator","Pokemon IV Calculator","Gaming Calculators","gaming","en","US","Online Pokemon IV Calculator | US Online Tools","Free Pokemon IV calculator. Check IVs for any Pokemon online.","Online Pokemon IV Calculator","320","No","No","Yes","Yes","DATA NOT AVAILABLE","DATA NOT AVAILABLE","DATA NOT AVAILABLE","200 OK","Yes","< 50ms (Pure Client JS)"
"https://usonlinetools.com/gaming/dnd-dice-roller","D&D Dice Roller","Gaming Calculators","gaming","en","US","Online D&amp;D Dice Roller | US Online Tools","Free D&amp;D dice roller. Roll d4, d6, d8, d10, d12, d20 dice online.","Online D&amp;D Dice Roller","331","No","No","Yes","Yes","DATA NOT AVAILABLE","DATA NOT AVAILABLE","DATA NOT AVAILABLE","200 OK","Yes","< 50ms (Pure Client JS)"
"https://usonlinetools.com/gaming/gaming-fps-calculator","Gaming FPS Calculator","Gaming Calculators","gaming","en","US","Online Gaming FPS Calculator | US Online Tools","Free gaming FPS calculator. Estimate FPS for your PC specs online.","Online Gaming FPS Calculator","324","No","No","Yes","Yes","DATA NOT AVAILABLE","DATA NOT AVAILABLE","DATA NOT AVAILABLE","200 OK","Yes","< 50ms (Pure Client JS)"
"https://usonlinetools.com/gaming/esports-earnings-calculator","Esports Earnings Calculator","Gaming Calculators","gaming","en","US","Online Esports Earnings Calculator | US Online Tools","Free esports earnings calculator. Track prize pool winnings online.","Online Esports Earnings Calculator","318","No","No","Yes","Yes","DATA NOT AVAILABLE","DATA NOT AVAILABLE","DATA NOT AVAILABLE","200 OK","Yes","< 50ms (Pure Client JS)"
"https://usonlinetools.com/image/image-resizer","Image Resizer","Image Tools","image","en","US","Image Resizer - US Online Tools","Free image resizer. Resize images by pixels or percentage in your browser with instant preview and download.","Image Resizer","250","Yes","Yes","Yes","Yes","DATA NOT AVAILABLE","DATA NOT AVAILABLE","DATA NOT AVAILABLE","200 OK","Yes","< 50ms (Pure Client JS)"
"https://usonlinetools.com/image/image-compressor","Image Compressor","Image Tools","image","en","US","Image Compressor - US Online Tools","Free image compressor. Reduce image file size in your browser with quality, width, and format controls.","Image Compressor","250","Yes","Yes","Yes","Yes","DATA NOT AVAILABLE","DATA NOT AVAILABLE","DATA NOT AVAILABLE","200 OK","Yes","< 50ms (Pure Client JS)"
"https://usonlinetools.com/image/image-cropper","Image Cropper","Image Tools","image","en","US","Image Cropper - US Online Tools","Free image cropper. Crop images by coordinates or aspect ratio and download the trimmed result instantly.","Image Cropper","250","Yes","Yes","Yes","Yes","DATA NOT AVAILABLE","DATA NOT AVAILABLE","DATA NOT AVAILABLE","200 OK","Yes","< 50ms (Pure Client JS)"
"https://usonlinetools.com/image/image-format-converter","Image Format Converter","Image Tools","image","en","US","Image Format Converter - US Online Tools","Free image format converter. Convert PNG, JPG, and WebP images in your browser with instant preview.","Image Format Converter","250","Yes","Yes","Yes","Yes","DATA NOT AVAILABLE","DATA NOT AVAILABLE","DATA NOT AVAILABLE","200 OK","Yes","< 50ms (Pure Client JS)"
"https://usonlinetools.com/image/image-to-base64","Image to Base64 Converter","Image Tools","image","en","US","Image to Base64 Converter - US Online Tools","Free image to Base64 converter. Encode uploaded images as Data URLs or raw Base64 text in your browser.","Image to Base64 Converter","250","Yes","Yes","Yes","Yes","DATA NOT AVAILABLE","DATA NOT AVAILABLE","DATA NOT AVAILABLE","200 OK","Yes","< 50ms (Pure Client JS)"
"https://usonlinetools.com/image/base64-to-image","Base64 to Image Converter","Image Tools","image","en","US","Base64 to Image Converter - US Online Tools","Free Base64 to image converter. Decode Base64 strings into previewable downloadable image files online.","Base64 to Image Converter","250","Yes","Yes","Yes","Yes","DATA NOT AVAILABLE","DATA NOT AVAILABLE","DATA NOT AVAILABLE","200 OK","Yes","< 50ms (Pure Client JS)"
"https://usonlinetools.com/image/image-rotate-flip","Image Rotate & Flip","Image Tools","image","en","US","Image Rotate & Flip - US Online Tools","Free online image rotate and flip tool. Rotate and mirror images in your browser.","Image Rotate & Flip","250","Yes","Yes","Yes","Yes","DATA NOT AVAILABLE","DATA NOT AVAILABLE","DATA NOT AVAILABLE","200 OK","Yes","< 50ms (Pure Client JS)"
"https://usonlinetools.com/image/image-color-picker","Image Color Picker","Image Tools","image","en","US","Image Color Picker - US Online Tools","Free image color picker. Extract colors from any image with HEX, RGB, and HSL values.","Image Color Picker","250","Yes","Yes","Yes","Yes","DATA NOT AVAILABLE","DATA NOT AVAILABLE","DATA NOT AVAILABLE","200 OK","Yes","< 50ms (Pure Client JS)"
"https://usonlinetools.com/image/image-watermark","Image Watermark Tool","Image Tools","image","en","US","Image Watermark Tool - US Online Tools","Free online image watermark tool. Add text or image watermarks to photos.","Image Watermark Tool","250","Yes","Yes","Yes","Yes","DATA NOT AVAILABLE","DATA NOT AVAILABLE","DATA NOT AVAILABLE","200 OK","Yes","< 50ms (Pure Client JS)"
"https://usonlinetools.com/image/image-filter-editor","Image Filter Editor","Image Tools","image","en","US","Image Filter Editor - US Online Tools","Free photo filters online and image filter editor. Apply brightness, contrast, saturation, blur, sepia, grayscale, and hue effects in your browser.","Image Filter Editor","250","Yes","Yes","Yes","Yes","DATA NOT AVAILABLE","DATA NOT AVAILABLE","DATA NOT AVAILABLE","200 OK","Yes","< 50ms (Pure Client JS)"
"https://usonlinetools.com/image/image-to-png","Image to PNG Converter","Image Tools","image","en","US","Image to PNG Converter - US Online Tools","Free image to PNG converter. Convert JPG, WebP, BMP to PNG online.","Image to PNG Converter","250","Yes","Yes","Yes","Yes","DATA NOT AVAILABLE","DATA NOT AVAILABLE","DATA NOT AVAILABLE","200 OK","Yes","< 50ms (Pure Client JS)"
"https://usonlinetools.com/image/image-to-jpg","Image to JPG Converter","Image Tools","image","en","US","Image to JPG Converter - US Online Tools","Free image to JPG converter. Convert PNG, WebP, BMP to JPG online.","Image to JPG Converter","250","Yes","Yes","Yes","Yes","DATA NOT AVAILABLE","DATA NOT AVAILABLE","DATA NOT AVAILABLE","200 OK","Yes","< 50ms (Pure Client JS)"
"https://usonlinetools.com/image/png-to-webp","PNG to WebP Converter","Image Tools","image","en","US","PNG to WebP Converter - US Online Tools","Free PNG to WebP converter. Convert PNG to WebP for faster web pages.","PNG to WebP Converter","250","Yes","Yes","Yes","Yes","DATA NOT AVAILABLE","DATA NOT AVAILABLE","DATA NOT AVAILABLE","200 OK","Yes","< 50ms (Pure Client JS)"
"https://usonlinetools.com/image/svg-to-png","SVG to PNG Converter","Image Tools","image","en","US","SVG to PNG Converter - US Online Tools","Free SVG to PNG converter. Convert SVG files to PNG images online.","SVG to PNG Converter","250","Yes","Yes","Yes","Yes","DATA NOT AVAILABLE","DATA NOT AVAILABLE","DATA NOT AVAILABLE","200 OK","Yes","< 50ms (Pure Client JS)"
"https://usonlinetools.com/image/image-background-remover","Background Remover","Image Tools","image","en","US","Background Remover - US Online Tools","Free image background remover. Remove simple backgrounds from photos in your browser with live preview and PNG export.","Background Remover","250","Yes","Yes","Yes","Yes","DATA NOT AVAILABLE","DATA NOT AVAILABLE","DATA NOT AVAILABLE","200 OK","Yes","< 50ms (Pure Client JS)"
"https://usonlinetools.com/image/image-collage-maker","Image Collage Maker","Image Tools","image","en","US","Image Collage Maker - US Online Tools","Free image collage maker. Create photo collages with custom layouts, spacing, and PNG export online.","Image Collage Maker","250","Yes","Yes","Yes","Yes","DATA NOT AVAILABLE","DATA NOT AVAILABLE","DATA NOT AVAILABLE","200 OK","Yes","< 50ms (Pure Client JS)"
"https://usonlinetools.com/image/qr-code-generator","QR Code Generator","Image Tools","image","en","US","QR Code Generator - US Online Tools","Use this free QR code generator to create QR codes for links, text, WiFi, email, and contact cards. Download PNG or SVG. No signup.","QR Code Generator","250","Yes","Yes","Yes","Yes","DATA NOT AVAILABLE","DATA NOT AVAILABLE","DATA NOT AVAILABLE","200 OK","Yes","< 50ms (Pure Client JS)"
"https://usonlinetools.com/image/meme-generator","Meme Generator","Image Tools","image","en","US","Meme Generator - US Online Tools","Free meme generator. Add top and bottom text to any image online.","Meme Generator","250","Yes","Yes","Yes","Yes","DATA NOT AVAILABLE","DATA NOT AVAILABLE","DATA NOT AVAILABLE","200 OK","Yes","< 50ms (Pure Client JS)"
"https://usonlinetools.com/image/favicon-generator","Favicon Generator","Image Tools","image","en","US","Favicon Generator - US Online Tools","Free favicon generator. Create favicon.ico and PNG favicons from any image.","Favicon Generator","250","Yes","Yes","Yes","Yes","DATA NOT AVAILABLE","DATA NOT AVAILABLE","DATA NOT AVAILABLE","200 OK","Yes","< 50ms (Pure Client JS)"
"https://usonlinetools.com/image/image-pixel-counter","Image Pixel Counter","Image Tools","image","en","US","Image Pixel Counter - US Online Tools","Free image pixel counter. Get dimensions, megapixels, aspect ratio, and pixel count online.","Image Pixel Counter","250","Yes","Yes","Yes","Yes","DATA NOT AVAILABLE","DATA NOT AVAILABLE","DATA NOT AVAILABLE","200 OK","Yes","< 50ms (Pure Client JS)"
"https://usonlinetools.com/pdf/pdf-merge","PDF Merge","PDF Tools","pdf","en","US","PDF Merge - US Online Tools","Free online PDF merger. Combine multiple PDFs into one file in your browser.","PDF Merge","250","Yes","Yes","Yes","Yes","DATA NOT AVAILABLE","DATA NOT AVAILABLE","DATA NOT AVAILABLE","200 OK","Yes","< 50ms (Pure Client JS)"
"https://usonlinetools.com/pdf/pdf-split","PDF Split","PDF Tools","pdf","en","US","PDF Split - US Online Tools","Free online PDF splitter. Extract pages from PDFs into separate files.","PDF Split","250","Yes","Yes","Yes","Yes","DATA NOT AVAILABLE","DATA NOT AVAILABLE","DATA NOT AVAILABLE","200 OK","Yes","< 50ms (Pure Client JS)"
"https://usonlinetools.com/pdf/pdf-compress","PDF Compressor","PDF Tools","pdf","en","US","PDF Compressor - US Online Tools","Free online PDF compressor. Reduce PDF file size without losing quality.","PDF Compressor","250","Yes","Yes","Yes","Yes","DATA NOT AVAILABLE","DATA NOT AVAILABLE","DATA NOT AVAILABLE","200 OK","Yes","< 50ms (Pure Client JS)"
"https://usonlinetools.com/pdf/image-to-pdf","Image to PDF Converter","PDF Tools","pdf","en","US","Image to PDF Converter - US Online Tools","Free image to PDF converter. Convert JPG, PNG images to PDF online.","Image to PDF Converter","250","Yes","Yes","Yes","Yes","DATA NOT AVAILABLE","DATA NOT AVAILABLE","DATA NOT AVAILABLE","200 OK","Yes","< 50ms (Pure Client JS)"
"https://usonlinetools.com/pdf/pdf-to-image","PDF to Image Converter","PDF Tools","pdf","en","US","PDF to Image Converter - US Online Tools","Free PDF to image converter. Convert PDF pages to JPG or PNG online.","PDF to Image Converter","250","Yes","Yes","Yes","Yes","DATA NOT AVAILABLE","DATA NOT AVAILABLE","DATA NOT AVAILABLE","200 OK","Yes","< 50ms (Pure Client JS)"
"https://usonlinetools.com/pdf/pdf-rotate","PDF Page Rotator","PDF Tools","pdf","en","US","PDF Page Rotator - US Online Tools","Free online PDF page rotator. Rotate PDF pages by 90, 180, or 270 degrees.","PDF Page Rotator","250","Yes","Yes","Yes","Yes","DATA NOT AVAILABLE","DATA NOT AVAILABLE","DATA NOT AVAILABLE","200 OK","Yes","< 50ms (Pure Client JS)"
"https://usonlinetools.com/pdf/pdf-page-remover","PDF Page Remover","PDF Tools","pdf","en","US","PDF Page Remover - US Online Tools","Free PDF page remover. Delete unwanted pages from PDFs online.","PDF Page Remover","250","Yes","Yes","Yes","Yes","DATA NOT AVAILABLE","DATA NOT AVAILABLE","DATA NOT AVAILABLE","200 OK","Yes","< 50ms (Pure Client JS)"
"https://usonlinetools.com/pdf/pdf-page-reorder","PDF Page Reorder","PDF Tools","pdf","en","US","PDF Page Reorder - US Online Tools","Free PDF page reorder tool. Rearrange PDF pages with drag and drop.","PDF Page Reorder","250","Yes","Yes","Yes","Yes","DATA NOT AVAILABLE","DATA NOT AVAILABLE","DATA NOT AVAILABLE","200 OK","Yes","< 50ms (Pure Client JS)"
"https://usonlinetools.com/pdf/pdf-watermark","PDF Watermark Tool","PDF Tools","pdf","en","US","PDF Watermark Tool - US Online Tools","Free PDF watermark tool. Add custom watermarks to PDFs online.","PDF Watermark Tool","250","Yes","Yes","Yes","Yes","DATA NOT AVAILABLE","DATA NOT AVAILABLE","DATA NOT AVAILABLE","200 OK","Yes","< 50ms (Pure Client JS)"
"https://usonlinetools.com/pdf/pdf-password-protect","PDF Password Protector","PDF Tools","pdf","en","US","PDF Password Protector - US Online Tools","Free PDF password protector. Encrypt PDFs with password protection online.","PDF Password Protector","250","Yes","Yes","Yes","Yes","DATA NOT AVAILABLE","DATA NOT AVAILABLE","DATA NOT AVAILABLE","200 OK","Yes","< 50ms (Pure Client JS)"
"https://usonlinetools.com/pdf/pdf-unlock","PDF Unlock Tool","PDF Tools","pdf","en","US","PDF Unlock Tool - US Online Tools","Free PDF unlocker. Remove password from protected PDFs online.","PDF Unlock Tool","250","Yes","Yes","Yes","Yes","DATA NOT AVAILABLE","DATA NOT AVAILABLE","DATA NOT AVAILABLE","200 OK","Yes","< 50ms (Pure Client JS)"
"https://usonlinetools.com/pdf/pdf-to-text","PDF to Text Extractor","PDF Tools","pdf","en","US","PDF to Text Extractor - US Online Tools","Free PDF to text extractor. Extract text from PDF files online.","PDF to Text Extractor","250","Yes","Yes","Yes","Yes","DATA NOT AVAILABLE","DATA NOT AVAILABLE","DATA NOT AVAILABLE","200 OK","Yes","< 50ms (Pure Client JS)"
"https://usonlinetools.com/pdf/pdf-page-number","PDF Page Number Adder","PDF Tools","pdf","en","US","PDF Page Number Adder - US Online Tools","Free PDF page number tool. Add page numbers to PDFs online.","PDF Page Number Adder","250","Yes","Yes","Yes","Yes","DATA NOT AVAILABLE","DATA NOT AVAILABLE","DATA NOT AVAILABLE","200 OK","Yes","< 50ms (Pure Client JS)"
"https://usonlinetools.com/pdf/pdf-header-footer","PDF Header & Footer","PDF Tools","pdf","en","US","PDF Header & Footer - US Online Tools","Free PDF header and footer tool. Add headers and footers to PDFs.","PDF Header & Footer","250","Yes","Yes","Yes","Yes","DATA NOT AVAILABLE","DATA NOT AVAILABLE","DATA NOT AVAILABLE","200 OK","Yes","< 50ms (Pure Client JS)"
"https://usonlinetools.com/pdf/jpg-to-pdf","JPG to PDF Converter","PDF Tools","pdf","en","US","JPG to PDF Converter - US Online Tools","Free JPG to PDF converter. Convert JPG images to PDF online.","JPG to PDF Converter","250","Yes","Yes","Yes","Yes","DATA NOT AVAILABLE","DATA NOT AVAILABLE","DATA NOT AVAILABLE","200 OK","Yes","< 50ms (Pure Client JS)"
"https://usonlinetools.com/pdf/pdf-sign","PDF Signature Tool","PDF Tools","pdf","en","US","PDF Signature Tool - US Online Tools","Free PDF signature tool. Sign PDF documents online in your browser.","PDF Signature Tool","250","Yes","Yes","Yes","Yes","DATA NOT AVAILABLE","DATA NOT AVAILABLE","DATA NOT AVAILABLE","200 OK","Yes","< 50ms (Pure Client JS)"
"https://usonlinetools.com/developer/online-json-formatter","JSON Formatter & Beautifier","Developer Tools","developer","en","US","Online JSON Formatter &amp; Beautifier | US Online Tools","Free online JSON formatter and beautifier. Format, validate, and pretty-print JSON data.","Online JSON Formatter &amp; Beautifier","335","No","No","Yes","Yes","DATA NOT AVAILABLE","DATA NOT AVAILABLE","DATA NOT AVAILABLE","200 OK","Yes","< 50ms (Pure Client JS)"
"https://usonlinetools.com/developer/online-json-validator","JSON Validator","Developer Tools","developer","en","US","Online JSON Validator | US Online Tools","Free JSON validator. Check if your JSON is valid and find syntax errors.","Online JSON Validator","324","No","No","Yes","Yes","DATA NOT AVAILABLE","DATA NOT AVAILABLE","DATA NOT AVAILABLE","200 OK","Yes","< 50ms (Pure Client JS)"
"https://usonlinetools.com/developer/online-json-to-csv","JSON to CSV Converter","Developer Tools","developer","en","US","Online JSON to CSV Converter | US Online Tools","Free JSON to CSV converter. Convert JSON data to CSV files online.","Online JSON to CSV Converter","333","No","No","Yes","Yes","DATA NOT AVAILABLE","DATA NOT AVAILABLE","DATA NOT AVAILABLE","200 OK","Yes","< 50ms (Pure Client JS)"
"https://usonlinetools.com/developer/csv-to-json-converter","CSV to JSON Converter","Developer Tools","developer","en","US","Online CSV to JSON Converter | US Online Tools","Free CSV to JSON converter. Convert CSV files to JSON online.","Online CSV to JSON Converter","329","No","No","Yes","Yes","DATA NOT AVAILABLE","DATA NOT AVAILABLE","DATA NOT AVAILABLE","200 OK","Yes","< 50ms (Pure Client JS)"
"https://usonlinetools.com/developer/json-minifier","JSON Minifier","Developer Tools","developer","en","US","Online JSON Minifier | US Online Tools","Free JSON minifier. Compress JSON data by removing whitespace online.","Online JSON Minifier","318","No","No","Yes","Yes","DATA NOT AVAILABLE","DATA NOT AVAILABLE","DATA NOT AVAILABLE","200 OK","Yes","< 50ms (Pure Client JS)"
"https://usonlinetools.com/developer/online-html-formatter","HTML Formatter & Beautifier","Developer Tools","developer","en","US","Online HTML Formatter &amp; Beautifier | US Online Tools","Free HTML formatter and beautifier. Pretty-print HTML code online.","Online HTML Formatter &amp; Beautifier","329","No","No","Yes","Yes","DATA NOT AVAILABLE","DATA NOT AVAILABLE","DATA NOT AVAILABLE","200 OK","Yes","< 50ms (Pure Client JS)"
"https://usonlinetools.com/developer/online-html-minifier","HTML Minifier","Developer Tools","developer","en","US","Online HTML Minifier | US Online Tools","Free HTML minifier. Compress HTML code by removing whitespace online.","Online HTML Minifier","316","No","No","Yes","Yes","DATA NOT AVAILABLE","DATA NOT AVAILABLE","DATA NOT AVAILABLE","200 OK","Yes","< 50ms (Pure Client JS)"
"https://usonlinetools.com/developer/online-css-minifier","CSS Minifier","Developer Tools","developer","en","US","Online CSS Minifier | US Online Tools","Free CSS minifier. Compress CSS code online to reduce file size.","Online CSS Minifier","316","No","No","Yes","Yes","DATA NOT AVAILABLE","DATA NOT AVAILABLE","DATA NOT AVAILABLE","200 OK","Yes","< 50ms (Pure Client JS)"
"https://usonlinetools.com/developer/online-css-formatter","CSS Formatter & Beautifier","Developer Tools","developer","en","US","Online CSS Formatter &amp; Beautifier | US Online Tools","Free CSS formatter and beautifier. Pretty-print CSS code online.","Online CSS Formatter &amp; Beautifier","329","No","No","Yes","Yes","DATA NOT AVAILABLE","DATA NOT AVAILABLE","DATA NOT AVAILABLE","200 OK","Yes","< 50ms (Pure Client JS)"
"https://usonlinetools.com/developer/online-javascript-minifier","JavaScript Minifier","Developer Tools","developer","en","US","Online JavaScript Minifier | US Online Tools","Free JavaScript minifier. Compress JS code online for faster loading.","Online JavaScript Minifier","314","No","No","Yes","Yes","DATA NOT AVAILABLE","DATA NOT AVAILABLE","DATA NOT AVAILABLE","200 OK","Yes","< 50ms (Pure Client JS)"
"https://usonlinetools.com/developer/online-javascript-formatter","JavaScript Formatter","Developer Tools","developer","en","US","Online JavaScript Formatter | US Online Tools","Free JavaScript formatter and beautifier. Pretty-print JS code online.","Online JavaScript Formatter","313","No","No","Yes","Yes","DATA NOT AVAILABLE","DATA NOT AVAILABLE","DATA NOT AVAILABLE","200 OK","Yes","< 50ms (Pure Client JS)"
"https://usonlinetools.com/developer/online-regex-tester","Regex Tester","Developer Tools","developer","en","US","Online Regex Tester | US Online Tools","Free online regex tester. Test and debug regular expressions with live matching.","Online Regex Tester","320","No","No","Yes","Yes","DATA NOT AVAILABLE","DATA NOT AVAILABLE","DATA NOT AVAILABLE","200 OK","Yes","< 50ms (Pure Client JS)"
"https://usonlinetools.com/developer/online-base64-encoder-decoder","Base64 Encoder & Decoder","Developer Tools","developer","en","US","Base64 Encoder & Decoder - US Online Tools","Free Base64 encoder and decoder. Convert text to and from Base64 online.","Base64 Encoder & Decoder","250","Yes","Yes","Yes","Yes","DATA NOT AVAILABLE","DATA NOT AVAILABLE","DATA NOT AVAILABLE","200 OK","Yes","< 50ms (Pure Client JS)"
"https://usonlinetools.com/developer/url-encoder-decoder","URL Encoder & Decoder","Developer Tools","developer","en","US","Online URL Encoder &amp; Decoder | US Online Tools","Free URL encoder and decoder. Encode and decode URLs online.","Online URL Encoder &amp; Decoder","332","No","No","Yes","Yes","DATA NOT AVAILABLE","DATA NOT AVAILABLE","DATA NOT AVAILABLE","200 OK","Yes","< 50ms (Pure Client JS)"
"https://usonlinetools.com/developer/html-entity-encoder","HTML Entity Encoder & Decoder","Developer Tools","developer","en","US","Online HTML Entity Encoder &amp; Decoder | US Online Tools","Free HTML entity encoder and decoder. Convert characters to HTML entities.","Online HTML Entity Encoder &amp; Decoder","342","No","No","Yes","Yes","DATA NOT AVAILABLE","DATA NOT AVAILABLE","DATA NOT AVAILABLE","200 OK","Yes","< 50ms (Pure Client JS)"
"https://usonlinetools.com/developer/online-jwt-decoder","JWT Decoder","Developer Tools","developer","en","US","Online JWT Decoder | US Online Tools","Free JWT decoder. Decode and inspect JWT tokens online.","Online JWT Decoder","314","No","No","Yes","Yes","DATA NOT AVAILABLE","DATA NOT AVAILABLE","DATA NOT AVAILABLE","200 OK","Yes","< 50ms (Pure Client JS)"
"https://usonlinetools.com/developer/xml-formatter","XML Formatter & Beautifier","Developer Tools","developer","en","US","Online XML Formatter &amp; Beautifier | US Online Tools","Free XML formatter and beautifier. Pretty-print XML data online.","Online XML Formatter &amp; Beautifier","329","No","No","Yes","Yes","DATA NOT AVAILABLE","DATA NOT AVAILABLE","DATA NOT AVAILABLE","200 OK","Yes","< 50ms (Pure Client JS)"
"https://usonlinetools.com/developer/online-sql-formatter","SQL Formatter","Developer Tools","developer","en","US","Online SQL Formatter | US Online Tools","Free SQL formatter. Format and beautify SQL queries online.","Online SQL Formatter","313","No","No","Yes","Yes","DATA NOT AVAILABLE","DATA NOT AVAILABLE","DATA NOT AVAILABLE","200 OK","Yes","< 50ms (Pure Client JS)"
"https://usonlinetools.com/developer/online-markdown-previewer","Markdown Previewer","Developer Tools","developer","en","US","Online Markdown Previewer | US Online Tools","Free Markdown previewer. Write and preview Markdown in real-time online.","Online Markdown Previewer","318","No","No","Yes","Yes","DATA NOT AVAILABLE","DATA NOT AVAILABLE","DATA NOT AVAILABLE","200 OK","Yes","< 50ms (Pure Client JS)"
"https://usonlinetools.com/developer/diff-checker","Text Diff Checker","Developer Tools","developer","en","US","Text Diff Checker - US Online Tools","Free text diff checker. Compare two texts and find differences online.","Text Diff Checker","250","Yes","Yes","Yes","Yes","DATA NOT AVAILABLE","DATA NOT AVAILABLE","DATA NOT AVAILABLE","200 OK","Yes","< 50ms (Pure Client JS)"
"https://usonlinetools.com/developer/slug-generator","URL Slug Generator","Developer Tools","developer","en","US","URL Slug Generator - US Online Tools","Free URL slug generator. Convert text to SEO-friendly URL slugs.","URL Slug Generator","250","Yes","Yes","Yes","Yes","DATA NOT AVAILABLE","DATA NOT AVAILABLE","DATA NOT AVAILABLE","200 OK","Yes","< 50ms (Pure Client JS)"
"https://usonlinetools.com/developer/cron-expression-generator","Cron Expression Generator","Developer Tools","developer","en","US","Online Cron Expression Generator | US Online Tools","Free cron expression generator. Build cron schedules with a visual editor.","Online Cron Expression Generator","323","No","No","Yes","Yes","DATA NOT AVAILABLE","DATA NOT AVAILABLE","DATA NOT AVAILABLE","200 OK","Yes","< 50ms (Pure Client JS)"
"https://usonlinetools.com/developer/online-unix-timestamp-converter","Online Unix Timestamp Converter","Developer Tools","developer","en","US","Online Unix Timestamp Converter | US Online Tools","Free online Unix timestamp converter. Convert epoch timestamps to dates and back instantly.","Online Unix Timestamp Converter","335","No","No","Yes","Yes","DATA NOT AVAILABLE","DATA NOT AVAILABLE","DATA NOT AVAILABLE","200 OK","Yes","< 50ms (Pure Client JS)"
"https://usonlinetools.com/developer/online-uuid-generator","Online UUID Generator","Developer Tools","developer","en","US","Online UUID Generator | US Online Tools","Free online UUID generator. Generate random UUID v4 identifiers instantly.","Online UUID Generator","321","No","No","Yes","Yes","DATA NOT AVAILABLE","DATA NOT AVAILABLE","DATA NOT AVAILABLE","200 OK","Yes","< 50ms (Pure Client JS)"
"https://usonlinetools.com/developer/online-lorem-ipsum-generator","Online Lorem Ipsum Generator","Developer Tools","developer","en","US","Online Lorem Ipsum Generator | US Online Tools","Free online Lorem Ipsum generator. Create placeholder text by paragraphs, sentences, or words.","Online Lorem Ipsum Generator","337","No","No","Yes","Yes","DATA NOT AVAILABLE","DATA NOT AVAILABLE","DATA NOT AVAILABLE","200 OK","Yes","< 50ms (Pure Client JS)"
"https://usonlinetools.com/developer/color-code-converter","Color Code Converter","Developer Tools","developer","en","US","Online Color Code Converter | US Online Tools","Free color code converter. Convert between HEX, RGB, HSL, CMYK online.","Online Color Code Converter","327","No","No","Yes","Yes","DATA NOT AVAILABLE","DATA NOT AVAILABLE","DATA NOT AVAILABLE","200 OK","Yes","< 50ms (Pure Client JS)"
"https://usonlinetools.com/developer/online-hash-generator","Hash Generator (MD5, SHA)","Developer Tools","developer","en","US","Online Hash Generator (MD5, SHA) | US Online Tools","Free hash generator. Generate MD5, SHA-1, SHA-256 hashes online.","Online Hash Generator (MD5, SHA)","331","No","No","Yes","Yes","DATA NOT AVAILABLE","DATA NOT AVAILABLE","DATA NOT AVAILABLE","200 OK","Yes","< 50ms (Pure Client JS)"
"https://usonlinetools.com/developer/html-to-markdown","HTML to Markdown Converter","Developer Tools","developer","en","US","Online HTML to Markdown Converter | US Online Tools","Free HTML to Markdown converter. Convert HTML to Markdown online.","Online HTML to Markdown Converter","327","No","No","Yes","Yes","DATA NOT AVAILABLE","DATA NOT AVAILABLE","DATA NOT AVAILABLE","200 OK","Yes","< 50ms (Pure Client JS)"
"https://usonlinetools.com/developer/markdown-to-html","Markdown to HTML Converter","Developer Tools","developer","en","US","Online Markdown to HTML Converter | US Online Tools","Free Markdown to HTML converter. Convert Markdown to HTML online.","Online Markdown to HTML Converter","327","No","No","Yes","Yes","DATA NOT AVAILABLE","DATA NOT AVAILABLE","DATA NOT AVAILABLE","200 OK","Yes","< 50ms (Pure Client JS)"
"https://usonlinetools.com/developer/json-to-xml","JSON to XML Converter","Developer Tools","developer","en","US","Online JSON to XML Converter | US Online Tools","Free JSON to XML converter. Transform JSON to XML online.","Online JSON to XML Converter","327","No","No","Yes","Yes","DATA NOT AVAILABLE","DATA NOT AVAILABLE","DATA NOT AVAILABLE","200 OK","Yes","< 50ms (Pure Client JS)"
"https://usonlinetools.com/developer/yaml-to-json","YAML to JSON Converter","Developer Tools","developer","en","US","Online YAML to JSON Converter | US Online Tools","Free YAML to JSON converter. Transform YAML to JSON online.","Online YAML to JSON Converter","333","No","No","Yes","Yes","DATA NOT AVAILABLE","DATA NOT AVAILABLE","DATA NOT AVAILABLE","200 OK","Yes","< 50ms (Pure Client JS)"
"https://usonlinetools.com/developer/string-escape-unescape","String Escape & Unescape","Developer Tools","developer","en","US","Online String Escape &amp; Unescape | US Online Tools","Free string escape tool. Escape and unescape special characters online.","Online String Escape &amp; Unescape","330","No","No","Yes","Yes","DATA NOT AVAILABLE","DATA NOT AVAILABLE","DATA NOT AVAILABLE","200 OK","Yes","< 50ms (Pure Client JS)"
"https://usonlinetools.com/developer/online-json-path-tester","JSONPath Tester","Developer Tools","developer","en","US","Online JSONPath Tester | US Online Tools","Free JSONPath tester. Query JSON data with JSONPath expressions online.","Online JSONPath Tester","312","No","No","Yes","Yes","DATA NOT AVAILABLE","DATA NOT AVAILABLE","DATA NOT AVAILABLE","200 OK","Yes","< 50ms (Pure Client JS)"
"https://usonlinetools.com/developer/text-to-binary-converter","Text to Binary Converter","Developer Tools","developer","en","US","Online Text to Binary Converter | US Online Tools","Free text to binary converter. Convert ASCII or any text to binary format online.","Online Text to Binary Converter","339","No","No","Yes","Yes","DATA NOT AVAILABLE","DATA NOT AVAILABLE","DATA NOT AVAILABLE","200 OK","Yes","< 50ms (Pure Client JS)"
"https://usonlinetools.com/css-design/css-gradient-generator","CSS Gradient Generator","CSS & Design Tools","css-design","en","US","Online CSS Gradient Generator | US Online Tools","Free CSS gradient generator. Create linear and radial gradients with live preview.","Online CSS Gradient Generator","332","No","No","Yes","Yes","DATA NOT AVAILABLE","DATA NOT AVAILABLE","DATA NOT AVAILABLE","200 OK","Yes","< 50ms (Pure Client JS)"
"https://usonlinetools.com/css-design/css-box-shadow-generator","CSS Box Shadow Generator","CSS & Design Tools","css-design","en","US","Online CSS Box Shadow Generator | US Online Tools","Free CSS box shadow generator. Create box shadows with live preview.","Online CSS Box Shadow Generator","335","No","No","Yes","Yes","DATA NOT AVAILABLE","DATA NOT AVAILABLE","DATA NOT AVAILABLE","200 OK","Yes","< 50ms (Pure Client JS)"
"https://usonlinetools.com/css-design/css-text-shadow-generator","CSS Text Shadow Generator","CSS & Design Tools","css-design","en","US","Online CSS Text Shadow Generator | US Online Tools","Free CSS text shadow generator. Create text shadow effects online.","Online CSS Text Shadow Generator","333","No","No","Yes","Yes","DATA NOT AVAILABLE","DATA NOT AVAILABLE","DATA NOT AVAILABLE","200 OK","Yes","< 50ms (Pure Client JS)"
"https://usonlinetools.com/css-design/css-border-radius-generator","CSS Border Radius Generator","CSS & Design Tools","css-design","en","US","Online CSS Border Radius Generator | US Online Tools","Free CSS border radius generator with live preview, per-corner controls, presets, and copyable CSS shorthand.","Online CSS Border Radius Generator","343","No","No","Yes","Yes","DATA NOT AVAILABLE","DATA NOT AVAILABLE","DATA NOT AVAILABLE","200 OK","Yes","< 50ms (Pure Client JS)"
"https://usonlinetools.com/css-design/css-flexbox-generator","CSS Flexbox Generator","CSS & Design Tools","css-design","en","US","Online CSS Flexbox Generator | US Online Tools","Free CSS flexbox generator. Create flexbox layouts with visual editor.","Online CSS Flexbox Generator","330","No","No","Yes","Yes","DATA NOT AVAILABLE","DATA NOT AVAILABLE","DATA NOT AVAILABLE","200 OK","Yes","< 50ms (Pure Client JS)"
"https://usonlinetools.com/css-design/css-grid-generator","CSS Grid Generator","CSS & Design Tools","css-design","en","US","Online CSS Grid Generator | US Online Tools","Free CSS Grid generator. Create grid layouts with a visual editor.","Online CSS Grid Generator","332","No","No","Yes","Yes","DATA NOT AVAILABLE","DATA NOT AVAILABLE","DATA NOT AVAILABLE","200 OK","Yes","< 50ms (Pure Client JS)"
"https://usonlinetools.com/css-design/css-animation-generator","CSS Animation Generator","CSS & Design Tools","css-design","en","US","Online CSS Animation Generator | US Online Tools","Free CSS animation generator with live preview, keyframe presets, timing controls, and copyable CSS output.","Online CSS Animation Generator","336","No","No","Yes","Yes","DATA NOT AVAILABLE","DATA NOT AVAILABLE","DATA NOT AVAILABLE","200 OK","Yes","< 50ms (Pure Client JS)"
"https://usonlinetools.com/css-design/css-clip-path-generator","CSS Clip-Path Generator","CSS & Design Tools","css-design","en","US","Online CSS Clip-Path Generator | US Online Tools","Free CSS clip-path generator. Create custom clip-path shapes online.","Online CSS Clip-Path Generator","328","No","No","Yes","Yes","DATA NOT AVAILABLE","DATA NOT AVAILABLE","DATA NOT AVAILABLE","200 OK","Yes","< 50ms (Pure Client JS)"
"https://usonlinetools.com/css-design/css-filter-generator","CSS Filter Generator","CSS & Design Tools","css-design","en","US","Online CSS Filter Generator | US Online Tools","Free CSS filter generator. Create CSS filter effects with sliders.","Online CSS Filter Generator","328","No","No","Yes","Yes","DATA NOT AVAILABLE","DATA NOT AVAILABLE","DATA NOT AVAILABLE","200 OK","Yes","< 50ms (Pure Client JS)"
"https://usonlinetools.com/css-design/color-palette-generator","Color Palette Generator","CSS & Design Tools","css-design","en","US","Online Color Palette Generator | US Online Tools","Free color palette generator. Build monochrome, analogous, complementary, triadic, and split-complementary color schemes online.","Online Color Palette Generator","338","No","No","Yes","Yes","DATA NOT AVAILABLE","DATA NOT AVAILABLE","DATA NOT AVAILABLE","200 OK","Yes","< 50ms (Pure Client JS)"
"https://usonlinetools.com/css-design/color-contrast-checker","Color Contrast Checker","CSS & Design Tools","css-design","en","US","Online Color Contrast Checker | US Online Tools","Free color contrast checker. Test WCAG accessibility compliance for colors.","Online Color Contrast Checker","328","No","No","Yes","Yes","DATA NOT AVAILABLE","DATA NOT AVAILABLE","DATA NOT AVAILABLE","200 OK","Yes","< 50ms (Pure Client JS)"
"https://usonlinetools.com/css-design/color-picker","Color Picker","CSS & Design Tools","css-design","en","US","Color Picker - US Online Tools","Free online color picker. Select colors from a color wheel and get codes.","Color Picker","250","Yes","Yes","Yes","Yes","DATA NOT AVAILABLE","DATA NOT AVAILABLE","DATA NOT AVAILABLE","200 OK","Yes","< 50ms (Pure Client JS)"
"https://usonlinetools.com/css-design/hex-to-rgb-converter","HEX to RGB Converter","CSS & Design Tools","css-design","en","US","Online HEX to RGB Converter | US Online Tools","Free HEX to RGB converter. Convert hex color codes to RGB values online.","Online HEX to RGB Converter","340","No","No","Yes","Yes","DATA NOT AVAILABLE","DATA NOT AVAILABLE","DATA NOT AVAILABLE","200 OK","Yes","< 50ms (Pure Client JS)"
"https://usonlinetools.com/css-design/rgb-to-hex-converter","RGB to HEX Converter","CSS & Design Tools","css-design","en","US","Online RGB to HEX Converter | US Online Tools","Free RGB to HEX converter. Convert RGB values to hex color codes online.","Online RGB to HEX Converter","340","No","No","Yes","Yes","DATA NOT AVAILABLE","DATA NOT AVAILABLE","DATA NOT AVAILABLE","200 OK","Yes","< 50ms (Pure Client JS)"
"https://usonlinetools.com/css-design/tailwind-color-generator","Tailwind CSS Color Generator","CSS & Design Tools","css-design","en","US","Online Tailwind CSS Color Generator | US Online Tools","Free Tailwind color generator. Create custom color scales for Tailwind CSS.","Online Tailwind CSS Color Generator","336","No","No","Yes","Yes","DATA NOT AVAILABLE","DATA NOT AVAILABLE","DATA NOT AVAILABLE","200 OK","Yes","< 50ms (Pure Client JS)"
"https://usonlinetools.com/css-design/glassmorphism-generator","Glassmorphism Generator","CSS & Design Tools","css-design","en","US","Online Glassmorphism Generator | US Online Tools","Free glassmorphism CSS generator. Create glass-effect UI components.","Online Glassmorphism Generator","316","No","No","Yes","Yes","DATA NOT AVAILABLE","DATA NOT AVAILABLE","DATA NOT AVAILABLE","200 OK","Yes","< 50ms (Pure Client JS)"
"https://usonlinetools.com/css-design/neumorphism-generator","Neumorphism Generator","CSS & Design Tools","css-design","en","US","Online Neumorphism Generator | US Online Tools","Free neumorphism CSS generator. Create soft UI shadow effects online.","Online Neumorphism Generator","318","No","No","Yes","Yes","DATA NOT AVAILABLE","DATA NOT AVAILABLE","DATA NOT AVAILABLE","200 OK","Yes","< 50ms (Pure Client JS)"
"https://usonlinetools.com/css-design/css-triangle-generator","CSS Triangle Generator","CSS & Design Tools","css-design","en","US","Online CSS Triangle Generator | US Online Tools","Free CSS triangle generator with live preview. Create border triangle CSS, tooltip arrows, chevrons, ribbons, and Tailwind-style triangle hints.","Online CSS Triangle Generator","354","No","No","Yes","Yes","DATA NOT AVAILABLE","DATA NOT AVAILABLE","DATA NOT AVAILABLE","200 OK","Yes","< 50ms (Pure Client JS)"
"https://usonlinetools.com/seo/meta-tag-generator","Meta Tag Generator","SEO Tools","seo","en","US","Online Meta Tag Generator | US Online Tools","Free meta tag generator. Create SEO-optimized meta tags for your website.","Online Meta Tag Generator","329","No","No","Yes","Yes","DATA NOT AVAILABLE","DATA NOT AVAILABLE","DATA NOT AVAILABLE","200 OK","Yes","< 50ms (Pure Client JS)"
"https://usonlinetools.com/seo/open-graph-generator","Open Graph Tag Generator","SEO Tools","seo","en","US","Online Open Graph Tag Generator | US Online Tools","Free Open Graph generator. Create OG tags for social media sharing.","Online Open Graph Tag Generator","334","No","No","Yes","Yes","DATA NOT AVAILABLE","DATA NOT AVAILABLE","DATA NOT AVAILABLE","200 OK","Yes","< 50ms (Pure Client JS)"
"https://usonlinetools.com/seo/twitter-card-generator","Twitter Card Generator","SEO Tools","seo","en","US","Online Twitter Card Generator | US Online Tools","Free Twitter Card generator. Create Twitter Card meta tags online.","Online Twitter Card Generator","323","No","No","Yes","Yes","DATA NOT AVAILABLE","DATA NOT AVAILABLE","DATA NOT AVAILABLE","200 OK","Yes","< 50ms (Pure Client JS)"
"https://usonlinetools.com/seo/online-robots-txt-generator","Robots.txt Generator","SEO Tools","seo","en","US","Online Robots.txt Generator | US Online Tools","Free robots.txt generator. Create robots.txt files for your website.","Online Robots.txt Generator","312","No","No","Yes","Yes","DATA NOT AVAILABLE","DATA NOT AVAILABLE","DATA NOT AVAILABLE","200 OK","Yes","< 50ms (Pure Client JS)"
"https://usonlinetools.com/seo/online-sitemap-generator","XML Sitemap Generator","SEO Tools","seo","en","US","Online XML Sitemap Generator | US Online Tools","Free XML sitemap generator. Create sitemaps for search engines.","Online XML Sitemap Generator","319","No","No","Yes","Yes","DATA NOT AVAILABLE","DATA NOT AVAILABLE","DATA NOT AVAILABLE","200 OK","Yes","< 50ms (Pure Client JS)"
"https://usonlinetools.com/seo/online-keyword-density-checker","Keyword Density Checker","SEO Tools","seo","en","US","Online Keyword Density Checker | US Online Tools","Free keyword density checker. Analyze keyword usage in your text.","Online Keyword Density Checker","321","No","No","Yes","Yes","DATA NOT AVAILABLE","DATA NOT AVAILABLE","DATA NOT AVAILABLE","200 OK","Yes","< 50ms (Pure Client JS)"
"https://usonlinetools.com/seo/serp-preview-tool","Google SERP Preview","SEO Tools","seo","en","US","Online Google SERP Preview | US Online Tools","Free Google SERP preview. See how your page looks in search results.","Online Google SERP Preview","330","No","No","Yes","Yes","DATA NOT AVAILABLE","DATA NOT AVAILABLE","DATA NOT AVAILABLE","200 OK","Yes","< 50ms (Pure Client JS)"
"https://usonlinetools.com/seo/schema-markup-generator","Schema Markup Generator","SEO Tools","seo","en","US","Online Schema Markup Generator | US Online Tools","Free schema markup generator. Create JSON-LD structured data online.","Online Schema Markup Generator","319","No","No","Yes","Yes","DATA NOT AVAILABLE","DATA NOT AVAILABLE","DATA NOT AVAILABLE","200 OK","Yes","< 50ms (Pure Client JS)"
"https://usonlinetools.com/seo/canonical-tag-generator","Canonical Tag Generator","SEO Tools","seo","en","US","Online Canonical Tag Generator | US Online Tools","Free canonical tag generator. Create canonical URLs for SEO.","Online Canonical Tag Generator","321","No","No","Yes","Yes","DATA NOT AVAILABLE","DATA NOT AVAILABLE","DATA NOT AVAILABLE","200 OK","Yes","< 50ms (Pure Client JS)"
"https://usonlinetools.com/seo/htaccess-redirect-generator",".htaccess Redirect Generator","SEO Tools","seo","en","US","Online .htaccess Redirect Generator | US Online Tools","Free .htaccess redirect generator. Create Apache 301 and 302 redirect rules online.","Online .htaccess Redirect Generator","331","No","No","Yes","Yes","DATA NOT AVAILABLE","DATA NOT AVAILABLE","DATA NOT AVAILABLE","200 OK","Yes","< 50ms (Pure Client JS)"
"https://usonlinetools.com/seo/online-readability-checker","Readability Score Checker","SEO Tools","seo","en","US","Online Readability Score Checker | US Online Tools","Free readability checker. Check Flesch reading ease score of your text.","Online Readability Score Checker","327","No","No","Yes","Yes","DATA NOT AVAILABLE","DATA NOT AVAILABLE","DATA NOT AVAILABLE","200 OK","Yes","< 50ms (Pure Client JS)"
"https://usonlinetools.com/seo/online-heading-tag-checker","HTML Heading Tag Checker","SEO Tools","seo","en","US","Online HTML Heading Tag Checker | US Online Tools","Free heading tag checker. Validate HTML heading structure for SEO.","Online HTML Heading Tag Checker","333","No","No","Yes","Yes","DATA NOT AVAILABLE","DATA NOT AVAILABLE","DATA NOT AVAILABLE","200 OK","Yes","< 50ms (Pure Client JS)"
"https://usonlinetools.com/seo/favicon-checker","Favicon Code Generator","SEO Tools","seo","en","US","Online Favicon Code Generator | US Online Tools","Free favicon HTML code generator. Generate favicon link tags and manifest code for all browsers.","Online Favicon Code Generator","337","No","No","Yes","Yes","DATA NOT AVAILABLE","DATA NOT AVAILABLE","DATA NOT AVAILABLE","200 OK","Yes","< 50ms (Pure Client JS)"
"https://usonlinetools.com/security/online-password-generator","Password Generator","Security & Encryption","security","en","US","Password Generator - Free Secure Random Password Generator | US Online Tools","Use this free password generator to create strong, secure random passwords with numbers, symbols, uppercase, and lowercase letters. No signup.","Password Generator","673","No","No","Yes","Yes","DATA NOT AVAILABLE","DATA NOT AVAILABLE","DATA NOT AVAILABLE","200 OK","Yes","< 50ms (Pure Client JS)"
"https://usonlinetools.com/security/password-strength-checker","Password Strength Checker","Security & Encryption","security","en","US","Online Password Strength Checker | US Online Tools","Free password strength checker. Test your password security online.","Online Password Strength Checker","324","No","No","Yes","Yes","DATA NOT AVAILABLE","DATA NOT AVAILABLE","DATA NOT AVAILABLE","200 OK","Yes","< 50ms (Pure Client JS)"
"https://usonlinetools.com/security/md5-hash-generator","MD5 Hash Generator","Security & Encryption","security","en","US","Online MD5 Hash Generator | US Online Tools","Free MD5 hash generator. Generate MD5 checksums from text online.","Online MD5 Hash Generator","320","No","No","Yes","Yes","DATA NOT AVAILABLE","DATA NOT AVAILABLE","DATA NOT AVAILABLE","200 OK","Yes","< 50ms (Pure Client JS)"
"https://usonlinetools.com/security/sha256-hash-generator","SHA-256 Hash Generator","Security & Encryption","security","en","US","Online SHA-256 Hash Generator | US Online Tools","Free SHA-256 hash generator. Generate SHA-256 hashes online.","Online SHA-256 Hash Generator","316","No","No","Yes","Yes","DATA NOT AVAILABLE","DATA NOT AVAILABLE","DATA NOT AVAILABLE","200 OK","Yes","< 50ms (Pure Client JS)"
"https://usonlinetools.com/security/sha1-hash-generator","SHA-1 Hash Generator","Security & Encryption","security","en","US","Online SHA-1 Hash Generator | US Online Tools","Free SHA-1 hash generator. Generate SHA-1 hashes from text online.","Online SHA-1 Hash Generator","324","No","No","Yes","Yes","DATA NOT AVAILABLE","DATA NOT AVAILABLE","DATA NOT AVAILABLE","200 OK","Yes","< 50ms (Pure Client JS)"
"https://usonlinetools.com/security/sha512-hash-generator","SHA-512 Hash Generator","Security & Encryption","security","en","US","Online SHA-512 Hash Generator | US Online Tools","Free SHA-512 hash generator. Generate SHA-512 hashes online.","Online SHA-512 Hash Generator","316","No","No","Yes","Yes","DATA NOT AVAILABLE","DATA NOT AVAILABLE","DATA NOT AVAILABLE","200 OK","Yes","< 50ms (Pure Client JS)"
"https://usonlinetools.com/security/online-bcrypt-hash-generator","Bcrypt Hash Generator","Security & Encryption","security","en","US","Online Bcrypt Hash Generator | US Online Tools","Free bcrypt hash generator. Hash passwords with bcrypt online.","Online Bcrypt Hash Generator","320","No","No","Yes","Yes","DATA NOT AVAILABLE","DATA NOT AVAILABLE","DATA NOT AVAILABLE","200 OK","Yes","< 50ms (Pure Client JS)"
"https://usonlinetools.com/security/online-aes-encrypt-decrypt","AES Encrypt & Decrypt","Security & Encryption","security","en","US","Online AES Encrypt &amp; Decrypt | US Online Tools","Free AES encryption tool. Encrypt and decrypt text with AES-256 online.","Online AES Encrypt &amp; Decrypt","331","No","No","Yes","Yes","DATA NOT AVAILABLE","DATA NOT AVAILABLE","DATA NOT AVAILABLE","200 OK","Yes","< 50ms (Pure Client JS)"
"https://usonlinetools.com/security/rsa-key-generator","RSA Key Pair Generator","Security & Encryption","security","en","US","Online RSA Key Pair Generator | US Online Tools","Free RSA key generator. Generate RSA key pairs online.","Online RSA Key Pair Generator","326","No","No","Yes","Yes","DATA NOT AVAILABLE","DATA NOT AVAILABLE","DATA NOT AVAILABLE","200 OK","Yes","< 50ms (Pure Client JS)"
"https://usonlinetools.com/security/hmac-generator","HMAC Generator","Security & Encryption","security","en","US","Online HMAC Generator | US Online Tools","Free HMAC generator. Generate HMAC codes with SHA-256 and more.","Online HMAC Generator","314","No","No","Yes","Yes","DATA NOT AVAILABLE","DATA NOT AVAILABLE","DATA NOT AVAILABLE","200 OK","Yes","< 50ms (Pure Client JS)"
"https://usonlinetools.com/security/random-string-generator","Random String Generator","Security & Encryption","security","en","US","Online Random String Generator | US Online Tools","Free random string generator. Generate random alphanumeric strings online.","Online Random String Generator","320","No","No","Yes","Yes","DATA NOT AVAILABLE","DATA NOT AVAILABLE","DATA NOT AVAILABLE","200 OK","Yes","< 50ms (Pure Client JS)"
"https://usonlinetools.com/security/encryption-decoder","Caesar Cipher Tool","Security & Encryption","security","en","US","Online Caesar Cipher Tool | US Online Tools","Free Caesar cipher tool. Encrypt and decrypt text with Caesar cipher.","Online Caesar Cipher Tool","328","No","No","Yes","Yes","DATA NOT AVAILABLE","DATA NOT AVAILABLE","DATA NOT AVAILABLE","200 OK","Yes","< 50ms (Pure Client JS)"
"https://usonlinetools.com/security/binary-to-text","Binary to Text Converter","Security & Encryption","security","en","US","Online Binary to Text Converter | US Online Tools","Free binary to text converter. Convert between binary and text online.","Online Binary to Text Converter","334","No","No","Yes","Yes","DATA NOT AVAILABLE","DATA NOT AVAILABLE","DATA NOT AVAILABLE","200 OK","Yes","< 50ms (Pure Client JS)"
"https://usonlinetools.com/security/hex-to-text","Hex to Text Converter","Security & Encryption","security","en","US","Online Hex to Text Converter | US Online Tools","Free hex to text converter. Convert between hex and text online.","Online Hex to Text Converter","332","No","No","Yes","Yes","DATA NOT AVAILABLE","DATA NOT AVAILABLE","DATA NOT AVAILABLE","200 OK","Yes","< 50ms (Pure Client JS)"
"https://usonlinetools.com/security/online-morse-code-translator","Morse Code Translator","Security & Encryption","security","en","US","Online Morse Code Translator | US Online Tools","Free Morse code translator. Convert text to and from Morse code online.","Online Morse Code Translator","331","No","No","Yes","Yes","DATA NOT AVAILABLE","DATA NOT AVAILABLE","DATA NOT AVAILABLE","200 OK","Yes","< 50ms (Pure Client JS)"
"https://usonlinetools.com/social-media/twitter-character-counter","Twitter/X Character Counter","Social Media Tools","social-media","en","US","Online Twitter/X Character Counter | US Online Tools","Free Twitter character counter. Count characters for tweets with limits.","Online Twitter/X Character Counter","326","No","No","Yes","Yes","DATA NOT AVAILABLE","DATA NOT AVAILABLE","DATA NOT AVAILABLE","200 OK","Yes","< 50ms (Pure Client JS)"
"https://usonlinetools.com/social-media/online-instagram-caption-counter","Instagram Caption Counter","Social Media Tools","social-media","en","US","Online Instagram Caption Counter | US Online Tools","Free Instagram caption character counter. Track caption length online.","Online Instagram Caption Counter","322","No","No","Yes","Yes","DATA NOT AVAILABLE","DATA NOT AVAILABLE","DATA NOT AVAILABLE","200 OK","Yes","< 50ms (Pure Client JS)"
"https://usonlinetools.com/social-media/online-social-media-image-resizer","Social Media Image Resizer","Social Media Tools","social-media","en","US","Online Social Media Image Resizer | US Online Tools","Free social media image resizer. Resize images for Instagram, Facebook, Twitter.","Online Social Media Image Resizer","340","No","No","Yes","Yes","DATA NOT AVAILABLE","DATA NOT AVAILABLE","DATA NOT AVAILABLE","200 OK","Yes","< 50ms (Pure Client JS)"
"https://usonlinetools.com/social-media/youtube-thumbnail-checker","YouTube Thumbnail Checker","Social Media Tools","social-media","en","US","Online YouTube Thumbnail Checker | US Online Tools","Free YouTube thumbnail checker. Test thumbnail readability online with size and layout checks.","Online YouTube Thumbnail Checker","342","No","No","Yes","Yes","DATA NOT AVAILABLE","DATA NOT AVAILABLE","DATA NOT AVAILABLE","200 OK","Yes","< 50ms (Pure Client JS)"
"https://usonlinetools.com/social-media/emoji-picker","Emoji Picker & Copier","Social Media Tools","social-media","en","US","Emoji Picker & Copier - US Online Tools","Free emoji picker. Browse, search, and copy emojis to clipboard.","Emoji Picker & Copier","250","Yes","Yes","Yes","Yes","DATA NOT AVAILABLE","DATA NOT AVAILABLE","DATA NOT AVAILABLE","200 OK","Yes","< 50ms (Pure Client JS)"
"https://usonlinetools.com/social-media/text-to-emoji","Text to Emoji Converter","Social Media Tools","social-media","en","US","Text to Emoji Converter - US Online Tools","Free text to emoji converter. Turn plain text into emoji-enhanced social copy online.","Text to Emoji Converter","250","Yes","Yes","Yes","Yes","DATA NOT AVAILABLE","DATA NOT AVAILABLE","DATA NOT AVAILABLE","200 OK","Yes","< 50ms (Pure Client JS)"
"https://usonlinetools.com/social-media/online-linkedin-post-formatter","LinkedIn Post Formatter","Social Media Tools","social-media","en","US","Online LinkedIn Post Formatter | US Online Tools","Free LinkedIn post formatter. Format text with bold and symbols.","Online LinkedIn Post Formatter","328","No","No","Yes","Yes","DATA NOT AVAILABLE","DATA NOT AVAILABLE","DATA NOT AVAILABLE","200 OK","Yes","< 50ms (Pure Client JS)"
"https://usonlinetools.com/social-media/bio-generator","Social Media Bio Generator","Social Media Tools","social-media","en","US","Social Media Bio Generator - US Online Tools","Free social media bio generator. Create short bios for Instagram, LinkedIn, and TikTok online.","Social Media Bio Generator","250","Yes","Yes","Yes","Yes","DATA NOT AVAILABLE","DATA NOT AVAILABLE","DATA NOT AVAILABLE","200 OK","Yes","< 50ms (Pure Client JS)"
"https://usonlinetools.com/social-media/unicode-text-converter","Unicode Text Converter","Social Media Tools","social-media","en","US","Online Unicode Text Converter | US Online Tools","Free Unicode text converter. Create bold, italic, and fancy text styles.","Online Unicode Text Converter","332","No","No","Yes","Yes","DATA NOT AVAILABLE","DATA NOT AVAILABLE","DATA NOT AVAILABLE","200 OK","Yes","< 50ms (Pure Client JS)"
"https://usonlinetools.com/social-media/tiktok-character-counter","TikTok Caption Counter","Social Media Tools","social-media","en","US","Online TikTok Caption Counter | US Online Tools","Free TikTok caption character counter. Track caption length online.","Online TikTok Caption Counter","324","No","No","Yes","Yes","DATA NOT AVAILABLE","DATA NOT AVAILABLE","DATA NOT AVAILABLE","200 OK","Yes","< 50ms (Pure Client JS)"
"https://usonlinetools.com/social-media/online-social-post-scheduler-planner","Social Post Planner","Social Media Tools","social-media","en","US","Online Social Post Planner | US Online Tools","Free social media post planner. Plan your posting schedule online.","Online Social Post Planner","327","No","No","Yes","Yes","DATA NOT AVAILABLE","DATA NOT AVAILABLE","DATA NOT AVAILABLE","200 OK","Yes","< 50ms (Pure Client JS)"