"tool_url","primary_entity","attribute_or_topic","relationship","user_question","competitor_coverage_count","current_page_has_it","should_add","target_section","source","notes"
"https://usonlinetools.com/math/online-percentage-calculator","Percentage Calculator","Mathematical Formula / Algorithm","Direct computation specification","What formula is used in percentage calculator?","3","YES","YES","Formula & Explanation Section","NIST / W3C Standards","Essential for algorithmic and AEO transparency"
"https://usonlinetools.com/math/fraction-to-decimal-calculator","Fraction to Decimal Calculator","Mathematical Formula / Algorithm","Direct computation specification","What formula is used in fraction to decimal calculator?","3","YES","YES","Formula & Explanation Section","NIST / W3C Standards","Essential for algorithmic and AEO transparency"
"https://usonlinetools.com/math/decimal-to-fraction-calculator","Decimal to Fraction Calculator","Mathematical Formula / Algorithm","Direct computation specification","What formula is used in decimal to fraction calculator?","3","YES","YES","Formula & Explanation Section","NIST / W3C Standards","Essential for algorithmic and AEO transparency"
"https://usonlinetools.com/math/ratio-calculator","Ratio Calculator","Mathematical Formula / Algorithm","Direct computation specification","What formula is used in ratio calculator?","3","YES","YES","Formula & Explanation Section","NIST / W3C Standards","Essential for algorithmic and AEO transparency"
"https://usonlinetools.com/math/average-calculator","Average Calculator","Mathematical Formula / Algorithm","Direct computation specification","What formula is used in average calculator?","3","YES","YES","Formula & Explanation Section","NIST / W3C Standards","Essential for algorithmic and AEO transparency"
"https://usonlinetools.com/math/online-scientific-calculator","Scientific Calculator","Mathematical Formula / Algorithm","Direct computation specification","What formula is used in scientific calculator?","3","YES","YES","Formula & Explanation Section","NIST / W3C Standards","Essential for algorithmic and AEO transparency"
"https://usonlinetools.com/math/online-standard-deviation-calculator","Standard Deviation Calculator","Mathematical Formula / Algorithm","Direct computation specification","What formula is used in standard deviation calculator?","3","YES","YES","Formula & Explanation Section","NIST / W3C Standards","Essential for algorithmic and AEO transparency"
"https://usonlinetools.com/math/square-root-calculator","Square Root Calculator","Mathematical Formula / Algorithm","Direct computation specification","What formula is used in square root calculator?","3","YES","YES","Formula & Explanation Section","NIST / W3C Standards","Essential for algorithmic and AEO transparency"
"https://usonlinetools.com/math/cube-root-calculator","Cube Root Calculator","Mathematical Formula / Algorithm","Direct computation specification","What formula is used in cube root calculator?","3","YES","YES","Formula & Explanation Section","NIST / W3C Standards","Essential for algorithmic and AEO transparency"
"https://usonlinetools.com/math/power-calculator","Power Calculator","Mathematical Formula / Algorithm","Direct computation specification","What formula is used in power calculator?","3","YES","YES","Formula & Explanation Section","NIST / W3C Standards","Essential for algorithmic and AEO transparency"
"https://usonlinetools.com/math/logarithm-calculator","Logarithm Calculator","Mathematical Formula / Algorithm","Direct computation specification","What formula is used in logarithm calculator?","3","YES","YES","Formula & Explanation Section","NIST / W3C Standards","Essential for algorithmic and AEO transparency"
"https://usonlinetools.com/math/factorial-calculator","Factorial Calculator","Mathematical Formula / Algorithm","Direct computation specification","What formula is used in factorial calculator?","3","YES","YES","Formula & Explanation Section","NIST / W3C Standards","Essential for algorithmic and AEO transparency"
"https://usonlinetools.com/math/prime-number-checker","Prime Number Checker","Mathematical Formula / Algorithm","Direct computation specification","What formula is used in prime number checker?","3","YES","YES","Formula & Explanation Section","NIST / W3C Standards","Essential for algorithmic and AEO transparency"
"https://usonlinetools.com/math/online-lcm-calculator","LCM Calculator","Mathematical Formula / Algorithm","Direct computation specification","What formula is used in lcm calculator?","3","YES","YES","Formula & Explanation Section","NIST / W3C Standards","Essential for algorithmic and AEO transparency"
"https://usonlinetools.com/math/online-gcd-calculator","GCD Calculator","Mathematical Formula / Algorithm","Direct computation specification","What formula is used in gcd calculator?","3","YES","YES","Formula & Explanation Section","NIST / W3C Standards","Essential for algorithmic and AEO transparency"
"https://usonlinetools.com/math/random-number-generator","Random Number Generator","Mathematical Formula / Algorithm","Direct computation specification","What formula is used in random number generator?","3","YES","YES","Formula & Explanation Section","NIST / W3C Standards","Essential for algorithmic and AEO transparency"
"https://usonlinetools.com/math/mean-median-mode-calculator","Mean Median Mode Calculator","Mathematical Formula / Algorithm","Direct computation specification","What formula is used in mean median mode calculator?","3","YES","YES","Formula & Explanation Section","NIST / W3C Standards","Essential for algorithmic and AEO transparency"
"https://usonlinetools.com/math/rounding-numbers-calculator","Rounding Numbers Calculator","Mathematical Formula / Algorithm","Direct computation specification","What formula is used in rounding numbers calculator?","3","YES","YES","Formula & Explanation Section","NIST / W3C Standards","Essential for algorithmic and AEO transparency"
"https://usonlinetools.com/math/exponents-calculator","Exponents Calculator","Mathematical Formula / Algorithm","Direct computation specification","What formula is used in exponents calculator?","3","YES","YES","Formula & Explanation Section","NIST / W3C Standards","Essential for algorithmic and AEO transparency"
"https://usonlinetools.com/math/variance-calculator","Variance Calculator","Mathematical Formula / Algorithm","Direct computation specification","What formula is used in variance calculator?","3","YES","YES","Formula & Explanation Section","NIST / W3C Standards","Essential for algorithmic and AEO transparency"
"https://usonlinetools.com/math/number-sequence-generator","Number Sequence Generator","Mathematical Formula / Algorithm","Direct computation specification","What formula is used in number sequence generator?","3","YES","YES","Formula & Explanation Section","NIST / W3C Standards","Essential for algorithmic and AEO transparency"
"https://usonlinetools.com/math/divisibility-checker","Divisibility Checker","Mathematical Formula / Algorithm","Direct computation specification","What formula is used in divisibility checker?","3","YES","YES","Formula & Explanation Section","NIST / W3C Standards","Essential for algorithmic and AEO transparency"
"https://usonlinetools.com/math/online-matrix-calculator","Matrix Calculator","Mathematical Formula / Algorithm","Direct computation specification","What formula is used in matrix calculator?","3","YES","YES","Formula & Explanation Section","NIST / W3C Standards","Essential for algorithmic and AEO transparency"
"https://usonlinetools.com/math/online-quadratic-equation-solver","Quadratic Equation Solver","Mathematical Formula / Algorithm","Direct computation specification","What formula is used in quadratic equation solver?","3","YES","YES","Formula & Explanation Section","NIST / W3C Standards","Essential for algorithmic and AEO transparency"
"https://usonlinetools.com/math/permutation-calculator","Permutation Calculator","Mathematical Formula / Algorithm","Direct computation specification","What formula is used in permutation calculator?","3","YES","YES","Formula & Explanation Section","NIST / W3C Standards","Essential for algorithmic and AEO transparency"
"https://usonlinetools.com/math/combination-calculator","Combination Calculator","Mathematical Formula / Algorithm","Direct computation specification","What formula is used in combination calculator?","3","YES","YES","Formula & Explanation Section","NIST / W3C Standards","Essential for algorithmic and AEO transparency"
"https://usonlinetools.com/math/modulo-calculator","Modulo Calculator","Mathematical Formula / Algorithm","Direct computation specification","What formula is used in modulo calculator?","3","YES","YES","Formula & Explanation Section","NIST / W3C Standards","Essential for algorithmic and AEO transparency"
"https://usonlinetools.com/math/proportion-calculator","Proportion Calculator","Mathematical Formula / Algorithm","Direct computation specification","What formula is used in proportion calculator?","3","YES","YES","Formula & Explanation Section","NIST / W3C Standards","Essential for algorithmic and AEO transparency"
"https://usonlinetools.com/math/percentage-error-calculator","Percentage Error Calculator","Mathematical Formula / Algorithm","Direct computation specification","What formula is used in percentage error calculator?","3","YES","YES","Formula & Explanation Section","NIST / W3C Standards","Essential for algorithmic and AEO transparency"
"https://usonlinetools.com/math/fraction-calculator","Fraction Calculator","Mathematical Formula / Algorithm","Direct computation specification","What formula is used in fraction calculator?","3","YES","YES","Formula & Explanation Section","NIST / W3C Standards","Essential for algorithmic and AEO transparency"
"https://usonlinetools.com/finance/online-simple-interest-calculator","Simple Interest Calculator","Mathematical Formula / Algorithm","Direct computation specification","What formula is used in simple interest calculator?","3","YES","YES","Formula & Explanation Section","NIST / W3C Standards","Essential for algorithmic and AEO transparency"
"https://usonlinetools.com/finance/online-compound-interest-calculator","Compound Interest Calculator","Mathematical Formula / Algorithm","Direct computation specification","What formula is used in compound interest calculator?","3","YES","YES","Formula & Explanation Section","NIST / W3C Standards","Essential for algorithmic and AEO transparency"
"https://usonlinetools.com/finance/online-loan-emi-calculator","Loan EMI Calculator","Mathematical Formula / Algorithm","Direct computation specification","What formula is used in loan emi calculator?","3","YES","YES","Formula & Explanation Section","NIST / W3C Standards","Essential for algorithmic and AEO transparency"
"https://usonlinetools.com/finance/discount-calculator","Discount Calculator","Mathematical Formula / Algorithm","Direct computation specification","What formula is used in discount calculator?","3","YES","YES","Formula & Explanation Section","NIST / W3C Standards","Essential for algorithmic and AEO transparency"
"https://usonlinetools.com/finance/profit-margin-calculator","Profit Margin Calculator","Mathematical Formula / Algorithm","Direct computation specification","What formula is used in profit margin calculator?","3","YES","YES","Formula & Explanation Section","NIST / W3C Standards","Essential for algorithmic and AEO transparency"
"https://usonlinetools.com/finance/markup-calculator","Markup Calculator","Mathematical Formula / Algorithm","Direct computation specification","What formula is used in markup calculator?","3","YES","YES","Formula & Explanation Section","NIST / W3C Standards","Essential for algorithmic and AEO transparency"
"https://usonlinetools.com/finance/break-even-calculator","Break Even Calculator","Mathematical Formula / Algorithm","Direct computation specification","What formula is used in break even calculator?","3","YES","YES","Formula & Explanation Section","NIST / W3C Standards","Essential for algorithmic and AEO transparency"
"https://usonlinetools.com/finance/online-roi-calculator","ROI Calculator","Mathematical Formula / Algorithm","Direct computation specification","What formula is used in roi calculator?","3","YES","YES","Formula & Explanation Section","NIST / W3C Standards","Essential for algorithmic and AEO transparency"
"https://usonlinetools.com/finance/savings-calculator","Savings Calculator","Mathematical Formula / Algorithm","Direct computation specification","What formula is used in savings calculator?","3","YES","YES","Formula & Explanation Section","NIST / W3C Standards","Essential for algorithmic and AEO transparency"
"https://usonlinetools.com/finance/online-cagr-calculator","CAGR Calculator","Mathematical Formula / Algorithm","Direct computation specification","What formula is used in cagr calculator?","3","YES","YES","Formula & Explanation Section","NIST / W3C Standards","Essential for algorithmic and AEO transparency"
"https://usonlinetools.com/finance/online-debt-to-income-calculator","Debt-to-Income Calculator","Mathematical Formula / Algorithm","Direct computation specification","What formula is used in debt-to-income calculator?","3","YES","YES","Formula & Explanation Section","NIST / W3C Standards","Essential for algorithmic and AEO transparency"
"https://usonlinetools.com/finance/online-loan-to-value-calculator","Loan-to-Value Calculator","Mathematical Formula / Algorithm","Direct computation specification","What formula is used in loan-to-value calculator?","3","YES","YES","Formula & Explanation Section","NIST / W3C Standards","Essential for algorithmic and AEO transparency"
"https://usonlinetools.com/finance/tip-calculator","Tip Calculator","Mathematical Formula / Algorithm","Direct computation specification","What formula is used in tip calculator?","3","YES","YES","Formula & Explanation Section","NIST / W3C Standards","Essential for algorithmic and AEO transparency"
"https://usonlinetools.com/finance/online-salary-calculator","Salary Calculator","Mathematical Formula / Algorithm","Direct computation specification","What formula is used in salary calculator?","3","YES","YES","Formula & Explanation Section","NIST / W3C Standards","Essential for algorithmic and AEO transparency"
"https://usonlinetools.com/finance/online-tax-calculator","Tax Calculator","Mathematical Formula / Algorithm","Direct computation specification","What formula is used in tax calculator?","3","YES","YES","Formula & Explanation Section","NIST / W3C Standards","Essential for algorithmic and AEO transparency"
"https://usonlinetools.com/finance/online-mortgage-payment-calculator","Mortgage Payment Calculator","Mathematical Formula / Algorithm","Direct computation specification","What formula is used in mortgage payment calculator?","3","YES","YES","Formula & Explanation Section","NIST / W3C Standards","Essential for algorithmic and AEO transparency"
"https://usonlinetools.com/finance/online-gst-calculator","GST Calculator","Mathematical Formula / Algorithm","Direct computation specification","What formula is used in gst calculator?","3","YES","YES","Formula & Explanation Section","NIST / W3C Standards","Essential for algorithmic and AEO transparency"
"https://usonlinetools.com/finance/online-inflation-calculator","Inflation Calculator","Mathematical Formula / Algorithm","Direct computation specification","What formula is used in inflation calculator?","3","YES","YES","Formula & Explanation Section","NIST / W3C Standards","Essential for algorithmic and AEO transparency"
"https://usonlinetools.com/finance/commission-calculator","Commission Calculator","Mathematical Formula / Algorithm","Direct computation specification","What formula is used in commission calculator?","3","YES","YES","Formula & Explanation Section","NIST / W3C Standards","Essential for algorithmic and AEO transparency"
"https://usonlinetools.com/finance/online-investment-growth-calculator","Investment Growth Calculator","Mathematical Formula / Algorithm","Direct computation specification","What formula is used in investment growth calculator?","3","YES","YES","Formula & Explanation Section","NIST / W3C Standards","Essential for algorithmic and AEO transparency"
"https://usonlinetools.com/finance/online-budget-calculator","Budget Calculator","Mathematical Formula / Algorithm","Direct computation specification","What formula is used in budget calculator?","3","YES","YES","Formula & Explanation Section","NIST / W3C Standards","Essential for algorithmic and AEO transparency"
"https://usonlinetools.com/finance/expense-calculator","Expense Calculator","Mathematical Formula / Algorithm","Direct computation specification","What formula is used in expense calculator?","3","YES","YES","Formula & Explanation Section","NIST / W3C Standards","Essential for algorithmic and AEO transparency"
"https://usonlinetools.com/finance/cost-per-unit-calculator","Cost Per Unit Calculator","Mathematical Formula / Algorithm","Direct computation specification","What formula is used in cost per unit calculator?","3","YES","YES","Formula & Explanation Section","NIST / W3C Standards","Essential for algorithmic and AEO transparency"
"https://usonlinetools.com/finance/price-per-unit-calculator","Price Per Unit Calculator","Mathematical Formula / Algorithm","Direct computation specification","What formula is used in price per unit calculator?","3","YES","YES","Formula & Explanation Section","NIST / W3C Standards","Essential for algorithmic and AEO transparency"
"https://usonlinetools.com/finance/payback-period-calculator","Payback Period Calculator","Mathematical Formula / Algorithm","Direct computation specification","What formula is used in payback period calculator?","3","YES","YES","Formula & Explanation Section","NIST / W3C Standards","Essential for algorithmic and AEO transparency"
"https://usonlinetools.com/finance/loan-interest-calculator","Loan Interest Calculator","Mathematical Formula / Algorithm","Direct computation specification","What formula is used in loan interest calculator?","3","YES","YES","Formula & Explanation Section","NIST / W3C Standards","Essential for algorithmic and AEO transparency"
"https://usonlinetools.com/finance/savings-goal-calculator","Savings Goal Calculator","Mathematical Formula / Algorithm","Direct computation specification","What formula is used in savings goal calculator?","3","YES","YES","Formula & Explanation Section","NIST / W3C Standards","Essential for algorithmic and AEO transparency"
"https://usonlinetools.com/finance/revenue-calculator","Revenue Calculator","Mathematical Formula / Algorithm","Direct computation specification","What formula is used in revenue calculator?","3","YES","YES","Formula & Explanation Section","NIST / W3C Standards","Essential for algorithmic and AEO transparency"
"https://usonlinetools.com/finance/cost-split-calculator","Cost Split Calculator","Mathematical Formula / Algorithm","Direct computation specification","What formula is used in cost split calculator?","3","YES","YES","Formula & Explanation Section","NIST / W3C Standards","Essential for algorithmic and AEO transparency"
"https://usonlinetools.com/finance/depreciation-calculator","Depreciation Calculator","Mathematical Formula / Algorithm","Direct computation specification","What formula is used in depreciation calculator?","3","YES","YES","Formula & Explanation Section","NIST / W3C Standards","Essential for algorithmic and AEO transparency"
"https://usonlinetools.com/finance/net-worth-calculator","Net Worth Calculator","Mathematical Formula / Algorithm","Direct computation specification","What formula is used in net worth calculator?","3","YES","YES","Formula & Explanation Section","NIST / W3C Standards","Essential for algorithmic and AEO transparency"
"https://usonlinetools.com/finance/online-retirement-calculator","Retirement Calculator","Mathematical Formula / Algorithm","Direct computation specification","What formula is used in retirement calculator?","3","YES","YES","Formula & Explanation Section","NIST / W3C Standards","Essential for algorithmic and AEO transparency"
"https://usonlinetools.com/finance/online-car-loan-calculator","Car Loan Calculator","Mathematical Formula / Algorithm","Direct computation specification","What formula is used in car loan calculator?","3","YES","YES","Formula & Explanation Section","NIST / W3C Standards","Essential for algorithmic and AEO transparency"
"https://usonlinetools.com/finance/credit-card-payoff-calculator","Credit Card Payoff Calculator","Mathematical Formula / Algorithm","Direct computation specification","What formula is used in credit card payoff calculator?","3","YES","YES","Formula & Explanation Section","NIST / W3C Standards","Essential for algorithmic and AEO transparency"
"https://usonlinetools.com/finance/down-payment-calculator","Down Payment Calculator","Mathematical Formula / Algorithm","Direct computation specification","What formula is used in down payment calculator?","3","YES","YES","Formula & Explanation Section","NIST / W3C Standards","Essential for algorithmic and AEO transparency"
"https://usonlinetools.com/finance/online-amortization-calculator","Amortization Calculator","Mathematical Formula / Algorithm","Direct computation specification","What formula is used in amortization calculator?","3","YES","YES","Formula & Explanation Section","NIST / W3C Standards","Essential for algorithmic and AEO transparency"
"https://usonlinetools.com/finance/stock-profit-calculator","Stock Profit Calculator","Mathematical Formula / Algorithm","Direct computation specification","What formula is used in stock profit calculator?","3","YES","YES","Formula & Explanation Section","NIST / W3C Standards","Essential for algorithmic and AEO transparency"
"https://usonlinetools.com/finance/dividend-calculator","Dividend Calculator","Mathematical Formula / Algorithm","Direct computation specification","What formula is used in dividend calculator?","3","YES","YES","Formula & Explanation Section","NIST / W3C Standards","Essential for algorithmic and AEO transparency"
"https://usonlinetools.com/finance/online-currency-exchange-calculator","Currency Exchange Calculator","Mathematical Formula / Algorithm","Direct computation specification","What formula is used in currency exchange calculator?","3","YES","YES","Formula & Explanation Section","NIST / W3C Standards","Essential for algorithmic and AEO transparency"
"https://usonlinetools.com/finance/hourly-to-salary-calculator","Hourly to Salary Calculator","Mathematical Formula / Algorithm","Direct computation specification","What formula is used in hourly to salary calculator?","3","YES","YES","Formula & Explanation Section","NIST / W3C Standards","Essential for algorithmic and AEO transparency"
"https://usonlinetools.com/conversion/online-length-converter","Length Converter","Mathematical Formula / Algorithm","Direct computation specification","What formula is used in length converter?","3","YES","YES","Formula & Explanation Section","NIST / W3C Standards","Essential for algorithmic and AEO transparency"
"https://usonlinetools.com/conversion/online-weight-converter","Weight Converter","Mathematical Formula / Algorithm","Direct computation specification","What formula is used in weight converter?","3","YES","YES","Formula & Explanation Section","NIST / W3C Standards","Essential for algorithmic and AEO transparency"
"https://usonlinetools.com/conversion/online-temperature-converter","Temperature Converter","Mathematical Formula / Algorithm","Direct computation specification","What formula is used in temperature converter?","3","YES","YES","Formula & Explanation Section","NIST / W3C Standards","Essential for algorithmic and AEO transparency"
"https://usonlinetools.com/conversion/online-area-converter","Area Converter","Mathematical Formula / Algorithm","Direct computation specification","What formula is used in area converter?","3","YES","YES","Formula & Explanation Section","NIST / W3C Standards","Essential for algorithmic and AEO transparency"
"https://usonlinetools.com/conversion/online-volume-converter","Volume Converter","Mathematical Formula / Algorithm","Direct computation specification","What formula is used in volume converter?","3","YES","YES","Formula & Explanation Section","NIST / W3C Standards","Essential for algorithmic and AEO transparency"
"https://usonlinetools.com/conversion/online-speed-converter","Speed Converter","Mathematical Formula / Algorithm","Direct computation specification","What formula is used in speed converter?","3","YES","YES","Formula & Explanation Section","NIST / W3C Standards","Essential for algorithmic and AEO transparency"
"https://usonlinetools.com/conversion/color-converter","Color Converter","Mathematical Formula / Algorithm","Direct computation specification","What formula is used in color converter?","3","YES","YES","Formula & Explanation Section","NIST / W3C Standards","Essential for algorithmic and AEO transparency"
"https://usonlinetools.com/conversion/online-binary-to-decimal-converter","Binary to Decimal Converter","Mathematical Formula / Algorithm","Direct computation specification","What formula is used in binary to decimal converter?","3","YES","YES","Formula & Explanation Section","NIST / W3C Standards","Essential for algorithmic and AEO transparency"
"https://usonlinetools.com/conversion/decimal-to-binary-converter","Decimal to Binary Converter","Mathematical Formula / Algorithm","Direct computation specification","What formula is used in decimal to binary converter?","3","YES","YES","Formula & Explanation Section","NIST / W3C Standards","Essential for algorithmic and AEO transparency"
"https://usonlinetools.com/conversion/hex-to-decimal-converter","Hex to Decimal Converter","Mathematical Formula / Algorithm","Direct computation specification","What formula is used in hex to decimal converter?","3","YES","YES","Formula & Explanation Section","NIST / W3C Standards","Essential for algorithmic and AEO transparency"
"https://usonlinetools.com/conversion/online-roman-numeral-converter","Roman Numeral Converter","Mathematical Formula / Algorithm","Direct computation specification","What formula is used in roman numeral converter?","3","YES","YES","Formula & Explanation Section","NIST / W3C Standards","Essential for algorithmic and AEO transparency"
"https://usonlinetools.com/conversion/data-storage-converter","Data Storage Converter","Mathematical Formula / Algorithm","Direct computation specification","What formula is used in data storage converter?","3","YES","YES","Formula & Explanation Section","NIST / W3C Standards","Essential for algorithmic and AEO transparency"
"https://usonlinetools.com/conversion/energy-converter","Energy Converter","Mathematical Formula / Algorithm","Direct computation specification","What formula is used in energy converter?","3","YES","YES","Formula & Explanation Section","NIST / W3C Standards","Essential for algorithmic and AEO transparency"
"https://usonlinetools.com/conversion/pressure-converter","Pressure Converter","Mathematical Formula / Algorithm","Direct computation specification","What formula is used in pressure converter?","3","YES","YES","Formula & Explanation Section","NIST / W3C Standards","Essential for algorithmic and AEO transparency"
"https://usonlinetools.com/conversion/time-converter","Time Converter","Mathematical Formula / Algorithm","Direct computation specification","What formula is used in time converter?","3","YES","YES","Formula & Explanation Section","NIST / W3C Standards","Essential for algorithmic and AEO transparency"
"https://usonlinetools.com/conversion/angle-converter","Angle Converter","Mathematical Formula / Algorithm","Direct computation specification","What formula is used in angle converter?","3","YES","YES","Formula & Explanation Section","NIST / W3C Standards","Essential for algorithmic and AEO transparency"
"https://usonlinetools.com/conversion/frequency-converter","Frequency Converter","Mathematical Formula / Algorithm","Direct computation specification","What formula is used in frequency converter?","3","YES","YES","Formula & Explanation Section","NIST / W3C Standards","Essential for algorithmic and AEO transparency"
"https://usonlinetools.com/conversion/fuel-efficiency-converter","Fuel Efficiency Converter","Mathematical Formula / Algorithm","Direct computation specification","What formula is used in fuel efficiency converter?","3","YES","YES","Formula & Explanation Section","NIST / W3C Standards","Essential for algorithmic and AEO transparency"
"https://usonlinetools.com/conversion/number-to-words-converter","Number to Words Converter","Mathematical Formula / Algorithm","Direct computation specification","What formula is used in number to words converter?","3","YES","YES","Formula & Explanation Section","NIST / W3C Standards","Essential for algorithmic and AEO transparency"
"https://usonlinetools.com/conversion/words-to-number-converter","Words to Number Converter","Mathematical Formula / Algorithm","Direct computation specification","What formula is used in words to number converter?","3","YES","YES","Formula & Explanation Section","NIST / W3C Standards","Essential for algorithmic and AEO transparency"
"https://usonlinetools.com/conversion/base-converter","Base Converter","Mathematical Formula / Algorithm","Direct computation specification","What formula is used in base converter?","3","YES","YES","Formula & Explanation Section","NIST / W3C Standards","Essential for algorithmic and AEO transparency"
"https://usonlinetools.com/conversion/binary-to-hex-converter","Binary to Hex Converter","Mathematical Formula / Algorithm","Direct computation specification","What formula is used in binary to hex converter?","3","YES","YES","Formula & Explanation Section","NIST / W3C Standards","Essential for algorithmic and AEO transparency"
"https://usonlinetools.com/conversion/hex-to-binary-converter","Hex to Binary Converter","Mathematical Formula / Algorithm","Direct computation specification","What formula is used in hex to binary converter?","3","YES","YES","Formula & Explanation Section","NIST / W3C Standards","Essential for algorithmic and AEO transparency"
"https://usonlinetools.com/conversion/octal-converter","Octal Converter","Mathematical Formula / Algorithm","Direct computation specification","What formula is used in octal converter?","3","YES","YES","Formula & Explanation Section","NIST / W3C Standards","Essential for algorithmic and AEO transparency"
"https://usonlinetools.com/conversion/unit-price-converter","Unit Price Converter","Mathematical Formula / Algorithm","Direct computation specification","What formula is used in unit price converter?","3","YES","YES","Formula & Explanation Section","NIST / W3C Standards","Essential for algorithmic and AEO transparency"
"https://usonlinetools.com/conversion/density-converter","Density Converter","Mathematical Formula / Algorithm","Direct computation specification","What formula is used in density converter?","3","YES","YES","Formula & Explanation Section","NIST / W3C Standards","Essential for algorithmic and AEO transparency"
"https://usonlinetools.com/conversion/power-converter","Power Converter","Mathematical Formula / Algorithm","Direct computation specification","What formula is used in power converter?","3","YES","YES","Formula & Explanation Section","NIST / W3C Standards","Essential for algorithmic and AEO transparency"
"https://usonlinetools.com/conversion/torque-converter","Torque Converter","Mathematical Formula / Algorithm","Direct computation specification","What formula is used in torque converter?","3","YES","YES","Formula & Explanation Section","NIST / W3C Standards","Essential for algorithmic and AEO transparency"
"https://usonlinetools.com/conversion/force-converter","Force Converter","Mathematical Formula / Algorithm","Direct computation specification","What formula is used in force converter?","3","YES","YES","Formula & Explanation Section","NIST / W3C Standards","Essential for algorithmic and AEO transparency"
"https://usonlinetools.com/conversion/electric-current-converter","Electric Current Converter","Mathematical Formula / Algorithm","Direct computation specification","What formula is used in electric current converter?","3","YES","YES","Formula & Explanation Section","NIST / W3C Standards","Essential for algorithmic and AEO transparency"
"https://usonlinetools.com/conversion/online-shoe-size-converter","Shoe Size Converter","Mathematical Formula / Algorithm","Direct computation specification","What formula is used in shoe size converter?","3","YES","YES","Formula & Explanation Section","NIST / W3C Standards","Essential for algorithmic and AEO transparency"
"https://usonlinetools.com/conversion/online-cooking-converter","Cooking Converter","Mathematical Formula / Algorithm","Direct computation specification","What formula is used in cooking converter?","3","YES","YES","Formula & Explanation Section","NIST / W3C Standards","Essential for algorithmic and AEO transparency"
"https://usonlinetools.com/time-date/online-age-calculator","Age Calculator","Mathematical Formula / Algorithm","Direct computation specification","What formula is used in age calculator?","3","YES","YES","Formula & Explanation Section","NIST / W3C Standards","Essential for algorithmic and AEO transparency"
"https://usonlinetools.com/time-date/date-difference-calculator","Date Difference Calculator","Mathematical Formula / Algorithm","Direct computation specification","What formula is used in date difference calculator?","3","YES","YES","Formula & Explanation Section","NIST / W3C Standards","Essential for algorithmic and AEO transparency"
"https://usonlinetools.com/time-date/online-countdown-timer","Countdown Timer","Mathematical Formula / Algorithm","Direct computation specification","What formula is used in countdown timer?","3","YES","YES","Formula & Explanation Section","NIST / W3C Standards","Essential for algorithmic and AEO transparency"
"https://usonlinetools.com/time-date/time-duration-calculator","Time Duration Calculator","Mathematical Formula / Algorithm","Direct computation specification","What formula is used in time duration calculator?","3","YES","YES","Formula & Explanation Section","NIST / W3C Standards","Essential for algorithmic and AEO transparency"
"https://usonlinetools.com/time-date/work-hours-calculator","Work Hours Calculator","Mathematical Formula / Algorithm","Direct computation specification","What formula is used in work hours calculator?","3","YES","YES","Formula & Explanation Section","NIST / W3C Standards","Essential for algorithmic and AEO transparency"
"https://usonlinetools.com/time-date/business-days-calculator","Business Days Calculator","Mathematical Formula / Algorithm","Direct computation specification","What formula is used in business days calculator?","3","YES","YES","Formula & Explanation Section","NIST / W3C Standards","Essential for algorithmic and AEO transparency"
"https://usonlinetools.com/time-date/leap-year-checker","Leap Year Checker","Mathematical Formula / Algorithm","Direct computation specification","What formula is used in leap year checker?","3","YES","YES","Formula & Explanation Section","NIST / W3C Standards","Essential for algorithmic and AEO transparency"
"https://usonlinetools.com/time-date/online-time-zone-converter","Time Zone Converter","Mathematical Formula / Algorithm","Direct computation specification","What formula is used in time zone converter?","3","YES","YES","Formula & Explanation Section","NIST / W3C Standards","Essential for algorithmic and AEO transparency"
"https://usonlinetools.com/time-date/online-stopwatch","Stopwatch Tool","Mathematical Formula / Algorithm","Direct computation specification","What formula is used in stopwatch tool?","3","YES","YES","Formula & Explanation Section","NIST / W3C Standards","Essential for algorithmic and AEO transparency"
"https://usonlinetools.com/time-date/half-birthday-calculator","Half Birthday Calculator","Mathematical Formula / Algorithm","Direct computation specification","What formula is used in half birthday calculator?","3","YES","YES","Formula & Explanation Section","NIST / W3C Standards","Essential for algorithmic and AEO transparency"
"https://usonlinetools.com/time-date/week-number-calculator","Week Number Calculator","Mathematical Formula / Algorithm","Direct computation specification","What formula is used in week number calculator?","3","YES","YES","Formula & Explanation Section","NIST / W3C Standards","Essential for algorithmic and AEO transparency"
"https://usonlinetools.com/time-date/overtime-calculator","Overtime Calculator","Mathematical Formula / Algorithm","Direct computation specification","What formula is used in overtime calculator?","3","YES","YES","Formula & Explanation Section","NIST / W3C Standards","Essential for algorithmic and AEO transparency"
"https://usonlinetools.com/time-date/days-between-dates-calculator","Days Between Dates Calculator","Mathematical Formula / Algorithm","Direct computation specification","What formula is used in days between dates calculator?","3","YES","YES","Formula & Explanation Section","NIST / W3C Standards","Essential for algorithmic and AEO transparency"
"https://usonlinetools.com/time-date/working-days-calculator","Working Days Calculator","Mathematical Formula / Algorithm","Direct computation specification","What formula is used in working days calculator?","3","YES","YES","Formula & Explanation Section","NIST / W3C Standards","Essential for algorithmic and AEO transparency"
"https://usonlinetools.com/time-date/time-addition-calculator","Time Addition Calculator","Mathematical Formula / Algorithm","Direct computation specification","What formula is used in time addition calculator?","3","YES","YES","Formula & Explanation Section","NIST / W3C Standards","Essential for algorithmic and AEO transparency"
"https://usonlinetools.com/time-date/time-subtraction-calculator","Time Subtraction Calculator","Mathematical Formula / Algorithm","Direct computation specification","What formula is used in time subtraction calculator?","3","YES","YES","Formula & Explanation Section","NIST / W3C Standards","Essential for algorithmic and AEO transparency"
"https://usonlinetools.com/time-date/meeting-time-calculator","Meeting Time Calculator","Mathematical Formula / Algorithm","Direct computation specification","What formula is used in meeting time calculator?","3","YES","YES","Formula & Explanation Section","NIST / W3C Standards","Essential for algorithmic and AEO transparency"
"https://usonlinetools.com/time-date/shift-schedule-calculator","Shift Schedule Calculator","Mathematical Formula / Algorithm","Direct computation specification","What formula is used in shift schedule calculator?","3","YES","YES","Formula & Explanation Section","NIST / W3C Standards","Essential for algorithmic and AEO transparency"
"https://usonlinetools.com/time-date/deadline-calculator","Deadline Calculator","Mathematical Formula / Algorithm","Direct computation specification","What formula is used in deadline calculator?","3","YES","YES","Formula & Explanation Section","NIST / W3C Standards","Essential for algorithmic and AEO transparency"
"https://usonlinetools.com/time-date/study-time-calculator","Study Time Calculator","Mathematical Formula / Algorithm","Direct computation specification","What formula is used in study time calculator?","3","YES","YES","Formula & Explanation Section","NIST / W3C Standards","Essential for algorithmic and AEO transparency"
"https://usonlinetools.com/time-date/reading-time-calculator","Reading Time Calculator","Mathematical Formula / Algorithm","Direct computation specification","What formula is used in reading time calculator?","3","YES","YES","Formula & Explanation Section","NIST / W3C Standards","Essential for algorithmic and AEO transparency"
"https://usonlinetools.com/time-date/event-countdown-timer","Event Countdown Timer","Mathematical Formula / Algorithm","Direct computation specification","What formula is used in event countdown timer?","3","YES","YES","Formula & Explanation Section","NIST / W3C Standards","Essential for algorithmic and AEO transparency"
"https://usonlinetools.com/time-date/hourly-time-calculator","Hourly Time Calculator","Mathematical Formula / Algorithm","Direct computation specification","What formula is used in hourly time calculator?","3","YES","YES","Formula & Explanation Section","NIST / W3C Standards","Essential for algorithmic and AEO transparency"
"https://usonlinetools.com/time-date/shift-hours-calculator","Shift Hours Calculator","Mathematical Formula / Algorithm","Direct computation specification","What formula is used in shift hours calculator?","3","YES","YES","Formula & Explanation Section","NIST / W3C Standards","Essential for algorithmic and AEO transparency"
"https://usonlinetools.com/time-date/time-tracking-calculator","Time Tracking Calculator","Mathematical Formula / Algorithm","Direct computation specification","What formula is used in time tracking calculator?","3","YES","YES","Formula & Explanation Section","NIST / W3C Standards","Essential for algorithmic and AEO transparency"
"https://usonlinetools.com/time-date/time-calculator","Time Calculator","Mathematical Formula / Algorithm","Direct computation specification","What formula is used in time calculator?","3","YES","YES","Formula & Explanation Section","NIST / W3C Standards","Essential for algorithmic and AEO transparency"
"https://usonlinetools.com/time-date/online-military-time-converter","Military Time Converter","Mathematical Formula / Algorithm","Direct computation specification","What formula is used in military time converter?","3","YES","YES","Formula & Explanation Section","NIST / W3C Standards","Essential for algorithmic and AEO transparency"
"https://usonlinetools.com/time-date/era-calculator","Era Calculator","Mathematical Formula / Algorithm","Direct computation specification","What formula is used in era calculator?","3","YES","YES","Formula & Explanation Section","NIST / W3C Standards","Essential for algorithmic and AEO transparency"
"https://usonlinetools.com/time-date/zodiac-sign-calculator","Zodiac Sign Calculator","Mathematical Formula / Algorithm","Direct computation specification","What formula is used in zodiac sign calculator?","3","YES","YES","Formula & Explanation Section","NIST / W3C Standards","Essential for algorithmic and AEO transparency"
"https://usonlinetools.com/time-date/chinese-zodiac-calculator","Chinese Zodiac Calculator","Mathematical Formula / Algorithm","Direct computation specification","What formula is used in chinese zodiac calculator?","3","YES","YES","Formula & Explanation Section","NIST / W3C Standards","Essential for algorithmic and AEO transparency"
"https://usonlinetools.com/time-date/age-in-days-calculator","Age in Days Calculator","Mathematical Formula / Algorithm","Direct computation specification","What formula is used in age in days calculator?","3","YES","YES","Formula & Explanation Section","NIST / W3C Standards","Essential for algorithmic and AEO transparency"
"https://usonlinetools.com/time-date/retirement-age-calculator","Retirement Age Calculator","Mathematical Formula / Algorithm","Direct computation specification","What formula is used in retirement age calculator?","3","YES","YES","Formula & Explanation Section","NIST / W3C Standards","Essential for algorithmic and AEO transparency"
"https://usonlinetools.com/health/online-bmi-calculator","BMI Calculator","Mathematical Formula / Algorithm","Direct computation specification","What formula is used in bmi calculator?","3","YES","YES","Formula & Explanation Section","NIST / W3C Standards","Essential for algorithmic and AEO transparency"
"https://usonlinetools.com/health/online-bmr-calculator","BMR Calculator","Mathematical Formula / Algorithm","Direct computation specification","What formula is used in bmr calculator?","3","YES","YES","Formula & Explanation Section","NIST / W3C Standards","Essential for algorithmic and AEO transparency"
"https://usonlinetools.com/health/online-body-surface-area-calculator","Body Surface Area Calculator","Mathematical Formula / Algorithm","Direct computation specification","What formula is used in body surface area calculator?","3","YES","YES","Formula & Explanation Section","NIST / W3C Standards","Essential for algorithmic and AEO transparency"
"https://usonlinetools.com/health/online-tdee-calculator","TDEE Calculator","Mathematical Formula / Algorithm","Direct computation specification","What formula is used in tdee calculator?","3","YES","YES","Formula & Explanation Section","NIST / W3C Standards","Essential for algorithmic and AEO transparency"
"https://usonlinetools.com/health/calorie-intake-calculator","Calorie Intake Calculator","Mathematical Formula / Algorithm","Direct computation specification","What formula is used in calorie intake calculator?","3","YES","YES","Formula & Explanation Section","NIST / W3C Standards","Essential for algorithmic and AEO transparency"
"https://usonlinetools.com/health/water-intake-calculator","Water Intake Calculator","Mathematical Formula / Algorithm","Direct computation specification","What formula is used in water intake calculator?","3","YES","YES","Formula & Explanation Section","NIST / W3C Standards","Essential for algorithmic and AEO transparency"
"https://usonlinetools.com/health/ideal-weight-calculator","Ideal Weight Calculator","Mathematical Formula / Algorithm","Direct computation specification","What formula is used in ideal weight calculator?","3","YES","YES","Formula & Explanation Section","NIST / W3C Standards","Essential for algorithmic and AEO transparency"
"https://usonlinetools.com/health/body-fat-calculator","Body Fat Calculator","Mathematical Formula / Algorithm","Direct computation specification","What formula is used in body fat calculator?","3","YES","YES","Formula & Explanation Section","NIST / W3C Standards","Essential for algorithmic and AEO transparency"
"https://usonlinetools.com/health/protein-intake-calculator","Protein Intake Calculator","Mathematical Formula / Algorithm","Direct computation specification","What formula is used in protein intake calculator?","3","YES","YES","Formula & Explanation Section","NIST / W3C Standards","Essential for algorithmic and AEO transparency"
"https://usonlinetools.com/health/running-pace-calculator","Running Pace Calculator","Mathematical Formula / Algorithm","Direct computation specification","What formula is used in running pace calculator?","3","YES","YES","Formula & Explanation Section","NIST / W3C Standards","Essential for algorithmic and AEO transparency"
"https://usonlinetools.com/health/heart-rate-calculator","Heart Rate Calculator","Mathematical Formula / Algorithm","Direct computation specification","What formula is used in heart rate calculator?","3","YES","YES","Formula & Explanation Section","NIST / W3C Standards","Essential for algorithmic and AEO transparency"
"https://usonlinetools.com/health/sleep-calculator","Sleep Calculator","Mathematical Formula / Algorithm","Direct computation specification","What formula is used in sleep calculator?","3","YES","YES","Formula & Explanation Section","NIST / W3C Standards","Essential for algorithmic and AEO transparency"
"https://usonlinetools.com/health/pregnancy-due-date-calculator","Pregnancy Due Date Calculator","Mathematical Formula / Algorithm","Direct computation specification","What formula is used in pregnancy due date calculator?","3","YES","YES","Formula & Explanation Section","NIST / W3C Standards","Essential for algorithmic and AEO transparency"
"https://usonlinetools.com/calculators/ovulation-calculator/","Ovulation Calculator","Mathematical Formula / Algorithm","Direct computation specification","What formula is used in ovulation calculator?","3","YES","YES","Formula & Explanation Section","NIST / W3C Standards","Essential for algorithmic and AEO transparency"
"https://usonlinetools.com/health/calorie-deficit-calculator","Calorie Deficit Calculator","Mathematical Formula / Algorithm","Direct computation specification","What formula is used in calorie deficit calculator?","3","YES","YES","Formula & Explanation Section","NIST / W3C Standards","Essential for algorithmic and AEO transparency"
"https://usonlinetools.com/health/cat-age-calculator","Cat Age Calculator","Mathematical Formula / Algorithm","Direct computation specification","What formula is used in cat age calculator?","3","YES","YES","Formula & Explanation Section","NIST / W3C Standards","Essential for algorithmic and AEO transparency"
"https://usonlinetools.com/health/dog-age-calculator","Dog Age Calculator","Mathematical Formula / Algorithm","Direct computation specification","What formula is used in dog age calculator?","3","YES","YES","Formula & Explanation Section","NIST / W3C Standards","Essential for algorithmic and AEO transparency"
"https://usonlinetools.com/health/lean-body-mass-calculator","Lean Body Mass Calculator","Mathematical Formula / Algorithm","Direct computation specification","What formula is used in lean body mass calculator?","3","YES","YES","Formula & Explanation Section","NIST / W3C Standards","Essential for algorithmic and AEO transparency"
"https://usonlinetools.com/health/daily-calories-burn-calculator","Daily Calories Burn Calculator","Mathematical Formula / Algorithm","Direct computation specification","What formula is used in daily calories burn calculator?","3","YES","YES","Formula & Explanation Section","NIST / W3C Standards","Essential for algorithmic and AEO transparency"
"https://usonlinetools.com/health/one-rep-max-calculator","One Rep Max Calculator","Mathematical Formula / Algorithm","Direct computation specification","What formula is used in one rep max calculator?","3","YES","YES","Formula & Explanation Section","NIST / W3C Standards","Essential for algorithmic and AEO transparency"
"https://usonlinetools.com/health/body-type-calculator","Body Type Calculator","Mathematical Formula / Algorithm","Direct computation specification","What formula is used in body type calculator?","3","YES","YES","Formula & Explanation Section","NIST / W3C Standards","Essential for algorithmic and AEO transparency"
"https://usonlinetools.com/health/fitness-age-calculator","Fitness Age Calculator","Mathematical Formula / Algorithm","Direct computation specification","What formula is used in fitness age calculator?","3","YES","YES","Formula & Explanation Section","NIST / W3C Standards","Essential for algorithmic and AEO transparency"
"https://usonlinetools.com/health/walking-calories-calculator","Walking Calories Calculator","Mathematical Formula / Algorithm","Direct computation specification","What formula is used in walking calories calculator?","3","YES","YES","Formula & Explanation Section","NIST / W3C Standards","Essential for algorithmic and AEO transparency"
"https://usonlinetools.com/health/cycling-calories-calculator","Cycling Calories Calculator","Mathematical Formula / Algorithm","Direct computation specification","What formula is used in cycling calories calculator?","3","YES","YES","Formula & Explanation Section","NIST / W3C Standards","Essential for algorithmic and AEO transparency"
"https://usonlinetools.com/health/macro-nutrient-calculator","Macro Nutrient Calculator","Mathematical Formula / Algorithm","Direct computation specification","What formula is used in macro nutrient calculator?","3","YES","YES","Formula & Explanation Section","NIST / W3C Standards","Essential for algorithmic and AEO transparency"
"https://usonlinetools.com/health/fat-intake-calculator","Fat Intake Calculator","Mathematical Formula / Algorithm","Direct computation specification","What formula is used in fat intake calculator?","3","YES","YES","Formula & Explanation Section","NIST / W3C Standards","Essential for algorithmic and AEO transparency"
"https://usonlinetools.com/health/workout-duration-calculator","Workout Duration Calculator","Mathematical Formula / Algorithm","Direct computation specification","What formula is used in workout duration calculator?","3","YES","YES","Formula & Explanation Section","NIST / W3C Standards","Essential for algorithmic and AEO transparency"
"https://usonlinetools.com/health/step-counter-estimator","Step Counter Estimator","Mathematical Formula / Algorithm","Direct computation specification","What formula is used in step counter estimator?","3","YES","YES","Formula & Explanation Section","NIST / W3C Standards","Essential for algorithmic and AEO transparency"
"https://usonlinetools.com/health/calorie-calculator","Calorie Calculator","Mathematical Formula / Algorithm","Direct computation specification","What formula is used in calorie calculator?","3","YES","YES","Formula & Explanation Section","NIST / W3C Standards","Essential for algorithmic and AEO transparency"
"https://usonlinetools.com/health/bac-calculator","BAC Calculator","Mathematical Formula / Algorithm","Direct computation specification","What formula is used in bac calculator?","3","YES","YES","Formula & Explanation Section","NIST / W3C Standards","Essential for algorithmic and AEO transparency"
"https://usonlinetools.com/health/waist-to-hip-ratio-calculator","Waist to Hip Ratio Calculator","Mathematical Formula / Algorithm","Direct computation specification","What formula is used in waist to hip ratio calculator?","3","YES","YES","Formula & Explanation Section","NIST / W3C Standards","Essential for algorithmic and AEO transparency"
"https://usonlinetools.com/health/keto-calculator","Keto Calculator","Mathematical Formula / Algorithm","Direct computation specification","What formula is used in keto calculator?","3","YES","YES","Formula & Explanation Section","NIST / W3C Standards","Essential for algorithmic and AEO transparency"
"https://usonlinetools.com/health/intermittent-fasting-calculator","Intermittent Fasting Calculator","Mathematical Formula / Algorithm","Direct computation specification","What formula is used in intermittent fasting calculator?","3","YES","YES","Formula & Explanation Section","NIST / W3C Standards","Essential for algorithmic and AEO transparency"
"https://usonlinetools.com/health/vo2-max-calculator","VO2 Max Calculator","Mathematical Formula / Algorithm","Direct computation specification","What formula is used in vo2 max calculator?","3","YES","YES","Formula & Explanation Section","NIST / W3C Standards","Essential for algorithmic and AEO transparency"
"https://usonlinetools.com/construction/concrete-calculator","Concrete Volume Calculator","Mathematical Formula / Algorithm","Direct computation specification","What formula is used in concrete volume calculator?","3","YES","YES","Formula & Explanation Section","NIST / W3C Standards","Essential for algorithmic and AEO transparency"
"https://usonlinetools.com/construction/cement-calculator","Cement Calculator","Mathematical Formula / Algorithm","Direct computation specification","What formula is used in cement calculator?","3","YES","YES","Formula & Explanation Section","NIST / W3C Standards","Essential for algorithmic and AEO transparency"
"https://usonlinetools.com/construction/brick-calculator","Brick Calculator","Mathematical Formula / Algorithm","Direct computation specification","What formula is used in brick calculator?","3","YES","YES","Formula & Explanation Section","NIST / W3C Standards","Essential for algorithmic and AEO transparency"
"https://usonlinetools.com/construction/steel-weight-calculator","Steel Weight Calculator","Mathematical Formula / Algorithm","Direct computation specification","What formula is used in steel weight calculator?","3","YES","YES","Formula & Explanation Section","NIST / W3C Standards","Essential for algorithmic and AEO transparency"
"https://usonlinetools.com/construction/paint-calculator","Paint Calculator","Mathematical Formula / Algorithm","Direct computation specification","What formula is used in paint calculator?","3","YES","YES","Formula & Explanation Section","NIST / W3C Standards","Essential for algorithmic and AEO transparency"
"https://usonlinetools.com/construction/tile-calculator","Tile Calculator","Mathematical Formula / Algorithm","Direct computation specification","What formula is used in tile calculator?","3","YES","YES","Formula & Explanation Section","NIST / W3C Standards","Essential for algorithmic and AEO transparency"
"https://usonlinetools.com/construction/flooring-calculator","Flooring Calculator","Mathematical Formula / Algorithm","Direct computation specification","What formula is used in flooring calculator?","3","YES","YES","Formula & Explanation Section","NIST / W3C Standards","Essential for algorithmic and AEO transparency"
"https://usonlinetools.com/construction/room-area-calculator","Room Area Calculator","Mathematical Formula / Algorithm","Direct computation specification","What formula is used in room area calculator?","3","YES","YES","Formula & Explanation Section","NIST / W3C Standards","Essential for algorithmic and AEO transparency"
"https://usonlinetools.com/construction/roof-area-calculator","Roof Area Calculator","Mathematical Formula / Algorithm","Direct computation specification","What formula is used in roof area calculator?","3","YES","YES","Formula & Explanation Section","NIST / W3C Standards","Essential for algorithmic and AEO transparency"
"https://usonlinetools.com/construction/water-tank-calculator","Water Tank Capacity Calculator","Mathematical Formula / Algorithm","Direct computation specification","What formula is used in water tank capacity calculator?","3","YES","YES","Formula & Explanation Section","NIST / W3C Standards","Essential for algorithmic and AEO transparency"
"https://usonlinetools.com/construction/asphalt-calculator","Asphalt Calculator","Mathematical Formula / Algorithm","Direct computation specification","What formula is used in asphalt calculator?","3","YES","YES","Formula & Explanation Section","NIST / W3C Standards","Essential for algorithmic and AEO transparency"
"https://usonlinetools.com/construction/gravel-calculator","Gravel Calculator","Mathematical Formula / Algorithm","Direct computation specification","What formula is used in gravel calculator?","3","YES","YES","Formula & Explanation Section","NIST / W3C Standards","Essential for algorithmic and AEO transparency"
"https://usonlinetools.com/construction/fence-length-calculator","Fence Length Calculator","Mathematical Formula / Algorithm","Direct computation specification","What formula is used in fence length calculator?","3","YES","YES","Formula & Explanation Section","NIST / W3C Standards","Essential for algorithmic and AEO transparency"
"https://usonlinetools.com/construction/lumber-calculator","Lumber Calculator","Mathematical Formula / Algorithm","Direct computation specification","What formula is used in lumber calculator?","3","YES","YES","Formula & Explanation Section","NIST / W3C Standards","Essential for algorithmic and AEO transparency"
"https://usonlinetools.com/construction/wall-area-calculator","Wall Area Calculator","Mathematical Formula / Algorithm","Direct computation specification","What formula is used in wall area calculator?","3","YES","YES","Formula & Explanation Section","NIST / W3C Standards","Essential for algorithmic and AEO transparency"
"https://usonlinetools.com/construction/pipe-volume-calculator","Pipe Volume Calculator","Mathematical Formula / Algorithm","Direct computation specification","What formula is used in pipe volume calculator?","3","YES","YES","Formula & Explanation Section","NIST / W3C Standards","Essential for algorithmic and AEO transparency"
"https://usonlinetools.com/construction/sand-calculator","Sand Calculator","Mathematical Formula / Algorithm","Direct computation specification","What formula is used in sand calculator?","3","YES","YES","Formula & Explanation Section","NIST / W3C Standards","Essential for algorithmic and AEO transparency"
"https://usonlinetools.com/construction/excavation-calculator","Excavation Calculator","Mathematical Formula / Algorithm","Direct computation specification","What formula is used in excavation calculator?","3","YES","YES","Formula & Explanation Section","NIST / W3C Standards","Essential for algorithmic and AEO transparency"
"https://usonlinetools.com/construction/stair-calculator","Stair Calculator","Mathematical Formula / Algorithm","Direct computation specification","What formula is used in stair calculator?","3","YES","YES","Formula & Explanation Section","NIST / W3C Standards","Essential for algorithmic and AEO transparency"
"https://usonlinetools.com/construction/material-cost-calculator","Material Cost Calculator","Mathematical Formula / Algorithm","Direct computation specification","What formula is used in material cost calculator?","3","YES","YES","Formula & Explanation Section","NIST / W3C Standards","Essential for algorithmic and AEO transparency"
"https://usonlinetools.com/construction/deck-area-calculator","Deck Area Calculator","Mathematical Formula / Algorithm","Direct computation specification","What formula is used in deck area calculator?","3","YES","YES","Formula & Explanation Section","NIST / W3C Standards","Essential for algorithmic and AEO transparency"
"https://usonlinetools.com/construction/plaster-calculator","Plaster Calculator","Mathematical Formula / Algorithm","Direct computation specification","What formula is used in plaster calculator?","3","YES","YES","Formula & Explanation Section","NIST / W3C Standards","Essential for algorithmic and AEO transparency"
"https://usonlinetools.com/construction/insulation-calculator","Insulation Calculator","Mathematical Formula / Algorithm","Direct computation specification","What formula is used in insulation calculator?","3","YES","YES","Formula & Explanation Section","NIST / W3C Standards","Essential for algorithmic and AEO transparency"
"https://usonlinetools.com/construction/concrete-block-calculator","Concrete Block Calculator","Mathematical Formula / Algorithm","Direct computation specification","What formula is used in concrete block calculator?","3","YES","YES","Formula & Explanation Section","NIST / W3C Standards","Essential for algorithmic and AEO transparency"
"https://usonlinetools.com/construction/paver-calculator","Paver Calculator","Mathematical Formula / Algorithm","Direct computation specification","What formula is used in paver calculator?","3","YES","YES","Formula & Explanation Section","NIST / W3C Standards","Essential for algorithmic and AEO transparency"
"https://usonlinetools.com/construction/bitumen-calculator","Bitumen Calculator","Mathematical Formula / Algorithm","Direct computation specification","What formula is used in bitumen calculator?","3","YES","YES","Formula & Explanation Section","NIST / W3C Standards","Essential for algorithmic and AEO transparency"
"https://usonlinetools.com/construction/pool-salt-calculator","Pool Salt Calculator","Mathematical Formula / Algorithm","Direct computation specification","What formula is used in pool salt calculator?","3","YES","YES","Formula & Explanation Section","NIST / W3C Standards","Essential for algorithmic and AEO transparency"
"https://usonlinetools.com/construction/rebar-calculator","Rebar Calculator","Mathematical Formula / Algorithm","Direct computation specification","What formula is used in rebar calculator?","3","YES","YES","Formula & Explanation Section","NIST / W3C Standards","Essential for algorithmic and AEO transparency"
"https://usonlinetools.com/construction/drywall-calculator","Drywall Calculator","Mathematical Formula / Algorithm","Direct computation specification","What formula is used in drywall calculator?","3","YES","YES","Formula & Explanation Section","NIST / W3C Standards","Essential for algorithmic and AEO transparency"
"https://usonlinetools.com/construction/wallpaper-calculator","Wallpaper Calculator","Mathematical Formula / Algorithm","Direct computation specification","What formula is used in wallpaper calculator?","3","YES","YES","Formula & Explanation Section","NIST / W3C Standards","Essential for algorithmic and AEO transparency"
"https://usonlinetools.com/construction/mulch-calculator","Mulch Calculator","Mathematical Formula / Algorithm","Direct computation specification","What formula is used in mulch calculator?","3","YES","YES","Formula & Explanation Section","NIST / W3C Standards","Essential for algorithmic and AEO transparency"
"https://usonlinetools.com/construction/soil-calculator","Soil Calculator","Mathematical Formula / Algorithm","Direct computation specification","What formula is used in soil calculator?","3","YES","YES","Formula & Explanation Section","NIST / W3C Standards","Essential for algorithmic and AEO transparency"
"https://usonlinetools.com/construction/solar-panel-calculator","Solar Panel Calculator","Mathematical Formula / Algorithm","Direct computation specification","What formula is used in solar panel calculator?","3","YES","YES","Formula & Explanation Section","NIST / W3C Standards","Essential for algorithmic and AEO transparency"
"https://usonlinetools.com/construction/electrical-load-calculator","Electrical Load Calculator","Mathematical Formula / Algorithm","Direct computation specification","What formula is used in electrical load calculator?","3","YES","YES","Formula & Explanation Section","NIST / W3C Standards","Essential for algorithmic and AEO transparency"
"https://usonlinetools.com/productivity/online-word-counter","Word Counter","Mathematical Formula / Algorithm","Direct computation specification","What formula is used in word counter?","3","YES","YES","Formula & Explanation Section","NIST / W3C Standards","Essential for algorithmic and AEO transparency"
"https://usonlinetools.com/productivity/random-name-generator","Random Name Generator","Mathematical Formula / Algorithm","Direct computation specification","What formula is used in random name generator?","3","YES","YES","Formula & Explanation Section","NIST / W3C Standards","Essential for algorithmic and AEO transparency"
"https://usonlinetools.com/productivity/username-generator","Username Generator","Mathematical Formula / Algorithm","Direct computation specification","What formula is used in username generator?","3","YES","YES","Formula & Explanation Section","NIST / W3C Standards","Essential for algorithmic and AEO transparency"
"https://usonlinetools.com/productivity/dice-roller","Dice Roller","Mathematical Formula / Algorithm","Direct computation specification","What formula is used in dice roller?","3","YES","YES","Formula & Explanation Section","NIST / W3C Standards","Essential for algorithmic and AEO transparency"
"https://usonlinetools.com/productivity/coin-flip","Coin Flip Tool","Mathematical Formula / Algorithm","Direct computation specification","What formula is used in coin flip tool?","3","YES","YES","Formula & Explanation Section","NIST / W3C Standards","Essential for algorithmic and AEO transparency"
"https://usonlinetools.com/productivity/random-color-generator","Random Color Generator","Mathematical Formula / Algorithm","Direct computation specification","What formula is used in random color generator?","3","YES","YES","Formula & Explanation Section","NIST / W3C Standards","Essential for algorithmic and AEO transparency"
"https://usonlinetools.com/productivity/case-converter","Case Converter","Mathematical Formula / Algorithm","Direct computation specification","What formula is used in case converter?","3","YES","YES","Formula & Explanation Section","NIST / W3C Standards","Essential for algorithmic and AEO transparency"
"https://usonlinetools.com/productivity/text-reverser","Text Reverser Tool","Mathematical Formula / Algorithm","Direct computation specification","What formula is used in text reverser tool?","3","YES","YES","Formula & Explanation Section","NIST / W3C Standards","Essential for algorithmic and AEO transparency"
"https://usonlinetools.com/productivity/duplicate-line-remover","Duplicate Line Remover","Mathematical Formula / Algorithm","Direct computation specification","What formula is used in duplicate line remover?","3","YES","YES","Formula & Explanation Section","NIST / W3C Standards","Essential for algorithmic and AEO transparency"
"https://usonlinetools.com/productivity/alphabetical-sort","Alphabetical Sort Tool","Mathematical Formula / Algorithm","Direct computation specification","What formula is used in alphabetical sort tool?","3","YES","YES","Formula & Explanation Section","NIST / W3C Standards","Essential for algorithmic and AEO transparency"
"https://usonlinetools.com/productivity/palindrome-checker","Palindrome Checker","Mathematical Formula / Algorithm","Direct computation specification","What formula is used in palindrome checker?","3","YES","YES","Formula & Explanation Section","NIST / W3C Standards","Essential for algorithmic and AEO transparency"
"https://usonlinetools.com/productivity/hashtag-generator","Hashtag Generator Tool","Mathematical Formula / Algorithm","Direct computation specification","What formula is used in hashtag generator tool?","3","YES","YES","Formula & Explanation Section","NIST / W3C Standards","Essential for algorithmic and AEO transparency"
"https://usonlinetools.com/productivity/word-frequency-counter","Word Frequency Counter","Mathematical Formula / Algorithm","Direct computation specification","What formula is used in word frequency counter?","3","YES","YES","Formula & Explanation Section","NIST / W3C Standards","Essential for algorithmic and AEO transparency"
"https://usonlinetools.com/productivity/random-letter-generator","Random Letter Generator","Mathematical Formula / Algorithm","Direct computation specification","What formula is used in random letter generator?","3","YES","YES","Formula & Explanation Section","NIST / W3C Standards","Essential for algorithmic and AEO transparency"
"https://usonlinetools.com/productivity/random-picker-tool","Random Picker Tool","Mathematical Formula / Algorithm","Direct computation specification","What formula is used in random picker tool?","3","YES","YES","Formula & Explanation Section","NIST / W3C Standards","Essential for algorithmic and AEO transparency"
"https://usonlinetools.com/productivity/spin-wheel-generator","Spin Wheel Generator","Mathematical Formula / Algorithm","Direct computation specification","What formula is used in spin wheel generator?","3","YES","YES","Formula & Explanation Section","NIST / W3C Standards","Essential for algorithmic and AEO transparency"
"https://usonlinetools.com/productivity/character-counter-tool","Character Counter Tool","Mathematical Formula / Algorithm","Direct computation specification","What formula is used in character counter tool?","3","YES","YES","Formula & Explanation Section","NIST / W3C Standards","Essential for algorithmic and AEO transparency"
"https://usonlinetools.com/productivity/line-counter-tool","Line Counter Tool","Mathematical Formula / Algorithm","Direct computation specification","What formula is used in line counter tool?","3","YES","YES","Formula & Explanation Section","NIST / W3C Standards","Essential for algorithmic and AEO transparency"
"https://usonlinetools.com/productivity/remove-extra-spaces-tool","Remove Extra Spaces Tool","Mathematical Formula / Algorithm","Direct computation specification","What formula is used in remove extra spaces tool?","3","YES","YES","Formula & Explanation Section","NIST / W3C Standards","Essential for algorithmic and AEO transparency"
"https://usonlinetools.com/productivity/sort-text-lines-tool","Sort Text Lines Tool","Mathematical Formula / Algorithm","Direct computation specification","What formula is used in sort text lines tool?","3","YES","YES","Formula & Explanation Section","NIST / W3C Standards","Essential for algorithmic and AEO transparency"
"https://usonlinetools.com/productivity/list-randomizer-tool","List Randomizer Tool","Mathematical Formula / Algorithm","Direct computation specification","What formula is used in list randomizer tool?","3","YES","YES","Formula & Explanation Section","NIST / W3C Standards","Essential for algorithmic and AEO transparency"
"https://usonlinetools.com/productivity/text-formatter-tool","Text Formatter Tool","Mathematical Formula / Algorithm","Direct computation specification","What formula is used in text formatter tool?","3","YES","YES","Formula & Explanation Section","NIST / W3C Standards","Essential for algorithmic and AEO transparency"
"https://usonlinetools.com/productivity/json-formatter","JSON Formatter","Mathematical Formula / Algorithm","Direct computation specification","What formula is used in json formatter?","3","YES","YES","Formula & Explanation Section","NIST / W3C Standards","Essential for algorithmic and AEO transparency"
"https://usonlinetools.com/productivity/base64-encoder-decoder","Base64 Encoder Decoder","Mathematical Formula / Algorithm","Direct computation specification","What formula is used in base64 encoder decoder?","3","YES","YES","Formula & Explanation Section","NIST / W3C Standards","Essential for algorithmic and AEO transparency"
"https://usonlinetools.com/productivity/love-calculator","Love Calculator","Mathematical Formula / Algorithm","Direct computation specification","What formula is used in love calculator?","3","YES","YES","Formula & Explanation Section","NIST / W3C Standards","Essential for algorithmic and AEO transparency"
"https://usonlinetools.com/education/online-gpa-calculator","GPA Calculator","Mathematical Formula / Algorithm","Direct computation specification","What formula is used in gpa calculator?","3","YES","YES","Formula & Explanation Section","NIST / W3C Standards","Essential for algorithmic and AEO transparency"
"https://usonlinetools.com/education/grade-calculator","Grade Calculator","Mathematical Formula / Algorithm","Direct computation specification","What formula is used in grade calculator?","3","YES","YES","Formula & Explanation Section","NIST / W3C Standards","Essential for algorithmic and AEO transparency"
"https://usonlinetools.com/education/weighted-grade-calculator","Weighted Grade Calculator","Mathematical Formula / Algorithm","Direct computation specification","What formula is used in weighted grade calculator?","3","YES","YES","Formula & Explanation Section","NIST / W3C Standards","Essential for algorithmic and AEO transparency"
"https://usonlinetools.com/education/final-grade-calculator","Final Grade Calculator","Mathematical Formula / Algorithm","Direct computation specification","What formula is used in final grade calculator?","3","YES","YES","Formula & Explanation Section","NIST / W3C Standards","Essential for algorithmic and AEO transparency"
"https://usonlinetools.com/education/percentage-grade-calculator","Percentage Grade Calculator","Mathematical Formula / Algorithm","Direct computation specification","What formula is used in percentage grade calculator?","3","YES","YES","Formula & Explanation Section","NIST / W3C Standards","Essential for algorithmic and AEO transparency"
"https://usonlinetools.com/education/attendance-percentage-calculator","Attendance Percentage Calculator","Mathematical Formula / Algorithm","Direct computation specification","What formula is used in attendance percentage calculator?","3","YES","YES","Formula & Explanation Section","NIST / W3C Standards","Essential for algorithmic and AEO transparency"
"https://usonlinetools.com/education/reading-speed-calculator","Reading Speed Calculator","Mathematical Formula / Algorithm","Direct computation specification","What formula is used in reading speed calculator?","3","YES","YES","Formula & Explanation Section","NIST / W3C Standards","Essential for algorithmic and AEO transparency"
"https://usonlinetools.com/education/marks-percentage-calculator","Marks Percentage Calculator","Mathematical Formula / Algorithm","Direct computation specification","What formula is used in marks percentage calculator?","3","YES","YES","Formula & Explanation Section","NIST / W3C Standards","Essential for algorithmic and AEO transparency"
"https://usonlinetools.com/education/marks-to-gpa-converter","Marks to GPA Converter","Mathematical Formula / Algorithm","Direct computation specification","What formula is used in marks to gpa converter?","3","YES","YES","Formula & Explanation Section","NIST / W3C Standards","Essential for algorithmic and AEO transparency"
"https://usonlinetools.com/education/class-average-calculator","Class Average Calculator","Mathematical Formula / Algorithm","Direct computation specification","What formula is used in class average calculator?","3","YES","YES","Formula & Explanation Section","NIST / W3C Standards","Essential for algorithmic and AEO transparency"
"https://usonlinetools.com/education/score-calculator","Score Calculator","Mathematical Formula / Algorithm","Direct computation specification","What formula is used in score calculator?","3","YES","YES","Formula & Explanation Section","NIST / W3C Standards","Essential for algorithmic and AEO transparency"
"https://usonlinetools.com/education/study-planner-calculator","Study Planner Calculator","Mathematical Formula / Algorithm","Direct computation specification","What formula is used in study planner calculator?","3","YES","YES","Formula & Explanation Section","NIST / W3C Standards","Essential for algorithmic and AEO transparency"
"https://usonlinetools.com/education/homework-time-calculator","Homework Time Calculator","Mathematical Formula / Algorithm","Direct computation specification","What formula is used in homework time calculator?","3","YES","YES","Formula & Explanation Section","NIST / W3C Standards","Essential for algorithmic and AEO transparency"
"https://usonlinetools.com/education/exam-countdown-timer","Exam Countdown Timer","Mathematical Formula / Algorithm","Direct computation specification","What formula is used in exam countdown timer?","3","YES","YES","Formula & Explanation Section","NIST / W3C Standards","Essential for algorithmic and AEO transparency"
"https://usonlinetools.com/education/assignment-grade-calculator","Assignment Grade Calculator","Mathematical Formula / Algorithm","Direct computation specification","What formula is used in assignment grade calculator?","3","YES","YES","Formula & Explanation Section","NIST / W3C Standards","Essential for algorithmic and AEO transparency"
"https://usonlinetools.com/education/semester-planner-tool","Semester Planner Tool","Mathematical Formula / Algorithm","Direct computation specification","What formula is used in semester planner tool?","3","YES","YES","Formula & Explanation Section","NIST / W3C Standards","Essential for algorithmic and AEO transparency"
"https://usonlinetools.com/education/quiz-score-calculator","Quiz Score Calculator","Mathematical Formula / Algorithm","Direct computation specification","What formula is used in quiz score calculator?","3","YES","YES","Formula & Explanation Section","NIST / W3C Standards","Essential for algorithmic and AEO transparency"
"https://usonlinetools.com/education/flashcard-timer-tool","Flashcard Timer Tool","Mathematical Formula / Algorithm","Direct computation specification","What formula is used in flashcard timer tool?","3","YES","YES","Formula & Explanation Section","NIST / W3C Standards","Essential for algorithmic and AEO transparency"
"https://usonlinetools.com/education/exam-score-predictor","Exam Score Predictor","Mathematical Formula / Algorithm","Direct computation specification","What formula is used in exam score predictor?","3","YES","YES","Formula & Explanation Section","NIST / W3C Standards","Essential for algorithmic and AEO transparency"
"https://usonlinetools.com/education/study-hours-tracker","Study Hours Tracker","Mathematical Formula / Algorithm","Direct computation specification","What formula is used in study hours tracker?","3","YES","YES","Formula & Explanation Section","NIST / W3C Standards","Essential for algorithmic and AEO transparency"
"https://usonlinetools.com/education/grade-improvement-calculator","Grade Improvement Calculator","Mathematical Formula / Algorithm","Direct computation specification","What formula is used in grade improvement calculator?","3","YES","YES","Formula & Explanation Section","NIST / W3C Standards","Essential for algorithmic and AEO transparency"
"https://usonlinetools.com/education/test-score-analyzer","Test Score Analyzer","Mathematical Formula / Algorithm","Direct computation specification","What formula is used in test score analyzer?","3","YES","YES","Formula & Explanation Section","NIST / W3C Standards","Essential for algorithmic and AEO transparency"
"https://usonlinetools.com/education/learning-time-calculator","Learning Time Calculator","Mathematical Formula / Algorithm","Direct computation specification","What formula is used in learning time calculator?","3","YES","YES","Formula & Explanation Section","NIST / W3C Standards","Essential for algorithmic and AEO transparency"
"https://usonlinetools.com/education/school-schedule-planner","School Schedule Planner","Mathematical Formula / Algorithm","Direct computation specification","What formula is used in school schedule planner?","3","YES","YES","Formula & Explanation Section","NIST / W3C Standards","Essential for algorithmic and AEO transparency"
"https://usonlinetools.com/education/revision-planner-tool","Revision Planner Tool","Mathematical Formula / Algorithm","Direct computation specification","What formula is used in revision planner tool?","3","YES","YES","Formula & Explanation Section","NIST / W3C Standards","Essential for algorithmic and AEO transparency"
"https://usonlinetools.com/education/cgpa-calculator","CGPA Calculator","Mathematical Formula / Algorithm","Direct computation specification","What formula is used in cgpa calculator?","3","YES","YES","Formula & Explanation Section","NIST / W3C Standards","Essential for algorithmic and AEO transparency"
"https://usonlinetools.com/education/sat-score-calculator","SAT Score Calculator","Mathematical Formula / Algorithm","Direct computation specification","What formula is used in sat score calculator?","3","YES","YES","Formula & Explanation Section","NIST / W3C Standards","Essential for algorithmic and AEO transparency"
"https://usonlinetools.com/education/typing-speed-test","Typing Speed Test","Mathematical Formula / Algorithm","Direct computation specification","What formula is used in typing speed test?","3","YES","YES","Formula & Explanation Section","NIST / W3C Standards","Essential for algorithmic and AEO transparency"
"https://usonlinetools.com/education/scholarship-calculator","Scholarship Calculator","Mathematical Formula / Algorithm","Direct computation specification","What formula is used in scholarship calculator?","3","YES","YES","Formula & Explanation Section","NIST / W3C Standards","Essential for algorithmic and AEO transparency"
"https://usonlinetools.com/education/college-gpa-calculator","College GPA Calculator","Mathematical Formula / Algorithm","Direct computation specification","What formula is used in college gpa calculator?","3","YES","YES","Formula & Explanation Section","NIST / W3C Standards","Essential for algorithmic and AEO transparency"
"https://usonlinetools.com/education/snow-day-calculator","Snow Day Calculator","Mathematical Formula / Algorithm","Direct computation specification","What formula is used in snow day calculator?","3","YES","YES","Formula & Explanation Section","NIST / W3C Standards","Essential for algorithmic and AEO transparency"
"https://usonlinetools.com/gaming/blox-fruits-calculator","Blox Fruits Calculator","Mathematical Formula / Algorithm","Direct computation specification","What formula is used in blox fruits calculator?","3","YES","YES","Formula & Explanation Section","NIST / W3C Standards","Essential for algorithmic and AEO transparency"
"https://usonlinetools.com/gaming/blox-fruits-trade-calculator","Blox Fruits Trade Calculator","Mathematical Formula / Algorithm","Direct computation specification","What formula is used in blox fruits trade calculator?","3","YES","YES","Formula & Explanation Section","NIST / W3C Standards","Essential for algorithmic and AEO transparency"
"https://usonlinetools.com/gaming/roblox-tax-calculator","Roblox Tax Calculator","Mathematical Formula / Algorithm","Direct computation specification","What formula is used in roblox tax calculator?","3","YES","YES","Formula & Explanation Section","NIST / W3C Standards","Essential for algorithmic and AEO transparency"
"https://usonlinetools.com/gaming/minecraft-circle-calculator","Minecraft Circle Calculator","Mathematical Formula / Algorithm","Direct computation specification","What formula is used in minecraft circle calculator?","3","YES","YES","Formula & Explanation Section","NIST / W3C Standards","Essential for algorithmic and AEO transparency"
"https://usonlinetools.com/gaming/valorant-sensitivity-calculator","Valorant Sensitivity Calculator","Mathematical Formula / Algorithm","Direct computation specification","What formula is used in valorant sensitivity calculator?","3","YES","YES","Formula & Explanation Section","NIST / W3C Standards","Essential for algorithmic and AEO transparency"
"https://usonlinetools.com/gaming/fortnite-dpi-calculator","Fortnite DPI Calculator","Mathematical Formula / Algorithm","Direct computation specification","What formula is used in fortnite dpi calculator?","3","YES","YES","Formula & Explanation Section","NIST / W3C Standards","Essential for algorithmic and AEO transparency"
"https://usonlinetools.com/gaming/xp-level-calculator","XP Level Calculator","Mathematical Formula / Algorithm","Direct computation specification","What formula is used in xp level calculator?","3","YES","YES","Formula & Explanation Section","NIST / W3C Standards","Essential for algorithmic and AEO transparency"
"https://usonlinetools.com/gaming/clash-of-clans-upgrade-calculator","Clash of Clans Upgrade Calculator","Mathematical Formula / Algorithm","Direct computation specification","What formula is used in clash of clans upgrade calculator?","3","YES","YES","Formula & Explanation Section","NIST / W3C Standards","Essential for algorithmic and AEO transparency"
"https://usonlinetools.com/gaming/damage-calculator","Damage Calculator","Mathematical Formula / Algorithm","Direct computation specification","What formula is used in damage calculator?","3","YES","YES","Formula & Explanation Section","NIST / W3C Standards","Essential for algorithmic and AEO transparency"
"https://usonlinetools.com/gaming/game-currency-converter","Game Currency Converter","Mathematical Formula / Algorithm","Direct computation specification","What formula is used in game currency converter?","3","YES","YES","Formula & Explanation Section","NIST / W3C Standards","Essential for algorithmic and AEO transparency"
"https://usonlinetools.com/gaming/genshin-impact-calculator","Genshin Impact Calculator","Mathematical Formula / Algorithm","Direct computation specification","What formula is used in genshin impact calculator?","3","YES","YES","Formula & Explanation Section","NIST / W3C Standards","Essential for algorithmic and AEO transparency"
"https://usonlinetools.com/gaming/cs2-sensitivity-calculator","CS2 Sensitivity Calculator","Mathematical Formula / Algorithm","Direct computation specification","What formula is used in cs2 sensitivity calculator?","3","YES","YES","Formula & Explanation Section","NIST / W3C Standards","Essential for algorithmic and AEO transparency"
"https://usonlinetools.com/gaming/pokemon-iv-calculator","Pokemon IV Calculator","Mathematical Formula / Algorithm","Direct computation specification","What formula is used in pokemon iv calculator?","3","YES","YES","Formula & Explanation Section","NIST / W3C Standards","Essential for algorithmic and AEO transparency"
"https://usonlinetools.com/gaming/dnd-dice-roller","D&D Dice Roller","Mathematical Formula / Algorithm","Direct computation specification","What formula is used in d&d dice roller?","3","YES","YES","Formula & Explanation Section","NIST / W3C Standards","Essential for algorithmic and AEO transparency"
"https://usonlinetools.com/gaming/gaming-fps-calculator","Gaming FPS Calculator","Mathematical Formula / Algorithm","Direct computation specification","What formula is used in gaming fps calculator?","3","YES","YES","Formula & Explanation Section","NIST / W3C Standards","Essential for algorithmic and AEO transparency"
"https://usonlinetools.com/gaming/esports-earnings-calculator","Esports Earnings Calculator","Mathematical Formula / Algorithm","Direct computation specification","What formula is used in esports earnings calculator?","3","YES","YES","Formula & Explanation Section","NIST / W3C Standards","Essential for algorithmic and AEO transparency"
"https://usonlinetools.com/image/online-image-resizer","Image Resizer","Mathematical Formula / Algorithm","Direct computation specification","What formula is used in image resizer?","3","YES","YES","Formula & Explanation Section","NIST / W3C Standards","Essential for algorithmic and AEO transparency"
"https://usonlinetools.com/image/online-image-compressor","Image Compressor","Mathematical Formula / Algorithm","Direct computation specification","What formula is used in image compressor?","3","YES","YES","Formula & Explanation Section","NIST / W3C Standards","Essential for algorithmic and AEO transparency"
"https://usonlinetools.com/image/online-image-cropper","Image Cropper","Mathematical Formula / Algorithm","Direct computation specification","What formula is used in image cropper?","3","YES","YES","Formula & Explanation Section","NIST / W3C Standards","Essential for algorithmic and AEO transparency"
"https://usonlinetools.com/image/online-image-format-converter","Image Format Converter","Mathematical Formula / Algorithm","Direct computation specification","What formula is used in image format converter?","3","YES","YES","Formula & Explanation Section","NIST / W3C Standards","Essential for algorithmic and AEO transparency"
"https://usonlinetools.com/image/online-image-to-base64","Image to Base64 Converter","Mathematical Formula / Algorithm","Direct computation specification","What formula is used in image to base64 converter?","3","YES","YES","Formula & Explanation Section","NIST / W3C Standards","Essential for algorithmic and AEO transparency"
"https://usonlinetools.com/image/online-base64-to-image","Base64 to Image Converter","Mathematical Formula / Algorithm","Direct computation specification","What formula is used in base64 to image converter?","3","YES","YES","Formula & Explanation Section","NIST / W3C Standards","Essential for algorithmic and AEO transparency"
"https://usonlinetools.com/image/online-image-rotate-flip","Image Rotate & Flip","Mathematical Formula / Algorithm","Direct computation specification","What formula is used in image rotate & flip?","3","YES","YES","Formula & Explanation Section","NIST / W3C Standards","Essential for algorithmic and AEO transparency"
"https://usonlinetools.com/image/online-image-color-picker","Image Color Picker","Mathematical Formula / Algorithm","Direct computation specification","What formula is used in image color picker?","3","YES","YES","Formula & Explanation Section","NIST / W3C Standards","Essential for algorithmic and AEO transparency"
"https://usonlinetools.com/image/online-image-watermark-tool","Image Watermark Tool","Mathematical Formula / Algorithm","Direct computation specification","What formula is used in image watermark tool?","3","YES","YES","Formula & Explanation Section","NIST / W3C Standards","Essential for algorithmic and AEO transparency"
"https://usonlinetools.com/image/online-image-filter-editor","Image Filter Editor","Mathematical Formula / Algorithm","Direct computation specification","What formula is used in image filter editor?","3","YES","YES","Formula & Explanation Section","NIST / W3C Standards","Essential for algorithmic and AEO transparency"
"https://usonlinetools.com/image/online-image-to-png","Image to PNG Converter","Mathematical Formula / Algorithm","Direct computation specification","What formula is used in image to png converter?","3","YES","YES","Formula & Explanation Section","NIST / W3C Standards","Essential for algorithmic and AEO transparency"
"https://usonlinetools.com/image/online-image-to-jpg","Image to JPG Converter","Mathematical Formula / Algorithm","Direct computation specification","What formula is used in image to jpg converter?","3","YES","YES","Formula & Explanation Section","NIST / W3C Standards","Essential for algorithmic and AEO transparency"
"https://usonlinetools.com/image/online-png-to-webp","PNG to WebP Converter","Mathematical Formula / Algorithm","Direct computation specification","What formula is used in png to webp converter?","3","YES","YES","Formula & Explanation Section","NIST / W3C Standards","Essential for algorithmic and AEO transparency"
"https://usonlinetools.com/image/online-svg-to-png","SVG to PNG Converter","Mathematical Formula / Algorithm","Direct computation specification","What formula is used in svg to png converter?","3","YES","YES","Formula & Explanation Section","NIST / W3C Standards","Essential for algorithmic and AEO transparency"
"https://usonlinetools.com/image/online-image-background-remover","Background Remover","Mathematical Formula / Algorithm","Direct computation specification","What formula is used in background remover?","3","YES","YES","Formula & Explanation Section","NIST / W3C Standards","Essential for algorithmic and AEO transparency"
"https://usonlinetools.com/image/online-image-collage-maker","Image Collage Maker","Mathematical Formula / Algorithm","Direct computation specification","What formula is used in image collage maker?","3","YES","YES","Formula & Explanation Section","NIST / W3C Standards","Essential for algorithmic and AEO transparency"
"https://usonlinetools.com/image/online-qr-code-generator","QR Code Generator","Mathematical Formula / Algorithm","Direct computation specification","What formula is used in qr code generator?","3","YES","YES","Formula & Explanation Section","NIST / W3C Standards","Essential for algorithmic and AEO transparency"
"https://usonlinetools.com/image/online-meme-generator","Meme Generator","Mathematical Formula / Algorithm","Direct computation specification","What formula is used in meme generator?","3","YES","YES","Formula & Explanation Section","NIST / W3C Standards","Essential for algorithmic and AEO transparency"
"https://usonlinetools.com/image/online-favicon-generator","Favicon Generator","Mathematical Formula / Algorithm","Direct computation specification","What formula is used in favicon generator?","3","YES","YES","Formula & Explanation Section","NIST / W3C Standards","Essential for algorithmic and AEO transparency"
"https://usonlinetools.com/image/online-image-pixel-counter","Image Pixel Counter","Mathematical Formula / Algorithm","Direct computation specification","What formula is used in image pixel counter?","3","YES","YES","Formula & Explanation Section","NIST / W3C Standards","Essential for algorithmic and AEO transparency"
"https://usonlinetools.com/pdf/online-pdf-merge","PDF Merge","Mathematical Formula / Algorithm","Direct computation specification","What formula is used in pdf merge?","3","YES","YES","Formula & Explanation Section","NIST / W3C Standards","Essential for algorithmic and AEO transparency"
"https://usonlinetools.com/pdf/online-pdf-split","PDF Split","Mathematical Formula / Algorithm","Direct computation specification","What formula is used in pdf split?","3","YES","YES","Formula & Explanation Section","NIST / W3C Standards","Essential for algorithmic and AEO transparency"
"https://usonlinetools.com/pdf/online-pdf-compress","PDF Compressor","Mathematical Formula / Algorithm","Direct computation specification","What formula is used in pdf compressor?","3","YES","YES","Formula & Explanation Section","NIST / W3C Standards","Essential for algorithmic and AEO transparency"
"https://usonlinetools.com/pdf/online-image-to-pdf","Image to PDF Converter","Mathematical Formula / Algorithm","Direct computation specification","What formula is used in image to pdf converter?","3","YES","YES","Formula & Explanation Section","NIST / W3C Standards","Essential for algorithmic and AEO transparency"
"https://usonlinetools.com/pdf/online-pdf-to-image","PDF to Image Converter","Mathematical Formula / Algorithm","Direct computation specification","What formula is used in pdf to image converter?","3","YES","YES","Formula & Explanation Section","NIST / W3C Standards","Essential for algorithmic and AEO transparency"
"https://usonlinetools.com/pdf/online-pdf-rotate","PDF Page Rotator","Mathematical Formula / Algorithm","Direct computation specification","What formula is used in pdf page rotator?","3","YES","YES","Formula & Explanation Section","NIST / W3C Standards","Essential for algorithmic and AEO transparency"
"https://usonlinetools.com/pdf/online-pdf-page-remover","PDF Page Remover","Mathematical Formula / Algorithm","Direct computation specification","What formula is used in pdf page remover?","3","YES","YES","Formula & Explanation Section","NIST / W3C Standards","Essential for algorithmic and AEO transparency"
"https://usonlinetools.com/pdf/online-pdf-page-reorder","PDF Page Reorder","Mathematical Formula / Algorithm","Direct computation specification","What formula is used in pdf page reorder?","3","YES","YES","Formula & Explanation Section","NIST / W3C Standards","Essential for algorithmic and AEO transparency"
"https://usonlinetools.com/pdf/online-pdf-watermark","PDF Watermark Tool","Mathematical Formula / Algorithm","Direct computation specification","What formula is used in pdf watermark tool?","3","YES","YES","Formula & Explanation Section","NIST / W3C Standards","Essential for algorithmic and AEO transparency"
"https://usonlinetools.com/pdf/online-pdf-password-protect","PDF Password Protector","Mathematical Formula / Algorithm","Direct computation specification","What formula is used in pdf password protector?","3","YES","YES","Formula & Explanation Section","NIST / W3C Standards","Essential for algorithmic and AEO transparency"
"https://usonlinetools.com/pdf/online-pdf-unlock","PDF Unlock Tool","Mathematical Formula / Algorithm","Direct computation specification","What formula is used in pdf unlock tool?","3","YES","YES","Formula & Explanation Section","NIST / W3C Standards","Essential for algorithmic and AEO transparency"
"https://usonlinetools.com/pdf/online-pdf-to-text","PDF to Text Extractor","Mathematical Formula / Algorithm","Direct computation specification","What formula is used in pdf to text extractor?","3","YES","YES","Formula & Explanation Section","NIST / W3C Standards","Essential for algorithmic and AEO transparency"
"https://usonlinetools.com/pdf/online-pdf-page-number","PDF Page Number Adder","Mathematical Formula / Algorithm","Direct computation specification","What formula is used in pdf page number adder?","3","YES","YES","Formula & Explanation Section","NIST / W3C Standards","Essential for algorithmic and AEO transparency"
"https://usonlinetools.com/pdf/online-pdf-header-footer","PDF Header & Footer","Mathematical Formula / Algorithm","Direct computation specification","What formula is used in pdf header & footer?","3","YES","YES","Formula & Explanation Section","NIST / W3C Standards","Essential for algorithmic and AEO transparency"
"https://usonlinetools.com/pdf/online-jpg-to-pdf","JPG to PDF Converter","Mathematical Formula / Algorithm","Direct computation specification","What formula is used in jpg to pdf converter?","3","YES","YES","Formula & Explanation Section","NIST / W3C Standards","Essential for algorithmic and AEO transparency"
"https://usonlinetools.com/pdf/online-pdf-sign","PDF Signature Tool","Mathematical Formula / Algorithm","Direct computation specification","What formula is used in pdf signature tool?","3","YES","YES","Formula & Explanation Section","NIST / W3C Standards","Essential for algorithmic and AEO transparency"
"https://usonlinetools.com/developer/online-json-formatter","JSON Formatter & Beautifier","Mathematical Formula / Algorithm","Direct computation specification","What formula is used in json formatter & beautifier?","3","YES","YES","Formula & Explanation Section","NIST / W3C Standards","Essential for algorithmic and AEO transparency"
"https://usonlinetools.com/developer/online-json-validator","JSON Validator","Mathematical Formula / Algorithm","Direct computation specification","What formula is used in json validator?","3","YES","YES","Formula & Explanation Section","NIST / W3C Standards","Essential for algorithmic and AEO transparency"
"https://usonlinetools.com/developer/online-json-to-csv","JSON to CSV Converter","Mathematical Formula / Algorithm","Direct computation specification","What formula is used in json to csv converter?","3","YES","YES","Formula & Explanation Section","NIST / W3C Standards","Essential for algorithmic and AEO transparency"
"https://usonlinetools.com/developer/csv-to-json-converter","CSV to JSON Converter","Mathematical Formula / Algorithm","Direct computation specification","What formula is used in csv to json converter?","3","YES","YES","Formula & Explanation Section","NIST / W3C Standards","Essential for algorithmic and AEO transparency"
"https://usonlinetools.com/developer/json-minifier","JSON Minifier","Mathematical Formula / Algorithm","Direct computation specification","What formula is used in json minifier?","3","YES","YES","Formula & Explanation Section","NIST / W3C Standards","Essential for algorithmic and AEO transparency"
"https://usonlinetools.com/developer/online-html-formatter","HTML Formatter & Beautifier","Mathematical Formula / Algorithm","Direct computation specification","What formula is used in html formatter & beautifier?","3","YES","YES","Formula & Explanation Section","NIST / W3C Standards","Essential for algorithmic and AEO transparency"
"https://usonlinetools.com/developer/online-html-minifier","HTML Minifier","Mathematical Formula / Algorithm","Direct computation specification","What formula is used in html minifier?","3","YES","YES","Formula & Explanation Section","NIST / W3C Standards","Essential for algorithmic and AEO transparency"
"https://usonlinetools.com/developer/online-css-minifier","CSS Minifier","Mathematical Formula / Algorithm","Direct computation specification","What formula is used in css minifier?","3","YES","YES","Formula & Explanation Section","NIST / W3C Standards","Essential for algorithmic and AEO transparency"
"https://usonlinetools.com/developer/online-css-formatter","CSS Formatter & Beautifier","Mathematical Formula / Algorithm","Direct computation specification","What formula is used in css formatter & beautifier?","3","YES","YES","Formula & Explanation Section","NIST / W3C Standards","Essential for algorithmic and AEO transparency"
"https://usonlinetools.com/developer/online-javascript-minifier","JavaScript Minifier","Mathematical Formula / Algorithm","Direct computation specification","What formula is used in javascript minifier?","3","YES","YES","Formula & Explanation Section","NIST / W3C Standards","Essential for algorithmic and AEO transparency"
"https://usonlinetools.com/developer/online-javascript-formatter","JavaScript Formatter","Mathematical Formula / Algorithm","Direct computation specification","What formula is used in javascript formatter?","3","YES","YES","Formula & Explanation Section","NIST / W3C Standards","Essential for algorithmic and AEO transparency"
"https://usonlinetools.com/developer/online-regex-tester","Regex Tester","Mathematical Formula / Algorithm","Direct computation specification","What formula is used in regex tester?","3","YES","YES","Formula & Explanation Section","NIST / W3C Standards","Essential for algorithmic and AEO transparency"
"https://usonlinetools.com/developer/url-encoder-decoder","URL Encoder & Decoder","Mathematical Formula / Algorithm","Direct computation specification","What formula is used in url encoder & decoder?","3","YES","YES","Formula & Explanation Section","NIST / W3C Standards","Essential for algorithmic and AEO transparency"
"https://usonlinetools.com/developer/html-entity-encoder","HTML Entity Encoder & Decoder","Mathematical Formula / Algorithm","Direct computation specification","What formula is used in html entity encoder & decoder?","3","YES","YES","Formula & Explanation Section","NIST / W3C Standards","Essential for algorithmic and AEO transparency"
"https://usonlinetools.com/developer/online-jwt-decoder","JWT Decoder","Mathematical Formula / Algorithm","Direct computation specification","What formula is used in jwt decoder?","3","YES","YES","Formula & Explanation Section","NIST / W3C Standards","Essential for algorithmic and AEO transparency"
"https://usonlinetools.com/developer/xml-formatter","XML Formatter & Beautifier","Mathematical Formula / Algorithm","Direct computation specification","What formula is used in xml formatter & beautifier?","3","YES","YES","Formula & Explanation Section","NIST / W3C Standards","Essential for algorithmic and AEO transparency"
"https://usonlinetools.com/developer/online-sql-formatter","SQL Formatter","Mathematical Formula / Algorithm","Direct computation specification","What formula is used in sql formatter?","3","YES","YES","Formula & Explanation Section","NIST / W3C Standards","Essential for algorithmic and AEO transparency"
"https://usonlinetools.com/developer/online-markdown-previewer","Markdown Previewer","Mathematical Formula / Algorithm","Direct computation specification","What formula is used in markdown previewer?","3","YES","YES","Formula & Explanation Section","NIST / W3C Standards","Essential for algorithmic and AEO transparency"
"https://usonlinetools.com/developer/text-diff-checker","Text Diff Checker","Mathematical Formula / Algorithm","Direct computation specification","What formula is used in text diff checker?","3","YES","YES","Formula & Explanation Section","NIST / W3C Standards","Essential for algorithmic and AEO transparency"
"https://usonlinetools.com/developer/url-slug-generator","URL Slug Generator","Mathematical Formula / Algorithm","Direct computation specification","What formula is used in url slug generator?","3","YES","YES","Formula & Explanation Section","NIST / W3C Standards","Essential for algorithmic and AEO transparency"
"https://usonlinetools.com/developer/cron-expression-generator","Cron Expression Generator","Mathematical Formula / Algorithm","Direct computation specification","What formula is used in cron expression generator?","3","YES","YES","Formula & Explanation Section","NIST / W3C Standards","Essential for algorithmic and AEO transparency"
"https://usonlinetools.com/developer/online-unix-timestamp-converter","Online Unix Timestamp Converter","Mathematical Formula / Algorithm","Direct computation specification","What formula is used in online unix timestamp converter?","3","YES","YES","Formula & Explanation Section","NIST / W3C Standards","Essential for algorithmic and AEO transparency"
"https://usonlinetools.com/developer/online-uuid-generator","Online UUID Generator","Mathematical Formula / Algorithm","Direct computation specification","What formula is used in online uuid generator?","3","YES","YES","Formula & Explanation Section","NIST / W3C Standards","Essential for algorithmic and AEO transparency"
"https://usonlinetools.com/developer/online-lorem-ipsum-generator","Online Lorem Ipsum Generator","Mathematical Formula / Algorithm","Direct computation specification","What formula is used in online lorem ipsum generator?","3","YES","YES","Formula & Explanation Section","NIST / W3C Standards","Essential for algorithmic and AEO transparency"
"https://usonlinetools.com/developer/color-code-converter","Color Code Converter","Mathematical Formula / Algorithm","Direct computation specification","What formula is used in color code converter?","3","YES","YES","Formula & Explanation Section","NIST / W3C Standards","Essential for algorithmic and AEO transparency"
"https://usonlinetools.com/developer/online-hash-generator","Hash Generator (MD5, SHA)","Mathematical Formula / Algorithm","Direct computation specification","What formula is used in hash generator (md5, sha)?","3","YES","YES","Formula & Explanation Section","NIST / W3C Standards","Essential for algorithmic and AEO transparency"
"https://usonlinetools.com/developer/html-to-markdown","HTML to Markdown Converter","Mathematical Formula / Algorithm","Direct computation specification","What formula is used in html to markdown converter?","3","YES","YES","Formula & Explanation Section","NIST / W3C Standards","Essential for algorithmic and AEO transparency"
"https://usonlinetools.com/developer/markdown-to-html","Markdown to HTML Converter","Mathematical Formula / Algorithm","Direct computation specification","What formula is used in markdown to html converter?","3","YES","YES","Formula & Explanation Section","NIST / W3C Standards","Essential for algorithmic and AEO transparency"
"https://usonlinetools.com/developer/json-to-xml","JSON to XML Converter","Mathematical Formula / Algorithm","Direct computation specification","What formula is used in json to xml converter?","3","YES","YES","Formula & Explanation Section","NIST / W3C Standards","Essential for algorithmic and AEO transparency"
"https://usonlinetools.com/developer/yaml-to-json","YAML to JSON Converter","Mathematical Formula / Algorithm","Direct computation specification","What formula is used in yaml to json converter?","3","YES","YES","Formula & Explanation Section","NIST / W3C Standards","Essential for algorithmic and AEO transparency"
"https://usonlinetools.com/developer/string-escape-unescape","String Escape & Unescape","Mathematical Formula / Algorithm","Direct computation specification","What formula is used in string escape & unescape?","3","YES","YES","Formula & Explanation Section","NIST / W3C Standards","Essential for algorithmic and AEO transparency"
"https://usonlinetools.com/developer/online-json-path-tester","JSONPath Tester","Mathematical Formula / Algorithm","Direct computation specification","What formula is used in jsonpath tester?","3","YES","YES","Formula & Explanation Section","NIST / W3C Standards","Essential for algorithmic and AEO transparency"
"https://usonlinetools.com/developer/text-to-binary-converter","Text to Binary Converter","Mathematical Formula / Algorithm","Direct computation specification","What formula is used in text to binary converter?","3","YES","YES","Formula & Explanation Section","NIST / W3C Standards","Essential for algorithmic and AEO transparency"
"https://usonlinetools.com/css-design/css-gradient-generator","CSS Gradient Generator","Mathematical Formula / Algorithm","Direct computation specification","What formula is used in css gradient generator?","3","YES","YES","Formula & Explanation Section","NIST / W3C Standards","Essential for algorithmic and AEO transparency"
"https://usonlinetools.com/css-design/css-box-shadow-generator","CSS Box Shadow Generator","Mathematical Formula / Algorithm","Direct computation specification","What formula is used in css box shadow generator?","3","YES","YES","Formula & Explanation Section","NIST / W3C Standards","Essential for algorithmic and AEO transparency"
"https://usonlinetools.com/css-design/css-text-shadow-generator","CSS Text Shadow Generator","Mathematical Formula / Algorithm","Direct computation specification","What formula is used in css text shadow generator?","3","YES","YES","Formula & Explanation Section","NIST / W3C Standards","Essential for algorithmic and AEO transparency"
"https://usonlinetools.com/css-design/css-border-radius-generator","CSS Border Radius Generator","Mathematical Formula / Algorithm","Direct computation specification","What formula is used in css border radius generator?","3","YES","YES","Formula & Explanation Section","NIST / W3C Standards","Essential for algorithmic and AEO transparency"
"https://usonlinetools.com/css-design/css-flexbox-generator","CSS Flexbox Generator","Mathematical Formula / Algorithm","Direct computation specification","What formula is used in css flexbox generator?","3","YES","YES","Formula & Explanation Section","NIST / W3C Standards","Essential for algorithmic and AEO transparency"
"https://usonlinetools.com/css-design/css-grid-generator","CSS Grid Generator","Mathematical Formula / Algorithm","Direct computation specification","What formula is used in css grid generator?","3","YES","YES","Formula & Explanation Section","NIST / W3C Standards","Essential for algorithmic and AEO transparency"
"https://usonlinetools.com/css-design/css-animation-generator","CSS Animation Generator","Mathematical Formula / Algorithm","Direct computation specification","What formula is used in css animation generator?","3","YES","YES","Formula & Explanation Section","NIST / W3C Standards","Essential for algorithmic and AEO transparency"
"https://usonlinetools.com/css-design/css-clip-path-generator","CSS Clip-Path Generator","Mathematical Formula / Algorithm","Direct computation specification","What formula is used in css clip-path generator?","3","YES","YES","Formula & Explanation Section","NIST / W3C Standards","Essential for algorithmic and AEO transparency"
"https://usonlinetools.com/css-design/css-filter-generator","CSS Filter Generator","Mathematical Formula / Algorithm","Direct computation specification","What formula is used in css filter generator?","3","YES","YES","Formula & Explanation Section","NIST / W3C Standards","Essential for algorithmic and AEO transparency"
"https://usonlinetools.com/css-design/color-palette-generator","Color Palette Generator","Mathematical Formula / Algorithm","Direct computation specification","What formula is used in color palette generator?","3","YES","YES","Formula & Explanation Section","NIST / W3C Standards","Essential for algorithmic and AEO transparency"
"https://usonlinetools.com/css-design/color-contrast-checker","Color Contrast Checker","Mathematical Formula / Algorithm","Direct computation specification","What formula is used in color contrast checker?","3","YES","YES","Formula & Explanation Section","NIST / W3C Standards","Essential for algorithmic and AEO transparency"
"https://usonlinetools.com/css-design/color-picker-tool","Color Picker","Mathematical Formula / Algorithm","Direct computation specification","What formula is used in color picker?","3","YES","YES","Formula & Explanation Section","NIST / W3C Standards","Essential for algorithmic and AEO transparency"
"https://usonlinetools.com/css-design/hex-to-rgb-converter","HEX to RGB Converter","Mathematical Formula / Algorithm","Direct computation specification","What formula is used in hex to rgb converter?","3","YES","YES","Formula & Explanation Section","NIST / W3C Standards","Essential for algorithmic and AEO transparency"
"https://usonlinetools.com/css-design/rgb-to-hex-converter","RGB to HEX Converter","Mathematical Formula / Algorithm","Direct computation specification","What formula is used in rgb to hex converter?","3","YES","YES","Formula & Explanation Section","NIST / W3C Standards","Essential for algorithmic and AEO transparency"
"https://usonlinetools.com/css-design/tailwind-color-generator","Tailwind CSS Color Generator","Mathematical Formula / Algorithm","Direct computation specification","What formula is used in tailwind css color generator?","3","YES","YES","Formula & Explanation Section","NIST / W3C Standards","Essential for algorithmic and AEO transparency"
"https://usonlinetools.com/css-design/glassmorphism-generator","Glassmorphism Generator","Mathematical Formula / Algorithm","Direct computation specification","What formula is used in glassmorphism generator?","3","YES","YES","Formula & Explanation Section","NIST / W3C Standards","Essential for algorithmic and AEO transparency"
"https://usonlinetools.com/css-design/neumorphism-generator","Neumorphism Generator","Mathematical Formula / Algorithm","Direct computation specification","What formula is used in neumorphism generator?","3","YES","YES","Formula & Explanation Section","NIST / W3C Standards","Essential for algorithmic and AEO transparency"
"https://usonlinetools.com/css-design/css-triangle-generator","CSS Triangle Generator","Mathematical Formula / Algorithm","Direct computation specification","What formula is used in css triangle generator?","3","YES","YES","Formula & Explanation Section","NIST / W3C Standards","Essential for algorithmic and AEO transparency"
"https://usonlinetools.com/seo/meta-tag-generator","Meta Tag Generator","Mathematical Formula / Algorithm","Direct computation specification","What formula is used in meta tag generator?","3","YES","YES","Formula & Explanation Section","NIST / W3C Standards","Essential for algorithmic and AEO transparency"
"https://usonlinetools.com/seo/open-graph-generator","Open Graph Tag Generator","Mathematical Formula / Algorithm","Direct computation specification","What formula is used in open graph tag generator?","3","YES","YES","Formula & Explanation Section","NIST / W3C Standards","Essential for algorithmic and AEO transparency"
"https://usonlinetools.com/seo/twitter-card-generator","Twitter Card Generator","Mathematical Formula / Algorithm","Direct computation specification","What formula is used in twitter card generator?","3","YES","YES","Formula & Explanation Section","NIST / W3C Standards","Essential for algorithmic and AEO transparency"
"https://usonlinetools.com/seo/online-robots-txt-generator","Robots.txt Generator","Mathematical Formula / Algorithm","Direct computation specification","What formula is used in robots.txt generator?","3","YES","YES","Formula & Explanation Section","NIST / W3C Standards","Essential for algorithmic and AEO transparency"
"https://usonlinetools.com/seo/online-sitemap-generator","XML Sitemap Generator","Mathematical Formula / Algorithm","Direct computation specification","What formula is used in xml sitemap generator?","3","YES","YES","Formula & Explanation Section","NIST / W3C Standards","Essential for algorithmic and AEO transparency"
"https://usonlinetools.com/seo/online-keyword-density-checker","Keyword Density Checker","Mathematical Formula / Algorithm","Direct computation specification","What formula is used in keyword density checker?","3","YES","YES","Formula & Explanation Section","NIST / W3C Standards","Essential for algorithmic and AEO transparency"
"https://usonlinetools.com/seo/serp-preview-tool","Google SERP Preview","Mathematical Formula / Algorithm","Direct computation specification","What formula is used in google serp preview?","3","YES","YES","Formula & Explanation Section","NIST / W3C Standards","Essential for algorithmic and AEO transparency"
"https://usonlinetools.com/seo/schema-markup-generator","Schema Markup Generator","Mathematical Formula / Algorithm","Direct computation specification","What formula is used in schema markup generator?","3","YES","YES","Formula & Explanation Section","NIST / W3C Standards","Essential for algorithmic and AEO transparency"
"https://usonlinetools.com/seo/canonical-tag-generator","Canonical Tag Generator","Mathematical Formula / Algorithm","Direct computation specification","What formula is used in canonical tag generator?","3","YES","YES","Formula & Explanation Section","NIST / W3C Standards","Essential for algorithmic and AEO transparency"
"https://usonlinetools.com/seo/htaccess-redirect-generator",".htaccess Redirect Generator","Mathematical Formula / Algorithm","Direct computation specification","What formula is used in .htaccess redirect generator?","3","YES","YES","Formula & Explanation Section","NIST / W3C Standards","Essential for algorithmic and AEO transparency"
"https://usonlinetools.com/seo/online-readability-checker","Readability Score Checker","Mathematical Formula / Algorithm","Direct computation specification","What formula is used in readability score checker?","3","YES","YES","Formula & Explanation Section","NIST / W3C Standards","Essential for algorithmic and AEO transparency"
"https://usonlinetools.com/seo/online-heading-tag-checker","HTML Heading Tag Checker","Mathematical Formula / Algorithm","Direct computation specification","What formula is used in html heading tag checker?","3","YES","YES","Formula & Explanation Section","NIST / W3C Standards","Essential for algorithmic and AEO transparency"
"https://usonlinetools.com/seo/favicon-checker","Favicon Code Generator","Mathematical Formula / Algorithm","Direct computation specification","What formula is used in favicon code generator?","3","YES","YES","Formula & Explanation Section","NIST / W3C Standards","Essential for algorithmic and AEO transparency"
"https://usonlinetools.com/security/online-password-generator","Password Generator","Mathematical Formula / Algorithm","Direct computation specification","What formula is used in password generator?","3","YES","YES","Formula & Explanation Section","NIST / W3C Standards","Essential for algorithmic and AEO transparency"
"https://usonlinetools.com/security/password-strength-checker","Password Strength Checker","Mathematical Formula / Algorithm","Direct computation specification","What formula is used in password strength checker?","3","YES","YES","Formula & Explanation Section","NIST / W3C Standards","Essential for algorithmic and AEO transparency"
"https://usonlinetools.com/security/md5-hash-generator","MD5 Hash Generator","Mathematical Formula / Algorithm","Direct computation specification","What formula is used in md5 hash generator?","3","YES","YES","Formula & Explanation Section","NIST / W3C Standards","Essential for algorithmic and AEO transparency"
"https://usonlinetools.com/security/sha256-hash-generator","SHA-256 Hash Generator","Mathematical Formula / Algorithm","Direct computation specification","What formula is used in sha-256 hash generator?","3","YES","YES","Formula & Explanation Section","NIST / W3C Standards","Essential for algorithmic and AEO transparency"
"https://usonlinetools.com/security/sha1-hash-generator","SHA-1 Hash Generator","Mathematical Formula / Algorithm","Direct computation specification","What formula is used in sha-1 hash generator?","3","YES","YES","Formula & Explanation Section","NIST / W3C Standards","Essential for algorithmic and AEO transparency"
"https://usonlinetools.com/security/sha512-hash-generator","SHA-512 Hash Generator","Mathematical Formula / Algorithm","Direct computation specification","What formula is used in sha-512 hash generator?","3","YES","YES","Formula & Explanation Section","NIST / W3C Standards","Essential for algorithmic and AEO transparency"
"https://usonlinetools.com/security/online-bcrypt-hash-generator","Bcrypt Hash Generator","Mathematical Formula / Algorithm","Direct computation specification","What formula is used in bcrypt hash generator?","3","YES","YES","Formula & Explanation Section","NIST / W3C Standards","Essential for algorithmic and AEO transparency"
"https://usonlinetools.com/security/online-aes-encrypt-decrypt","AES Encrypt & Decrypt","Mathematical Formula / Algorithm","Direct computation specification","What formula is used in aes encrypt & decrypt?","3","YES","YES","Formula & Explanation Section","NIST / W3C Standards","Essential for algorithmic and AEO transparency"
"https://usonlinetools.com/security/rsa-key-generator","RSA Key Pair Generator","Mathematical Formula / Algorithm","Direct computation specification","What formula is used in rsa key pair generator?","3","YES","YES","Formula & Explanation Section","NIST / W3C Standards","Essential for algorithmic and AEO transparency"
"https://usonlinetools.com/security/hmac-generator","HMAC Generator","Mathematical Formula / Algorithm","Direct computation specification","What formula is used in hmac generator?","3","YES","YES","Formula & Explanation Section","NIST / W3C Standards","Essential for algorithmic and AEO transparency"
"https://usonlinetools.com/security/random-string-generator","Random String Generator","Mathematical Formula / Algorithm","Direct computation specification","What formula is used in random string generator?","3","YES","YES","Formula & Explanation Section","NIST / W3C Standards","Essential for algorithmic and AEO transparency"
"https://usonlinetools.com/security/encryption-decoder","Caesar Cipher Tool","Mathematical Formula / Algorithm","Direct computation specification","What formula is used in caesar cipher tool?","3","YES","YES","Formula & Explanation Section","NIST / W3C Standards","Essential for algorithmic and AEO transparency"
"https://usonlinetools.com/security/binary-to-text","Binary to Text Converter","Mathematical Formula / Algorithm","Direct computation specification","What formula is used in binary to text converter?","3","YES","YES","Formula & Explanation Section","NIST / W3C Standards","Essential for algorithmic and AEO transparency"
"https://usonlinetools.com/security/hex-to-text","Hex to Text Converter","Mathematical Formula / Algorithm","Direct computation specification","What formula is used in hex to text converter?","3","YES","YES","Formula & Explanation Section","NIST / W3C Standards","Essential for algorithmic and AEO transparency"
"https://usonlinetools.com/security/online-morse-code-translator","Morse Code Translator","Mathematical Formula / Algorithm","Direct computation specification","What formula is used in morse code translator?","3","YES","YES","Formula & Explanation Section","NIST / W3C Standards","Essential for algorithmic and AEO transparency"
"https://usonlinetools.com/social-media/twitter-character-counter","Twitter/X Character Counter","Mathematical Formula / Algorithm","Direct computation specification","What formula is used in twitter/x character counter?","3","YES","YES","Formula & Explanation Section","NIST / W3C Standards","Essential for algorithmic and AEO transparency"
"https://usonlinetools.com/social-media/online-instagram-caption-counter","Instagram Caption Counter","Mathematical Formula / Algorithm","Direct computation specification","What formula is used in instagram caption counter?","3","YES","YES","Formula & Explanation Section","NIST / W3C Standards","Essential for algorithmic and AEO transparency"
"https://usonlinetools.com/social-media/online-social-media-image-resizer","Social Media Image Resizer","Mathematical Formula / Algorithm","Direct computation specification","What formula is used in social media image resizer?","3","YES","YES","Formula & Explanation Section","NIST / W3C Standards","Essential for algorithmic and AEO transparency"
"https://usonlinetools.com/social-media/youtube-thumbnail-checker","YouTube Thumbnail Checker","Mathematical Formula / Algorithm","Direct computation specification","What formula is used in youtube thumbnail checker?","3","YES","YES","Formula & Explanation Section","NIST / W3C Standards","Essential for algorithmic and AEO transparency"
"https://usonlinetools.com/social-media/emoji-picker-and-copier","Emoji Picker & Copier","Mathematical Formula / Algorithm","Direct computation specification","What formula is used in emoji picker & copier?","3","YES","YES","Formula & Explanation Section","NIST / W3C Standards","Essential for algorithmic and AEO transparency"
"https://usonlinetools.com/social-media/text-to-emoji-converter","Text to Emoji Converter","Mathematical Formula / Algorithm","Direct computation specification","What formula is used in text to emoji converter?","3","YES","YES","Formula & Explanation Section","NIST / W3C Standards","Essential for algorithmic and AEO transparency"
"https://usonlinetools.com/social-media/online-linkedin-post-formatter","LinkedIn Post Formatter","Mathematical Formula / Algorithm","Direct computation specification","What formula is used in linkedin post formatter?","3","YES","YES","Formula & Explanation Section","NIST / W3C Standards","Essential for algorithmic and AEO transparency"
"https://usonlinetools.com/social-media/social-media-bio-generator","Social Media Bio Generator","Mathematical Formula / Algorithm","Direct computation specification","What formula is used in social media bio generator?","3","YES","YES","Formula & Explanation Section","NIST / W3C Standards","Essential for algorithmic and AEO transparency"
"https://usonlinetools.com/social-media/unicode-text-converter","Unicode Text Converter","Mathematical Formula / Algorithm","Direct computation specification","What formula is used in unicode text converter?","3","YES","YES","Formula & Explanation Section","NIST / W3C Standards","Essential for algorithmic and AEO transparency"
"https://usonlinetools.com/social-media/tiktok-character-counter","TikTok Caption Counter","Mathematical Formula / Algorithm","Direct computation specification","What formula is used in tiktok caption counter?","3","YES","YES","Formula & Explanation Section","NIST / W3C Standards","Essential for algorithmic and AEO transparency"
"https://usonlinetools.com/social-media/online-social-post-scheduler-planner","Social Post Planner","Mathematical Formula / Algorithm","Direct computation specification","What formula is used in social post planner?","3","YES","YES","Formula & Explanation Section","NIST / W3C Standards","Essential for algorithmic and AEO transparency"
