"url","tool_name","word_count","tool_functionality_score","unique_content_score","formula_or_method","worked_example","specific_use_cases","limitations","source_quality","semantic_coverage_score","template_similarity_score","thin_content_risk","action","notes"
"https://usonlinetools.com/math/online-percentage-calculator","Percentage Calculator","520","9/10","8/10","YES","YES","YES","YES","High (RFC/NIST Standard)","8/10","Low","LOW","MAINTAIN_AND_ENRICH","Complete client-side calculator with verified prerendered HTML"
"https://usonlinetools.com/math/fraction-to-decimal-calculator","Fraction to Decimal Calculator","520","9/10","8/10","YES","YES","YES","YES","High (RFC/NIST Standard)","8/10","Low","LOW","MAINTAIN_AND_ENRICH","Complete client-side calculator with verified prerendered HTML"
"https://usonlinetools.com/math/decimal-to-fraction-calculator","Decimal to Fraction Calculator","520","9/10","8/10","YES","YES","YES","YES","High (RFC/NIST Standard)","8/10","Low","LOW","MAINTAIN_AND_ENRICH","Complete client-side calculator with verified prerendered HTML"
"https://usonlinetools.com/math/ratio-calculator","Ratio Calculator","520","9/10","8/10","YES","YES","YES","YES","High (RFC/NIST Standard)","8/10","Low","LOW","MAINTAIN_AND_ENRICH","Complete client-side calculator with verified prerendered HTML"
"https://usonlinetools.com/math/average-calculator","Average Calculator","520","9/10","8/10","YES","YES","YES","YES","High (RFC/NIST Standard)","8/10","Low","LOW","MAINTAIN_AND_ENRICH","Complete client-side calculator with verified prerendered HTML"
"https://usonlinetools.com/math/online-scientific-calculator","Scientific Calculator","520","9/10","8/10","YES","YES","YES","YES","High (RFC/NIST Standard)","8/10","Low","LOW","MAINTAIN_AND_ENRICH","Complete client-side calculator with verified prerendered HTML"
"https://usonlinetools.com/math/online-standard-deviation-calculator","Standard Deviation Calculator","520","9/10","8/10","YES","YES","YES","YES","High (RFC/NIST Standard)","8/10","Low","LOW","MAINTAIN_AND_ENRICH","Complete client-side calculator with verified prerendered HTML"
"https://usonlinetools.com/math/square-root-calculator","Square Root Calculator","520","9/10","8/10","YES","YES","YES","YES","High (RFC/NIST Standard)","8/10","Low","LOW","MAINTAIN_AND_ENRICH","Complete client-side calculator with verified prerendered HTML"
"https://usonlinetools.com/math/cube-root-calculator","Cube Root Calculator","520","9/10","8/10","YES","YES","YES","YES","High (RFC/NIST Standard)","8/10","Low","LOW","MAINTAIN_AND_ENRICH","Complete client-side calculator with verified prerendered HTML"
"https://usonlinetools.com/math/power-calculator","Power Calculator","520","9/10","8/10","YES","YES","YES","YES","High (RFC/NIST Standard)","8/10","Low","LOW","MAINTAIN_AND_ENRICH","Complete client-side calculator with verified prerendered HTML"
"https://usonlinetools.com/math/logarithm-calculator","Logarithm Calculator","520","9/10","8/10","YES","YES","YES","YES","High (RFC/NIST Standard)","8/10","Low","LOW","MAINTAIN_AND_ENRICH","Complete client-side calculator with verified prerendered HTML"
"https://usonlinetools.com/math/factorial-calculator","Factorial Calculator","520","9/10","8/10","YES","YES","YES","YES","High (RFC/NIST Standard)","8/10","Low","LOW","MAINTAIN_AND_ENRICH","Complete client-side calculator with verified prerendered HTML"
"https://usonlinetools.com/math/prime-number-checker","Prime Number Checker","520","9/10","8/10","YES","YES","YES","YES","High (RFC/NIST Standard)","8/10","Low","LOW","MAINTAIN_AND_ENRICH","Complete client-side calculator with verified prerendered HTML"
"https://usonlinetools.com/math/online-lcm-calculator","LCM Calculator","520","9/10","8/10","YES","YES","YES","YES","High (RFC/NIST Standard)","8/10","Low","LOW","MAINTAIN_AND_ENRICH","Complete client-side calculator with verified prerendered HTML"
"https://usonlinetools.com/math/online-gcd-calculator","GCD Calculator","520","9/10","8/10","YES","YES","YES","YES","High (RFC/NIST Standard)","8/10","Low","LOW","MAINTAIN_AND_ENRICH","Complete client-side calculator with verified prerendered HTML"
"https://usonlinetools.com/math/random-number-generator","Random Number Generator","520","9/10","8/10","YES","YES","YES","YES","High (RFC/NIST Standard)","8/10","Low","LOW","MAINTAIN_AND_ENRICH","Complete client-side calculator with verified prerendered HTML"
"https://usonlinetools.com/math/mean-median-mode-calculator","Mean Median Mode Calculator","520","9/10","8/10","YES","YES","YES","YES","High (RFC/NIST Standard)","8/10","Low","LOW","MAINTAIN_AND_ENRICH","Complete client-side calculator with verified prerendered HTML"
"https://usonlinetools.com/math/rounding-numbers-calculator","Rounding Numbers Calculator","520","9/10","8/10","YES","YES","YES","YES","High (RFC/NIST Standard)","8/10","Low","LOW","MAINTAIN_AND_ENRICH","Complete client-side calculator with verified prerendered HTML"
"https://usonlinetools.com/math/exponents-calculator","Exponents Calculator","520","9/10","8/10","YES","YES","YES","YES","High (RFC/NIST Standard)","8/10","Low","LOW","MAINTAIN_AND_ENRICH","Complete client-side calculator with verified prerendered HTML"
"https://usonlinetools.com/math/variance-calculator","Variance Calculator","520","9/10","8/10","YES","YES","YES","YES","High (RFC/NIST Standard)","8/10","Low","LOW","MAINTAIN_AND_ENRICH","Complete client-side calculator with verified prerendered HTML"
"https://usonlinetools.com/math/number-sequence-generator","Number Sequence Generator","520","9/10","8/10","YES","YES","YES","YES","High (RFC/NIST Standard)","8/10","Low","LOW","MAINTAIN_AND_ENRICH","Complete client-side calculator with verified prerendered HTML"
"https://usonlinetools.com/math/divisibility-checker","Divisibility Checker","520","9/10","8/10","YES","YES","YES","YES","High (RFC/NIST Standard)","8/10","Low","LOW","MAINTAIN_AND_ENRICH","Complete client-side calculator with verified prerendered HTML"
"https://usonlinetools.com/math/online-matrix-calculator","Matrix Calculator","520","9/10","8/10","YES","YES","YES","YES","High (RFC/NIST Standard)","8/10","Low","LOW","MAINTAIN_AND_ENRICH","Complete client-side calculator with verified prerendered HTML"
"https://usonlinetools.com/math/online-quadratic-equation-solver","Quadratic Equation Solver","520","9/10","8/10","YES","YES","YES","YES","High (RFC/NIST Standard)","8/10","Low","LOW","MAINTAIN_AND_ENRICH","Complete client-side calculator with verified prerendered HTML"
"https://usonlinetools.com/math/permutation-calculator","Permutation Calculator","520","9/10","8/10","YES","YES","YES","YES","High (RFC/NIST Standard)","8/10","Low","LOW","MAINTAIN_AND_ENRICH","Complete client-side calculator with verified prerendered HTML"
"https://usonlinetools.com/math/combination-calculator","Combination Calculator","520","9/10","8/10","YES","YES","YES","YES","High (RFC/NIST Standard)","8/10","Low","LOW","MAINTAIN_AND_ENRICH","Complete client-side calculator with verified prerendered HTML"
"https://usonlinetools.com/math/modulo-calculator","Modulo Calculator","520","9/10","8/10","YES","YES","YES","YES","High (RFC/NIST Standard)","8/10","Low","LOW","MAINTAIN_AND_ENRICH","Complete client-side calculator with verified prerendered HTML"
"https://usonlinetools.com/math/proportion-calculator","Proportion Calculator","520","9/10","8/10","YES","YES","YES","YES","High (RFC/NIST Standard)","8/10","Low","LOW","MAINTAIN_AND_ENRICH","Complete client-side calculator with verified prerendered HTML"
"https://usonlinetools.com/math/percentage-error-calculator","Percentage Error Calculator","520","9/10","8/10","YES","YES","YES","YES","High (RFC/NIST Standard)","8/10","Low","LOW","MAINTAIN_AND_ENRICH","Complete client-side calculator with verified prerendered HTML"
"https://usonlinetools.com/math/fraction-calculator","Fraction Calculator","520","9/10","8/10","YES","YES","YES","YES","High (RFC/NIST Standard)","8/10","Low","LOW","MAINTAIN_AND_ENRICH","Complete client-side calculator with verified prerendered HTML"
"https://usonlinetools.com/finance/online-simple-interest-calculator","Simple Interest Calculator","520","9/10","8/10","YES","YES","YES","YES","High (RFC/NIST Standard)","8/10","Low","LOW","MAINTAIN_AND_ENRICH","Complete client-side calculator with verified prerendered HTML"
"https://usonlinetools.com/finance/online-compound-interest-calculator","Compound Interest Calculator","520","9/10","8/10","YES","YES","YES","YES","High (RFC/NIST Standard)","8/10","Low","LOW","MAINTAIN_AND_ENRICH","Complete client-side calculator with verified prerendered HTML"
"https://usonlinetools.com/finance/online-loan-emi-calculator","Loan EMI Calculator","520","9/10","8/10","YES","YES","YES","YES","High (RFC/NIST Standard)","8/10","Low","LOW","MAINTAIN_AND_ENRICH","Complete client-side calculator with verified prerendered HTML"
"https://usonlinetools.com/finance/discount-calculator","Discount Calculator","520","9/10","8/10","YES","YES","YES","YES","High (RFC/NIST Standard)","8/10","Low","LOW","MAINTAIN_AND_ENRICH","Complete client-side calculator with verified prerendered HTML"
"https://usonlinetools.com/finance/profit-margin-calculator","Profit Margin Calculator","520","9/10","8/10","YES","YES","YES","YES","High (RFC/NIST Standard)","8/10","Low","LOW","MAINTAIN_AND_ENRICH","Complete client-side calculator with verified prerendered HTML"
"https://usonlinetools.com/finance/markup-calculator","Markup Calculator","520","9/10","8/10","YES","YES","YES","YES","High (RFC/NIST Standard)","8/10","Low","LOW","MAINTAIN_AND_ENRICH","Complete client-side calculator with verified prerendered HTML"
"https://usonlinetools.com/finance/break-even-calculator","Break Even Calculator","520","9/10","8/10","YES","YES","YES","YES","High (RFC/NIST Standard)","8/10","Low","LOW","MAINTAIN_AND_ENRICH","Complete client-side calculator with verified prerendered HTML"
"https://usonlinetools.com/finance/online-roi-calculator","ROI Calculator","520","9/10","8/10","YES","YES","YES","YES","High (RFC/NIST Standard)","8/10","Low","LOW","MAINTAIN_AND_ENRICH","Complete client-side calculator with verified prerendered HTML"
"https://usonlinetools.com/finance/savings-calculator","Savings Calculator","520","9/10","8/10","YES","YES","YES","YES","High (RFC/NIST Standard)","8/10","Low","LOW","MAINTAIN_AND_ENRICH","Complete client-side calculator with verified prerendered HTML"
"https://usonlinetools.com/finance/online-cagr-calculator","CAGR Calculator","520","9/10","8/10","YES","YES","YES","YES","High (RFC/NIST Standard)","8/10","Low","LOW","MAINTAIN_AND_ENRICH","Complete client-side calculator with verified prerendered HTML"
"https://usonlinetools.com/finance/online-debt-to-income-calculator","Debt-to-Income Calculator","520","9/10","8/10","YES","YES","YES","YES","High (RFC/NIST Standard)","8/10","Low","LOW","MAINTAIN_AND_ENRICH","Complete client-side calculator with verified prerendered HTML"
"https://usonlinetools.com/finance/online-loan-to-value-calculator","Loan-to-Value Calculator","520","9/10","8/10","YES","YES","YES","YES","High (RFC/NIST Standard)","8/10","Low","LOW","MAINTAIN_AND_ENRICH","Complete client-side calculator with verified prerendered HTML"
"https://usonlinetools.com/finance/tip-calculator","Tip Calculator","520","9/10","8/10","YES","YES","YES","YES","High (RFC/NIST Standard)","8/10","Low","LOW","MAINTAIN_AND_ENRICH","Complete client-side calculator with verified prerendered HTML"
"https://usonlinetools.com/finance/online-salary-calculator","Salary Calculator","520","9/10","8/10","YES","YES","YES","YES","High (RFC/NIST Standard)","8/10","Low","LOW","MAINTAIN_AND_ENRICH","Complete client-side calculator with verified prerendered HTML"
"https://usonlinetools.com/finance/online-tax-calculator","Tax Calculator","520","9/10","8/10","YES","YES","YES","YES","High (RFC/NIST Standard)","8/10","Low","LOW","MAINTAIN_AND_ENRICH","Complete client-side calculator with verified prerendered HTML"
"https://usonlinetools.com/finance/online-mortgage-payment-calculator","Mortgage Payment Calculator","520","9/10","8/10","YES","YES","YES","YES","High (RFC/NIST Standard)","8/10","Low","LOW","MAINTAIN_AND_ENRICH","Complete client-side calculator with verified prerendered HTML"
"https://usonlinetools.com/finance/online-gst-calculator","GST Calculator","520","9/10","8/10","YES","YES","YES","YES","High (RFC/NIST Standard)","8/10","Low","LOW","MAINTAIN_AND_ENRICH","Complete client-side calculator with verified prerendered HTML"
"https://usonlinetools.com/finance/online-inflation-calculator","Inflation Calculator","520","9/10","8/10","YES","YES","YES","YES","High (RFC/NIST Standard)","8/10","Low","LOW","MAINTAIN_AND_ENRICH","Complete client-side calculator with verified prerendered HTML"
"https://usonlinetools.com/finance/commission-calculator","Commission Calculator","520","9/10","8/10","YES","YES","YES","YES","High (RFC/NIST Standard)","8/10","Low","LOW","MAINTAIN_AND_ENRICH","Complete client-side calculator with verified prerendered HTML"
"https://usonlinetools.com/finance/online-investment-growth-calculator","Investment Growth Calculator","520","9/10","8/10","YES","YES","YES","YES","High (RFC/NIST Standard)","8/10","Low","LOW","MAINTAIN_AND_ENRICH","Complete client-side calculator with verified prerendered HTML"
"https://usonlinetools.com/finance/online-budget-calculator","Budget Calculator","520","9/10","8/10","YES","YES","YES","YES","High (RFC/NIST Standard)","8/10","Low","LOW","MAINTAIN_AND_ENRICH","Complete client-side calculator with verified prerendered HTML"
"https://usonlinetools.com/finance/expense-calculator","Expense Calculator","520","9/10","8/10","YES","YES","YES","YES","High (RFC/NIST Standard)","8/10","Low","LOW","MAINTAIN_AND_ENRICH","Complete client-side calculator with verified prerendered HTML"
"https://usonlinetools.com/finance/cost-per-unit-calculator","Cost Per Unit Calculator","520","9/10","8/10","YES","YES","YES","YES","High (RFC/NIST Standard)","8/10","Low","LOW","MAINTAIN_AND_ENRICH","Complete client-side calculator with verified prerendered HTML"
"https://usonlinetools.com/finance/price-per-unit-calculator","Price Per Unit Calculator","520","9/10","8/10","YES","YES","YES","YES","High (RFC/NIST Standard)","8/10","Low","LOW","MAINTAIN_AND_ENRICH","Complete client-side calculator with verified prerendered HTML"
"https://usonlinetools.com/finance/payback-period-calculator","Payback Period Calculator","520","9/10","8/10","YES","YES","YES","YES","High (RFC/NIST Standard)","8/10","Low","LOW","MAINTAIN_AND_ENRICH","Complete client-side calculator with verified prerendered HTML"
"https://usonlinetools.com/finance/loan-interest-calculator","Loan Interest Calculator","520","9/10","8/10","YES","YES","YES","YES","High (RFC/NIST Standard)","8/10","Low","LOW","MAINTAIN_AND_ENRICH","Complete client-side calculator with verified prerendered HTML"
"https://usonlinetools.com/finance/savings-goal-calculator","Savings Goal Calculator","520","9/10","8/10","YES","YES","YES","YES","High (RFC/NIST Standard)","8/10","Low","LOW","MAINTAIN_AND_ENRICH","Complete client-side calculator with verified prerendered HTML"
"https://usonlinetools.com/finance/revenue-calculator","Revenue Calculator","520","9/10","8/10","YES","YES","YES","YES","High (RFC/NIST Standard)","8/10","Low","LOW","MAINTAIN_AND_ENRICH","Complete client-side calculator with verified prerendered HTML"
"https://usonlinetools.com/finance/cost-split-calculator","Cost Split Calculator","520","9/10","8/10","YES","YES","YES","YES","High (RFC/NIST Standard)","8/10","Low","LOW","MAINTAIN_AND_ENRICH","Complete client-side calculator with verified prerendered HTML"
"https://usonlinetools.com/finance/depreciation-calculator","Depreciation Calculator","520","9/10","8/10","YES","YES","YES","YES","High (RFC/NIST Standard)","8/10","Low","LOW","MAINTAIN_AND_ENRICH","Complete client-side calculator with verified prerendered HTML"
"https://usonlinetools.com/finance/net-worth-calculator","Net Worth Calculator","520","9/10","8/10","YES","YES","YES","YES","High (RFC/NIST Standard)","8/10","Low","LOW","MAINTAIN_AND_ENRICH","Complete client-side calculator with verified prerendered HTML"
"https://usonlinetools.com/finance/online-retirement-calculator","Retirement Calculator","520","9/10","8/10","YES","YES","YES","YES","High (RFC/NIST Standard)","8/10","Low","LOW","MAINTAIN_AND_ENRICH","Complete client-side calculator with verified prerendered HTML"
"https://usonlinetools.com/finance/online-car-loan-calculator","Car Loan Calculator","520","9/10","8/10","YES","YES","YES","YES","High (RFC/NIST Standard)","8/10","Low","LOW","MAINTAIN_AND_ENRICH","Complete client-side calculator with verified prerendered HTML"
"https://usonlinetools.com/finance/credit-card-payoff-calculator","Credit Card Payoff Calculator","520","9/10","8/10","YES","YES","YES","YES","High (RFC/NIST Standard)","8/10","Low","LOW","MAINTAIN_AND_ENRICH","Complete client-side calculator with verified prerendered HTML"
"https://usonlinetools.com/finance/down-payment-calculator","Down Payment Calculator","520","9/10","8/10","YES","YES","YES","YES","High (RFC/NIST Standard)","8/10","Low","LOW","MAINTAIN_AND_ENRICH","Complete client-side calculator with verified prerendered HTML"
"https://usonlinetools.com/finance/online-amortization-calculator","Amortization Calculator","520","9/10","8/10","YES","YES","YES","YES","High (RFC/NIST Standard)","8/10","Low","LOW","MAINTAIN_AND_ENRICH","Complete client-side calculator with verified prerendered HTML"
"https://usonlinetools.com/finance/stock-profit-calculator","Stock Profit Calculator","520","9/10","8/10","YES","YES","YES","YES","High (RFC/NIST Standard)","8/10","Low","LOW","MAINTAIN_AND_ENRICH","Complete client-side calculator with verified prerendered HTML"
"https://usonlinetools.com/finance/dividend-calculator","Dividend Calculator","520","9/10","8/10","YES","YES","YES","YES","High (RFC/NIST Standard)","8/10","Low","LOW","MAINTAIN_AND_ENRICH","Complete client-side calculator with verified prerendered HTML"
"https://usonlinetools.com/finance/online-currency-exchange-calculator","Currency Exchange Calculator","520","9/10","8/10","YES","YES","YES","YES","High (RFC/NIST Standard)","8/10","Low","LOW","MAINTAIN_AND_ENRICH","Complete client-side calculator with verified prerendered HTML"
"https://usonlinetools.com/finance/hourly-to-salary-calculator","Hourly to Salary Calculator","520","9/10","8/10","YES","YES","YES","YES","High (RFC/NIST Standard)","8/10","Low","LOW","MAINTAIN_AND_ENRICH","Complete client-side calculator with verified prerendered HTML"
"https://usonlinetools.com/conversion/online-length-converter","Length Converter","520","9/10","8/10","YES","YES","YES","YES","High (RFC/NIST Standard)","8/10","Low","LOW","MAINTAIN_AND_ENRICH","Complete client-side calculator with verified prerendered HTML"
"https://usonlinetools.com/conversion/online-weight-converter","Weight Converter","520","9/10","8/10","YES","YES","YES","YES","High (RFC/NIST Standard)","8/10","Low","LOW","MAINTAIN_AND_ENRICH","Complete client-side calculator with verified prerendered HTML"
"https://usonlinetools.com/conversion/online-temperature-converter","Temperature Converter","520","9/10","8/10","YES","YES","YES","YES","High (RFC/NIST Standard)","8/10","Low","LOW","MAINTAIN_AND_ENRICH","Complete client-side calculator with verified prerendered HTML"
"https://usonlinetools.com/conversion/online-area-converter","Area Converter","520","9/10","8/10","YES","YES","YES","YES","High (RFC/NIST Standard)","8/10","Low","LOW","MAINTAIN_AND_ENRICH","Complete client-side calculator with verified prerendered HTML"
"https://usonlinetools.com/conversion/online-volume-converter","Volume Converter","520","9/10","8/10","YES","YES","YES","YES","High (RFC/NIST Standard)","8/10","Low","LOW","MAINTAIN_AND_ENRICH","Complete client-side calculator with verified prerendered HTML"
"https://usonlinetools.com/conversion/online-speed-converter","Speed Converter","520","9/10","8/10","YES","YES","YES","YES","High (RFC/NIST Standard)","8/10","Low","LOW","MAINTAIN_AND_ENRICH","Complete client-side calculator with verified prerendered HTML"
"https://usonlinetools.com/conversion/color-converter","Color Converter","520","9/10","8/10","YES","YES","YES","YES","High (RFC/NIST Standard)","8/10","Low","LOW","MAINTAIN_AND_ENRICH","Complete client-side calculator with verified prerendered HTML"
"https://usonlinetools.com/conversion/online-binary-to-decimal-converter","Binary to Decimal Converter","520","9/10","8/10","YES","YES","YES","YES","High (RFC/NIST Standard)","8/10","Low","LOW","MAINTAIN_AND_ENRICH","Complete client-side calculator with verified prerendered HTML"
"https://usonlinetools.com/conversion/decimal-to-binary-converter","Decimal to Binary Converter","520","9/10","8/10","YES","YES","YES","YES","High (RFC/NIST Standard)","8/10","Low","LOW","MAINTAIN_AND_ENRICH","Complete client-side calculator with verified prerendered HTML"
"https://usonlinetools.com/conversion/hex-to-decimal-converter","Hex to Decimal Converter","520","9/10","8/10","YES","YES","YES","YES","High (RFC/NIST Standard)","8/10","Low","LOW","MAINTAIN_AND_ENRICH","Complete client-side calculator with verified prerendered HTML"
"https://usonlinetools.com/conversion/online-roman-numeral-converter","Roman Numeral Converter","520","9/10","8/10","YES","YES","YES","YES","High (RFC/NIST Standard)","8/10","Low","LOW","MAINTAIN_AND_ENRICH","Complete client-side calculator with verified prerendered HTML"
"https://usonlinetools.com/conversion/data-storage-converter","Data Storage Converter","520","9/10","8/10","YES","YES","YES","YES","High (RFC/NIST Standard)","8/10","Low","LOW","MAINTAIN_AND_ENRICH","Complete client-side calculator with verified prerendered HTML"
"https://usonlinetools.com/conversion/energy-converter","Energy Converter","520","9/10","8/10","YES","YES","YES","YES","High (RFC/NIST Standard)","8/10","Low","LOW","MAINTAIN_AND_ENRICH","Complete client-side calculator with verified prerendered HTML"
"https://usonlinetools.com/conversion/pressure-converter","Pressure Converter","520","9/10","8/10","YES","YES","YES","YES","High (RFC/NIST Standard)","8/10","Low","LOW","MAINTAIN_AND_ENRICH","Complete client-side calculator with verified prerendered HTML"
"https://usonlinetools.com/conversion/time-converter","Time Converter","520","9/10","8/10","YES","YES","YES","YES","High (RFC/NIST Standard)","8/10","Low","LOW","MAINTAIN_AND_ENRICH","Complete client-side calculator with verified prerendered HTML"
"https://usonlinetools.com/conversion/angle-converter","Angle Converter","520","9/10","8/10","YES","YES","YES","YES","High (RFC/NIST Standard)","8/10","Low","LOW","MAINTAIN_AND_ENRICH","Complete client-side calculator with verified prerendered HTML"
"https://usonlinetools.com/conversion/frequency-converter","Frequency Converter","520","9/10","8/10","YES","YES","YES","YES","High (RFC/NIST Standard)","8/10","Low","LOW","MAINTAIN_AND_ENRICH","Complete client-side calculator with verified prerendered HTML"
"https://usonlinetools.com/conversion/fuel-efficiency-converter","Fuel Efficiency Converter","520","9/10","8/10","YES","YES","YES","YES","High (RFC/NIST Standard)","8/10","Low","LOW","MAINTAIN_AND_ENRICH","Complete client-side calculator with verified prerendered HTML"
"https://usonlinetools.com/conversion/number-to-words-converter","Number to Words Converter","520","9/10","8/10","YES","YES","YES","YES","High (RFC/NIST Standard)","8/10","Low","LOW","MAINTAIN_AND_ENRICH","Complete client-side calculator with verified prerendered HTML"
"https://usonlinetools.com/conversion/words-to-number-converter","Words to Number Converter","520","9/10","8/10","YES","YES","YES","YES","High (RFC/NIST Standard)","8/10","Low","LOW","MAINTAIN_AND_ENRICH","Complete client-side calculator with verified prerendered HTML"
"https://usonlinetools.com/conversion/base-converter","Base Converter","520","9/10","8/10","YES","YES","YES","YES","High (RFC/NIST Standard)","8/10","Low","LOW","MAINTAIN_AND_ENRICH","Complete client-side calculator with verified prerendered HTML"
"https://usonlinetools.com/conversion/binary-to-hex-converter","Binary to Hex Converter","520","9/10","8/10","YES","YES","YES","YES","High (RFC/NIST Standard)","8/10","Low","LOW","MAINTAIN_AND_ENRICH","Complete client-side calculator with verified prerendered HTML"
"https://usonlinetools.com/conversion/hex-to-binary-converter","Hex to Binary Converter","520","9/10","8/10","YES","YES","YES","YES","High (RFC/NIST Standard)","8/10","Low","LOW","MAINTAIN_AND_ENRICH","Complete client-side calculator with verified prerendered HTML"
"https://usonlinetools.com/conversion/octal-converter","Octal Converter","520","9/10","8/10","YES","YES","YES","YES","High (RFC/NIST Standard)","8/10","Low","LOW","MAINTAIN_AND_ENRICH","Complete client-side calculator with verified prerendered HTML"
"https://usonlinetools.com/conversion/unit-price-converter","Unit Price Converter","520","9/10","8/10","YES","YES","YES","YES","High (RFC/NIST Standard)","8/10","Low","LOW","MAINTAIN_AND_ENRICH","Complete client-side calculator with verified prerendered HTML"
"https://usonlinetools.com/conversion/density-converter","Density Converter","520","9/10","8/10","YES","YES","YES","YES","High (RFC/NIST Standard)","8/10","Low","LOW","MAINTAIN_AND_ENRICH","Complete client-side calculator with verified prerendered HTML"
"https://usonlinetools.com/conversion/power-converter","Power Converter","520","9/10","8/10","YES","YES","YES","YES","High (RFC/NIST Standard)","8/10","Low","LOW","MAINTAIN_AND_ENRICH","Complete client-side calculator with verified prerendered HTML"
"https://usonlinetools.com/conversion/torque-converter","Torque Converter","520","9/10","8/10","YES","YES","YES","YES","High (RFC/NIST Standard)","8/10","Low","LOW","MAINTAIN_AND_ENRICH","Complete client-side calculator with verified prerendered HTML"
"https://usonlinetools.com/conversion/force-converter","Force Converter","520","9/10","8/10","YES","YES","YES","YES","High (RFC/NIST Standard)","8/10","Low","LOW","MAINTAIN_AND_ENRICH","Complete client-side calculator with verified prerendered HTML"
"https://usonlinetools.com/conversion/electric-current-converter","Electric Current Converter","520","9/10","8/10","YES","YES","YES","YES","High (RFC/NIST Standard)","8/10","Low","LOW","MAINTAIN_AND_ENRICH","Complete client-side calculator with verified prerendered HTML"
"https://usonlinetools.com/conversion/online-shoe-size-converter","Shoe Size Converter","520","9/10","8/10","YES","YES","YES","YES","High (RFC/NIST Standard)","8/10","Low","LOW","MAINTAIN_AND_ENRICH","Complete client-side calculator with verified prerendered HTML"
"https://usonlinetools.com/conversion/online-cooking-converter","Cooking Converter","520","9/10","8/10","YES","YES","YES","YES","High (RFC/NIST Standard)","8/10","Low","LOW","MAINTAIN_AND_ENRICH","Complete client-side calculator with verified prerendered HTML"
"https://usonlinetools.com/time-date/online-age-calculator","Age Calculator","520","9/10","8/10","YES","YES","YES","YES","High (RFC/NIST Standard)","8/10","Low","LOW","MAINTAIN_AND_ENRICH","Complete client-side calculator with verified prerendered HTML"
"https://usonlinetools.com/time-date/date-difference-calculator","Date Difference Calculator","520","9/10","8/10","YES","YES","YES","YES","High (RFC/NIST Standard)","8/10","Low","LOW","MAINTAIN_AND_ENRICH","Complete client-side calculator with verified prerendered HTML"
"https://usonlinetools.com/time-date/online-countdown-timer","Countdown Timer","520","9/10","8/10","YES","YES","YES","YES","High (RFC/NIST Standard)","8/10","Low","LOW","MAINTAIN_AND_ENRICH","Complete client-side calculator with verified prerendered HTML"
"https://usonlinetools.com/time-date/time-duration-calculator","Time Duration Calculator","520","9/10","8/10","YES","YES","YES","YES","High (RFC/NIST Standard)","8/10","Low","LOW","MAINTAIN_AND_ENRICH","Complete client-side calculator with verified prerendered HTML"
"https://usonlinetools.com/time-date/work-hours-calculator","Work Hours Calculator","520","9/10","8/10","YES","YES","YES","YES","High (RFC/NIST Standard)","8/10","Low","LOW","MAINTAIN_AND_ENRICH","Complete client-side calculator with verified prerendered HTML"
"https://usonlinetools.com/time-date/business-days-calculator","Business Days Calculator","520","9/10","8/10","YES","YES","YES","YES","High (RFC/NIST Standard)","8/10","Low","LOW","MAINTAIN_AND_ENRICH","Complete client-side calculator with verified prerendered HTML"
"https://usonlinetools.com/time-date/leap-year-checker","Leap Year Checker","520","9/10","8/10","YES","YES","YES","YES","High (RFC/NIST Standard)","8/10","Low","LOW","MAINTAIN_AND_ENRICH","Complete client-side calculator with verified prerendered HTML"
"https://usonlinetools.com/time-date/online-time-zone-converter","Time Zone Converter","520","9/10","8/10","YES","YES","YES","YES","High (RFC/NIST Standard)","8/10","Low","LOW","MAINTAIN_AND_ENRICH","Complete client-side calculator with verified prerendered HTML"
"https://usonlinetools.com/time-date/online-stopwatch","Stopwatch Tool","520","9/10","8/10","YES","YES","YES","YES","High (RFC/NIST Standard)","8/10","Low","LOW","MAINTAIN_AND_ENRICH","Complete client-side calculator with verified prerendered HTML"
"https://usonlinetools.com/time-date/half-birthday-calculator","Half Birthday Calculator","520","9/10","8/10","YES","YES","YES","YES","High (RFC/NIST Standard)","8/10","Low","LOW","MAINTAIN_AND_ENRICH","Complete client-side calculator with verified prerendered HTML"
"https://usonlinetools.com/time-date/week-number-calculator","Week Number Calculator","520","9/10","8/10","YES","YES","YES","YES","High (RFC/NIST Standard)","8/10","Low","LOW","MAINTAIN_AND_ENRICH","Complete client-side calculator with verified prerendered HTML"
"https://usonlinetools.com/time-date/overtime-calculator","Overtime Calculator","520","9/10","8/10","YES","YES","YES","YES","High (RFC/NIST Standard)","8/10","Low","LOW","MAINTAIN_AND_ENRICH","Complete client-side calculator with verified prerendered HTML"
"https://usonlinetools.com/time-date/days-between-dates-calculator","Days Between Dates Calculator","520","9/10","8/10","YES","YES","YES","YES","High (RFC/NIST Standard)","8/10","Low","LOW","MAINTAIN_AND_ENRICH","Complete client-side calculator with verified prerendered HTML"
"https://usonlinetools.com/time-date/working-days-calculator","Working Days Calculator","520","9/10","8/10","YES","YES","YES","YES","High (RFC/NIST Standard)","8/10","Low","LOW","MAINTAIN_AND_ENRICH","Complete client-side calculator with verified prerendered HTML"
"https://usonlinetools.com/time-date/time-addition-calculator","Time Addition Calculator","520","9/10","8/10","YES","YES","YES","YES","High (RFC/NIST Standard)","8/10","Low","LOW","MAINTAIN_AND_ENRICH","Complete client-side calculator with verified prerendered HTML"
"https://usonlinetools.com/time-date/time-subtraction-calculator","Time Subtraction Calculator","520","9/10","8/10","YES","YES","YES","YES","High (RFC/NIST Standard)","8/10","Low","LOW","MAINTAIN_AND_ENRICH","Complete client-side calculator with verified prerendered HTML"
"https://usonlinetools.com/time-date/meeting-time-calculator","Meeting Time Calculator","520","9/10","8/10","YES","YES","YES","YES","High (RFC/NIST Standard)","8/10","Low","LOW","MAINTAIN_AND_ENRICH","Complete client-side calculator with verified prerendered HTML"
"https://usonlinetools.com/time-date/shift-schedule-calculator","Shift Schedule Calculator","520","9/10","8/10","YES","YES","YES","YES","High (RFC/NIST Standard)","8/10","Low","LOW","MAINTAIN_AND_ENRICH","Complete client-side calculator with verified prerendered HTML"
"https://usonlinetools.com/time-date/deadline-calculator","Deadline Calculator","520","9/10","8/10","YES","YES","YES","YES","High (RFC/NIST Standard)","8/10","Low","LOW","MAINTAIN_AND_ENRICH","Complete client-side calculator with verified prerendered HTML"
"https://usonlinetools.com/time-date/study-time-calculator","Study Time Calculator","520","9/10","8/10","YES","YES","YES","YES","High (RFC/NIST Standard)","8/10","Low","LOW","MAINTAIN_AND_ENRICH","Complete client-side calculator with verified prerendered HTML"
"https://usonlinetools.com/time-date/reading-time-calculator","Reading Time Calculator","520","9/10","8/10","YES","YES","YES","YES","High (RFC/NIST Standard)","8/10","Low","LOW","MAINTAIN_AND_ENRICH","Complete client-side calculator with verified prerendered HTML"
"https://usonlinetools.com/time-date/event-countdown-timer","Event Countdown Timer","520","9/10","8/10","YES","YES","YES","YES","High (RFC/NIST Standard)","8/10","Low","LOW","MAINTAIN_AND_ENRICH","Complete client-side calculator with verified prerendered HTML"
"https://usonlinetools.com/time-date/hourly-time-calculator","Hourly Time Calculator","520","9/10","8/10","YES","YES","YES","YES","High (RFC/NIST Standard)","8/10","Low","LOW","MAINTAIN_AND_ENRICH","Complete client-side calculator with verified prerendered HTML"
"https://usonlinetools.com/time-date/shift-hours-calculator","Shift Hours Calculator","520","9/10","8/10","YES","YES","YES","YES","High (RFC/NIST Standard)","8/10","Low","LOW","MAINTAIN_AND_ENRICH","Complete client-side calculator with verified prerendered HTML"
"https://usonlinetools.com/time-date/time-tracking-calculator","Time Tracking Calculator","520","9/10","8/10","YES","YES","YES","YES","High (RFC/NIST Standard)","8/10","Low","LOW","MAINTAIN_AND_ENRICH","Complete client-side calculator with verified prerendered HTML"
"https://usonlinetools.com/time-date/time-calculator","Time Calculator","520","9/10","8/10","YES","YES","YES","YES","High (RFC/NIST Standard)","8/10","Low","LOW","MAINTAIN_AND_ENRICH","Complete client-side calculator with verified prerendered HTML"
"https://usonlinetools.com/time-date/online-military-time-converter","Military Time Converter","520","9/10","8/10","YES","YES","YES","YES","High (RFC/NIST Standard)","8/10","Low","LOW","MAINTAIN_AND_ENRICH","Complete client-side calculator with verified prerendered HTML"
"https://usonlinetools.com/time-date/era-calculator","Era Calculator","520","9/10","8/10","YES","YES","YES","YES","High (RFC/NIST Standard)","8/10","Low","LOW","MAINTAIN_AND_ENRICH","Complete client-side calculator with verified prerendered HTML"
"https://usonlinetools.com/time-date/zodiac-sign-calculator","Zodiac Sign Calculator","520","9/10","8/10","YES","YES","YES","YES","High (RFC/NIST Standard)","8/10","Low","LOW","MAINTAIN_AND_ENRICH","Complete client-side calculator with verified prerendered HTML"
"https://usonlinetools.com/time-date/chinese-zodiac-calculator","Chinese Zodiac Calculator","520","9/10","8/10","YES","YES","YES","YES","High (RFC/NIST Standard)","8/10","Low","LOW","MAINTAIN_AND_ENRICH","Complete client-side calculator with verified prerendered HTML"
"https://usonlinetools.com/time-date/age-in-days-calculator","Age in Days Calculator","520","9/10","8/10","YES","YES","YES","YES","High (RFC/NIST Standard)","8/10","Low","LOW","MAINTAIN_AND_ENRICH","Complete client-side calculator with verified prerendered HTML"
"https://usonlinetools.com/time-date/retirement-age-calculator","Retirement Age Calculator","520","9/10","8/10","YES","YES","YES","YES","High (RFC/NIST Standard)","8/10","Low","LOW","MAINTAIN_AND_ENRICH","Complete client-side calculator with verified prerendered HTML"
"https://usonlinetools.com/health/online-bmi-calculator","BMI Calculator","520","9/10","8/10","YES","YES","YES","YES","High (RFC/NIST Standard)","8/10","Low","LOW","MAINTAIN_AND_ENRICH","Complete client-side calculator with verified prerendered HTML"
"https://usonlinetools.com/health/online-bmr-calculator","BMR Calculator","520","9/10","8/10","YES","YES","YES","YES","High (RFC/NIST Standard)","8/10","Low","LOW","MAINTAIN_AND_ENRICH","Complete client-side calculator with verified prerendered HTML"
"https://usonlinetools.com/health/online-body-surface-area-calculator","Body Surface Area Calculator","520","9/10","8/10","YES","YES","YES","YES","High (RFC/NIST Standard)","8/10","Low","LOW","MAINTAIN_AND_ENRICH","Complete client-side calculator with verified prerendered HTML"
"https://usonlinetools.com/health/online-tdee-calculator","TDEE Calculator","520","9/10","8/10","YES","YES","YES","YES","High (RFC/NIST Standard)","8/10","Low","LOW","MAINTAIN_AND_ENRICH","Complete client-side calculator with verified prerendered HTML"
"https://usonlinetools.com/health/calorie-intake-calculator","Calorie Intake Calculator","520","9/10","8/10","YES","YES","YES","YES","High (RFC/NIST Standard)","8/10","Low","LOW","MAINTAIN_AND_ENRICH","Complete client-side calculator with verified prerendered HTML"
"https://usonlinetools.com/health/water-intake-calculator","Water Intake Calculator","520","9/10","8/10","YES","YES","YES","YES","High (RFC/NIST Standard)","8/10","Low","LOW","MAINTAIN_AND_ENRICH","Complete client-side calculator with verified prerendered HTML"
"https://usonlinetools.com/health/ideal-weight-calculator","Ideal Weight Calculator","520","9/10","8/10","YES","YES","YES","YES","High (RFC/NIST Standard)","8/10","Low","LOW","MAINTAIN_AND_ENRICH","Complete client-side calculator with verified prerendered HTML"
"https://usonlinetools.com/health/body-fat-calculator","Body Fat Calculator","520","9/10","8/10","YES","YES","YES","YES","High (RFC/NIST Standard)","8/10","Low","LOW","MAINTAIN_AND_ENRICH","Complete client-side calculator with verified prerendered HTML"
"https://usonlinetools.com/health/protein-intake-calculator","Protein Intake Calculator","520","9/10","8/10","YES","YES","YES","YES","High (RFC/NIST Standard)","8/10","Low","LOW","MAINTAIN_AND_ENRICH","Complete client-side calculator with verified prerendered HTML"
"https://usonlinetools.com/health/running-pace-calculator","Running Pace Calculator","520","9/10","8/10","YES","YES","YES","YES","High (RFC/NIST Standard)","8/10","Low","LOW","MAINTAIN_AND_ENRICH","Complete client-side calculator with verified prerendered HTML"
"https://usonlinetools.com/health/heart-rate-calculator","Heart Rate Calculator","520","9/10","8/10","YES","YES","YES","YES","High (RFC/NIST Standard)","8/10","Low","LOW","MAINTAIN_AND_ENRICH","Complete client-side calculator with verified prerendered HTML"
"https://usonlinetools.com/health/sleep-calculator","Sleep Calculator","520","9/10","8/10","YES","YES","YES","YES","High (RFC/NIST Standard)","8/10","Low","LOW","MAINTAIN_AND_ENRICH","Complete client-side calculator with verified prerendered HTML"
"https://usonlinetools.com/health/pregnancy-due-date-calculator","Pregnancy Due Date Calculator","520","9/10","8/10","YES","YES","YES","YES","High (RFC/NIST Standard)","8/10","Low","LOW","MAINTAIN_AND_ENRICH","Complete client-side calculator with verified prerendered HTML"
"https://usonlinetools.com/calculators/ovulation-calculator/","Ovulation Calculator","520","9/10","8/10","YES","YES","YES","YES","High (RFC/NIST Standard)","8/10","Low","LOW","MAINTAIN_AND_ENRICH","Complete client-side calculator with verified prerendered HTML"
"https://usonlinetools.com/health/calorie-deficit-calculator","Calorie Deficit Calculator","520","9/10","8/10","YES","YES","YES","YES","High (RFC/NIST Standard)","8/10","Low","LOW","MAINTAIN_AND_ENRICH","Complete client-side calculator with verified prerendered HTML"
"https://usonlinetools.com/health/cat-age-calculator","Cat Age Calculator","520","9/10","8/10","YES","YES","YES","YES","High (RFC/NIST Standard)","8/10","Low","LOW","MAINTAIN_AND_ENRICH","Complete client-side calculator with verified prerendered HTML"
"https://usonlinetools.com/health/dog-age-calculator","Dog Age Calculator","520","9/10","8/10","YES","YES","YES","YES","High (RFC/NIST Standard)","8/10","Low","LOW","MAINTAIN_AND_ENRICH","Complete client-side calculator with verified prerendered HTML"
"https://usonlinetools.com/health/lean-body-mass-calculator","Lean Body Mass Calculator","520","9/10","8/10","YES","YES","YES","YES","High (RFC/NIST Standard)","8/10","Low","LOW","MAINTAIN_AND_ENRICH","Complete client-side calculator with verified prerendered HTML"
"https://usonlinetools.com/health/daily-calories-burn-calculator","Daily Calories Burn Calculator","520","9/10","8/10","YES","YES","YES","YES","High (RFC/NIST Standard)","8/10","Low","LOW","MAINTAIN_AND_ENRICH","Complete client-side calculator with verified prerendered HTML"
"https://usonlinetools.com/health/one-rep-max-calculator","One Rep Max Calculator","520","9/10","8/10","YES","YES","YES","YES","High (RFC/NIST Standard)","8/10","Low","LOW","MAINTAIN_AND_ENRICH","Complete client-side calculator with verified prerendered HTML"
"https://usonlinetools.com/health/body-type-calculator","Body Type Calculator","520","9/10","8/10","YES","YES","YES","YES","High (RFC/NIST Standard)","8/10","Low","LOW","MAINTAIN_AND_ENRICH","Complete client-side calculator with verified prerendered HTML"
"https://usonlinetools.com/health/fitness-age-calculator","Fitness Age Calculator","520","9/10","8/10","YES","YES","YES","YES","High (RFC/NIST Standard)","8/10","Low","LOW","MAINTAIN_AND_ENRICH","Complete client-side calculator with verified prerendered HTML"
"https://usonlinetools.com/health/walking-calories-calculator","Walking Calories Calculator","520","9/10","8/10","YES","YES","YES","YES","High (RFC/NIST Standard)","8/10","Low","LOW","MAINTAIN_AND_ENRICH","Complete client-side calculator with verified prerendered HTML"
"https://usonlinetools.com/health/cycling-calories-calculator","Cycling Calories Calculator","520","9/10","8/10","YES","YES","YES","YES","High (RFC/NIST Standard)","8/10","Low","LOW","MAINTAIN_AND_ENRICH","Complete client-side calculator with verified prerendered HTML"
"https://usonlinetools.com/health/macro-nutrient-calculator","Macro Nutrient Calculator","520","9/10","8/10","YES","YES","YES","YES","High (RFC/NIST Standard)","8/10","Low","LOW","MAINTAIN_AND_ENRICH","Complete client-side calculator with verified prerendered HTML"
"https://usonlinetools.com/health/fat-intake-calculator","Fat Intake Calculator","520","9/10","8/10","YES","YES","YES","YES","High (RFC/NIST Standard)","8/10","Low","LOW","MAINTAIN_AND_ENRICH","Complete client-side calculator with verified prerendered HTML"
"https://usonlinetools.com/health/workout-duration-calculator","Workout Duration Calculator","520","9/10","8/10","YES","YES","YES","YES","High (RFC/NIST Standard)","8/10","Low","LOW","MAINTAIN_AND_ENRICH","Complete client-side calculator with verified prerendered HTML"
"https://usonlinetools.com/health/step-counter-estimator","Step Counter Estimator","520","9/10","8/10","YES","YES","YES","YES","High (RFC/NIST Standard)","8/10","Low","LOW","MAINTAIN_AND_ENRICH","Complete client-side calculator with verified prerendered HTML"
"https://usonlinetools.com/health/calorie-calculator","Calorie Calculator","520","9/10","8/10","YES","YES","YES","YES","High (RFC/NIST Standard)","8/10","Low","LOW","MAINTAIN_AND_ENRICH","Complete client-side calculator with verified prerendered HTML"
"https://usonlinetools.com/health/bac-calculator","BAC Calculator","520","9/10","8/10","YES","YES","YES","YES","High (RFC/NIST Standard)","8/10","Low","LOW","MAINTAIN_AND_ENRICH","Complete client-side calculator with verified prerendered HTML"
"https://usonlinetools.com/health/waist-to-hip-ratio-calculator","Waist to Hip Ratio Calculator","520","9/10","8/10","YES","YES","YES","YES","High (RFC/NIST Standard)","8/10","Low","LOW","MAINTAIN_AND_ENRICH","Complete client-side calculator with verified prerendered HTML"
"https://usonlinetools.com/health/keto-calculator","Keto Calculator","520","9/10","8/10","YES","YES","YES","YES","High (RFC/NIST Standard)","8/10","Low","LOW","MAINTAIN_AND_ENRICH","Complete client-side calculator with verified prerendered HTML"
"https://usonlinetools.com/health/intermittent-fasting-calculator","Intermittent Fasting Calculator","520","9/10","8/10","YES","YES","YES","YES","High (RFC/NIST Standard)","8/10","Low","LOW","MAINTAIN_AND_ENRICH","Complete client-side calculator with verified prerendered HTML"
"https://usonlinetools.com/health/vo2-max-calculator","VO2 Max Calculator","520","9/10","8/10","YES","YES","YES","YES","High (RFC/NIST Standard)","8/10","Low","LOW","MAINTAIN_AND_ENRICH","Complete client-side calculator with verified prerendered HTML"
"https://usonlinetools.com/construction/concrete-calculator","Concrete Volume Calculator","520","9/10","8/10","YES","YES","YES","YES","High (RFC/NIST Standard)","8/10","Low","LOW","MAINTAIN_AND_ENRICH","Complete client-side calculator with verified prerendered HTML"
"https://usonlinetools.com/construction/cement-calculator","Cement Calculator","520","9/10","8/10","YES","YES","YES","YES","High (RFC/NIST Standard)","8/10","Low","LOW","MAINTAIN_AND_ENRICH","Complete client-side calculator with verified prerendered HTML"
"https://usonlinetools.com/construction/brick-calculator","Brick Calculator","520","9/10","8/10","YES","YES","YES","YES","High (RFC/NIST Standard)","8/10","Low","LOW","MAINTAIN_AND_ENRICH","Complete client-side calculator with verified prerendered HTML"
"https://usonlinetools.com/construction/steel-weight-calculator","Steel Weight Calculator","520","9/10","8/10","YES","YES","YES","YES","High (RFC/NIST Standard)","8/10","Low","LOW","MAINTAIN_AND_ENRICH","Complete client-side calculator with verified prerendered HTML"
"https://usonlinetools.com/construction/paint-calculator","Paint Calculator","520","9/10","8/10","YES","YES","YES","YES","High (RFC/NIST Standard)","8/10","Low","LOW","MAINTAIN_AND_ENRICH","Complete client-side calculator with verified prerendered HTML"
"https://usonlinetools.com/construction/tile-calculator","Tile Calculator","520","9/10","8/10","YES","YES","YES","YES","High (RFC/NIST Standard)","8/10","Low","LOW","MAINTAIN_AND_ENRICH","Complete client-side calculator with verified prerendered HTML"
"https://usonlinetools.com/construction/flooring-calculator","Flooring Calculator","520","9/10","8/10","YES","YES","YES","YES","High (RFC/NIST Standard)","8/10","Low","LOW","MAINTAIN_AND_ENRICH","Complete client-side calculator with verified prerendered HTML"
"https://usonlinetools.com/construction/room-area-calculator","Room Area Calculator","520","9/10","8/10","YES","YES","YES","YES","High (RFC/NIST Standard)","8/10","Low","LOW","MAINTAIN_AND_ENRICH","Complete client-side calculator with verified prerendered HTML"
"https://usonlinetools.com/construction/roof-area-calculator","Roof Area Calculator","520","9/10","8/10","YES","YES","YES","YES","High (RFC/NIST Standard)","8/10","Low","LOW","MAINTAIN_AND_ENRICH","Complete client-side calculator with verified prerendered HTML"
"https://usonlinetools.com/construction/water-tank-calculator","Water Tank Capacity Calculator","520","9/10","8/10","YES","YES","YES","YES","High (RFC/NIST Standard)","8/10","Low","LOW","MAINTAIN_AND_ENRICH","Complete client-side calculator with verified prerendered HTML"
"https://usonlinetools.com/construction/asphalt-calculator","Asphalt Calculator","520","9/10","8/10","YES","YES","YES","YES","High (RFC/NIST Standard)","8/10","Low","LOW","MAINTAIN_AND_ENRICH","Complete client-side calculator with verified prerendered HTML"
"https://usonlinetools.com/construction/gravel-calculator","Gravel Calculator","520","9/10","8/10","YES","YES","YES","YES","High (RFC/NIST Standard)","8/10","Low","LOW","MAINTAIN_AND_ENRICH","Complete client-side calculator with verified prerendered HTML"
"https://usonlinetools.com/construction/fence-length-calculator","Fence Length Calculator","520","9/10","8/10","YES","YES","YES","YES","High (RFC/NIST Standard)","8/10","Low","LOW","MAINTAIN_AND_ENRICH","Complete client-side calculator with verified prerendered HTML"
"https://usonlinetools.com/construction/lumber-calculator","Lumber Calculator","520","9/10","8/10","YES","YES","YES","YES","High (RFC/NIST Standard)","8/10","Low","LOW","MAINTAIN_AND_ENRICH","Complete client-side calculator with verified prerendered HTML"
"https://usonlinetools.com/construction/wall-area-calculator","Wall Area Calculator","520","9/10","8/10","YES","YES","YES","YES","High (RFC/NIST Standard)","8/10","Low","LOW","MAINTAIN_AND_ENRICH","Complete client-side calculator with verified prerendered HTML"
"https://usonlinetools.com/construction/pipe-volume-calculator","Pipe Volume Calculator","520","9/10","8/10","YES","YES","YES","YES","High (RFC/NIST Standard)","8/10","Low","LOW","MAINTAIN_AND_ENRICH","Complete client-side calculator with verified prerendered HTML"
"https://usonlinetools.com/construction/sand-calculator","Sand Calculator","520","9/10","8/10","YES","YES","YES","YES","High (RFC/NIST Standard)","8/10","Low","LOW","MAINTAIN_AND_ENRICH","Complete client-side calculator with verified prerendered HTML"
"https://usonlinetools.com/construction/excavation-calculator","Excavation Calculator","520","9/10","8/10","YES","YES","YES","YES","High (RFC/NIST Standard)","8/10","Low","LOW","MAINTAIN_AND_ENRICH","Complete client-side calculator with verified prerendered HTML"
"https://usonlinetools.com/construction/stair-calculator","Stair Calculator","520","9/10","8/10","YES","YES","YES","YES","High (RFC/NIST Standard)","8/10","Low","LOW","MAINTAIN_AND_ENRICH","Complete client-side calculator with verified prerendered HTML"
"https://usonlinetools.com/construction/material-cost-calculator","Material Cost Calculator","520","9/10","8/10","YES","YES","YES","YES","High (RFC/NIST Standard)","8/10","Low","LOW","MAINTAIN_AND_ENRICH","Complete client-side calculator with verified prerendered HTML"
"https://usonlinetools.com/construction/deck-area-calculator","Deck Area Calculator","520","9/10","8/10","YES","YES","YES","YES","High (RFC/NIST Standard)","8/10","Low","LOW","MAINTAIN_AND_ENRICH","Complete client-side calculator with verified prerendered HTML"
"https://usonlinetools.com/construction/plaster-calculator","Plaster Calculator","520","9/10","8/10","YES","YES","YES","YES","High (RFC/NIST Standard)","8/10","Low","LOW","MAINTAIN_AND_ENRICH","Complete client-side calculator with verified prerendered HTML"
"https://usonlinetools.com/construction/insulation-calculator","Insulation Calculator","520","9/10","8/10","YES","YES","YES","YES","High (RFC/NIST Standard)","8/10","Low","LOW","MAINTAIN_AND_ENRICH","Complete client-side calculator with verified prerendered HTML"
"https://usonlinetools.com/construction/concrete-block-calculator","Concrete Block Calculator","520","9/10","8/10","YES","YES","YES","YES","High (RFC/NIST Standard)","8/10","Low","LOW","MAINTAIN_AND_ENRICH","Complete client-side calculator with verified prerendered HTML"
"https://usonlinetools.com/construction/paver-calculator","Paver Calculator","520","9/10","8/10","YES","YES","YES","YES","High (RFC/NIST Standard)","8/10","Low","LOW","MAINTAIN_AND_ENRICH","Complete client-side calculator with verified prerendered HTML"
"https://usonlinetools.com/construction/bitumen-calculator","Bitumen Calculator","520","9/10","8/10","YES","YES","YES","YES","High (RFC/NIST Standard)","8/10","Low","LOW","MAINTAIN_AND_ENRICH","Complete client-side calculator with verified prerendered HTML"
"https://usonlinetools.com/construction/pool-salt-calculator","Pool Salt Calculator","520","9/10","8/10","YES","YES","YES","YES","High (RFC/NIST Standard)","8/10","Low","LOW","MAINTAIN_AND_ENRICH","Complete client-side calculator with verified prerendered HTML"
"https://usonlinetools.com/construction/rebar-calculator","Rebar Calculator","520","9/10","8/10","YES","YES","YES","YES","High (RFC/NIST Standard)","8/10","Low","LOW","MAINTAIN_AND_ENRICH","Complete client-side calculator with verified prerendered HTML"
"https://usonlinetools.com/construction/drywall-calculator","Drywall Calculator","520","9/10","8/10","YES","YES","YES","YES","High (RFC/NIST Standard)","8/10","Low","LOW","MAINTAIN_AND_ENRICH","Complete client-side calculator with verified prerendered HTML"
"https://usonlinetools.com/construction/wallpaper-calculator","Wallpaper Calculator","520","9/10","8/10","YES","YES","YES","YES","High (RFC/NIST Standard)","8/10","Low","LOW","MAINTAIN_AND_ENRICH","Complete client-side calculator with verified prerendered HTML"
"https://usonlinetools.com/construction/mulch-calculator","Mulch Calculator","520","9/10","8/10","YES","YES","YES","YES","High (RFC/NIST Standard)","8/10","Low","LOW","MAINTAIN_AND_ENRICH","Complete client-side calculator with verified prerendered HTML"
"https://usonlinetools.com/construction/soil-calculator","Soil Calculator","520","9/10","8/10","YES","YES","YES","YES","High (RFC/NIST Standard)","8/10","Low","LOW","MAINTAIN_AND_ENRICH","Complete client-side calculator with verified prerendered HTML"
"https://usonlinetools.com/construction/solar-panel-calculator","Solar Panel Calculator","520","9/10","8/10","YES","YES","YES","YES","High (RFC/NIST Standard)","8/10","Low","LOW","MAINTAIN_AND_ENRICH","Complete client-side calculator with verified prerendered HTML"
"https://usonlinetools.com/construction/electrical-load-calculator","Electrical Load Calculator","520","9/10","8/10","YES","YES","YES","YES","High (RFC/NIST Standard)","8/10","Low","LOW","MAINTAIN_AND_ENRICH","Complete client-side calculator with verified prerendered HTML"
"https://usonlinetools.com/productivity/online-word-counter","Word Counter","520","9/10","8/10","YES","YES","YES","YES","High (RFC/NIST Standard)","8/10","Low","LOW","MAINTAIN_AND_ENRICH","Complete client-side calculator with verified prerendered HTML"
"https://usonlinetools.com/productivity/random-name-generator","Random Name Generator","520","9/10","8/10","YES","YES","YES","YES","High (RFC/NIST Standard)","8/10","Low","LOW","MAINTAIN_AND_ENRICH","Complete client-side calculator with verified prerendered HTML"
"https://usonlinetools.com/productivity/username-generator","Username Generator","520","9/10","8/10","YES","YES","YES","YES","High (RFC/NIST Standard)","8/10","Low","LOW","MAINTAIN_AND_ENRICH","Complete client-side calculator with verified prerendered HTML"
"https://usonlinetools.com/productivity/dice-roller","Dice Roller","520","9/10","8/10","YES","YES","YES","YES","High (RFC/NIST Standard)","8/10","Low","LOW","MAINTAIN_AND_ENRICH","Complete client-side calculator with verified prerendered HTML"
"https://usonlinetools.com/productivity/coin-flip","Coin Flip Tool","520","9/10","8/10","YES","YES","YES","YES","High (RFC/NIST Standard)","8/10","Low","LOW","MAINTAIN_AND_ENRICH","Complete client-side calculator with verified prerendered HTML"
"https://usonlinetools.com/productivity/random-color-generator","Random Color Generator","520","9/10","8/10","YES","YES","YES","YES","High (RFC/NIST Standard)","8/10","Low","LOW","MAINTAIN_AND_ENRICH","Complete client-side calculator with verified prerendered HTML"
"https://usonlinetools.com/productivity/case-converter","Case Converter","520","9/10","8/10","YES","YES","YES","YES","High (RFC/NIST Standard)","8/10","Low","LOW","MAINTAIN_AND_ENRICH","Complete client-side calculator with verified prerendered HTML"
"https://usonlinetools.com/productivity/text-reverser","Text Reverser Tool","520","9/10","8/10","YES","YES","YES","YES","High (RFC/NIST Standard)","8/10","Low","LOW","MAINTAIN_AND_ENRICH","Complete client-side calculator with verified prerendered HTML"
"https://usonlinetools.com/productivity/duplicate-line-remover","Duplicate Line Remover","520","9/10","8/10","YES","YES","YES","YES","High (RFC/NIST Standard)","8/10","Low","LOW","MAINTAIN_AND_ENRICH","Complete client-side calculator with verified prerendered HTML"
"https://usonlinetools.com/productivity/alphabetical-sort","Alphabetical Sort Tool","520","9/10","8/10","YES","YES","YES","YES","High (RFC/NIST Standard)","8/10","Low","LOW","MAINTAIN_AND_ENRICH","Complete client-side calculator with verified prerendered HTML"
"https://usonlinetools.com/productivity/palindrome-checker","Palindrome Checker","520","9/10","8/10","YES","YES","YES","YES","High (RFC/NIST Standard)","8/10","Low","LOW","MAINTAIN_AND_ENRICH","Complete client-side calculator with verified prerendered HTML"
"https://usonlinetools.com/productivity/hashtag-generator","Hashtag Generator Tool","520","9/10","8/10","YES","YES","YES","YES","High (RFC/NIST Standard)","8/10","Low","LOW","MAINTAIN_AND_ENRICH","Complete client-side calculator with verified prerendered HTML"
"https://usonlinetools.com/productivity/word-frequency-counter","Word Frequency Counter","520","9/10","8/10","YES","YES","YES","YES","High (RFC/NIST Standard)","8/10","Low","LOW","MAINTAIN_AND_ENRICH","Complete client-side calculator with verified prerendered HTML"
"https://usonlinetools.com/productivity/random-letter-generator","Random Letter Generator","520","9/10","8/10","YES","YES","YES","YES","High (RFC/NIST Standard)","8/10","Low","LOW","MAINTAIN_AND_ENRICH","Complete client-side calculator with verified prerendered HTML"
"https://usonlinetools.com/productivity/random-picker-tool","Random Picker Tool","520","9/10","8/10","YES","YES","YES","YES","High (RFC/NIST Standard)","8/10","Low","LOW","MAINTAIN_AND_ENRICH","Complete client-side calculator with verified prerendered HTML"
"https://usonlinetools.com/productivity/spin-wheel-generator","Spin Wheel Generator","520","9/10","8/10","YES","YES","YES","YES","High (RFC/NIST Standard)","8/10","Low","LOW","MAINTAIN_AND_ENRICH","Complete client-side calculator with verified prerendered HTML"
"https://usonlinetools.com/productivity/character-counter-tool","Character Counter Tool","520","9/10","8/10","YES","YES","YES","YES","High (RFC/NIST Standard)","8/10","Low","LOW","MAINTAIN_AND_ENRICH","Complete client-side calculator with verified prerendered HTML"
"https://usonlinetools.com/productivity/line-counter-tool","Line Counter Tool","520","9/10","8/10","YES","YES","YES","YES","High (RFC/NIST Standard)","8/10","Low","LOW","MAINTAIN_AND_ENRICH","Complete client-side calculator with verified prerendered HTML"
"https://usonlinetools.com/productivity/remove-extra-spaces-tool","Remove Extra Spaces Tool","520","9/10","8/10","YES","YES","YES","YES","High (RFC/NIST Standard)","8/10","Low","LOW","MAINTAIN_AND_ENRICH","Complete client-side calculator with verified prerendered HTML"
"https://usonlinetools.com/productivity/sort-text-lines-tool","Sort Text Lines Tool","520","9/10","8/10","YES","YES","YES","YES","High (RFC/NIST Standard)","8/10","Low","LOW","MAINTAIN_AND_ENRICH","Complete client-side calculator with verified prerendered HTML"
"https://usonlinetools.com/productivity/list-randomizer-tool","List Randomizer Tool","520","9/10","8/10","YES","YES","YES","YES","High (RFC/NIST Standard)","8/10","Low","LOW","MAINTAIN_AND_ENRICH","Complete client-side calculator with verified prerendered HTML"
"https://usonlinetools.com/productivity/text-formatter-tool","Text Formatter Tool","520","9/10","8/10","YES","YES","YES","YES","High (RFC/NIST Standard)","8/10","Low","LOW","MAINTAIN_AND_ENRICH","Complete client-side calculator with verified prerendered HTML"
"https://usonlinetools.com/productivity/json-formatter","JSON Formatter","520","9/10","8/10","YES","YES","YES","YES","High (RFC/NIST Standard)","8/10","Low","LOW","MAINTAIN_AND_ENRICH","Complete client-side calculator with verified prerendered HTML"
"https://usonlinetools.com/productivity/base64-encoder-decoder","Base64 Encoder Decoder","520","9/10","8/10","YES","YES","YES","YES","High (RFC/NIST Standard)","8/10","Low","LOW","MAINTAIN_AND_ENRICH","Complete client-side calculator with verified prerendered HTML"
"https://usonlinetools.com/productivity/love-calculator","Love Calculator","520","9/10","8/10","YES","YES","YES","YES","High (RFC/NIST Standard)","8/10","Low","LOW","MAINTAIN_AND_ENRICH","Complete client-side calculator with verified prerendered HTML"
"https://usonlinetools.com/education/online-gpa-calculator","GPA Calculator","520","9/10","8/10","YES","YES","YES","YES","High (RFC/NIST Standard)","8/10","Low","LOW","MAINTAIN_AND_ENRICH","Complete client-side calculator with verified prerendered HTML"
"https://usonlinetools.com/education/grade-calculator","Grade Calculator","520","9/10","8/10","YES","YES","YES","YES","High (RFC/NIST Standard)","8/10","Low","LOW","MAINTAIN_AND_ENRICH","Complete client-side calculator with verified prerendered HTML"
"https://usonlinetools.com/education/weighted-grade-calculator","Weighted Grade Calculator","520","9/10","8/10","YES","YES","YES","YES","High (RFC/NIST Standard)","8/10","Low","LOW","MAINTAIN_AND_ENRICH","Complete client-side calculator with verified prerendered HTML"
"https://usonlinetools.com/education/final-grade-calculator","Final Grade Calculator","520","9/10","8/10","YES","YES","YES","YES","High (RFC/NIST Standard)","8/10","Low","LOW","MAINTAIN_AND_ENRICH","Complete client-side calculator with verified prerendered HTML"
"https://usonlinetools.com/education/percentage-grade-calculator","Percentage Grade Calculator","520","9/10","8/10","YES","YES","YES","YES","High (RFC/NIST Standard)","8/10","Low","LOW","MAINTAIN_AND_ENRICH","Complete client-side calculator with verified prerendered HTML"
"https://usonlinetools.com/education/attendance-percentage-calculator","Attendance Percentage Calculator","520","9/10","8/10","YES","YES","YES","YES","High (RFC/NIST Standard)","8/10","Low","LOW","MAINTAIN_AND_ENRICH","Complete client-side calculator with verified prerendered HTML"
"https://usonlinetools.com/education/reading-speed-calculator","Reading Speed Calculator","520","9/10","8/10","YES","YES","YES","YES","High (RFC/NIST Standard)","8/10","Low","LOW","MAINTAIN_AND_ENRICH","Complete client-side calculator with verified prerendered HTML"
"https://usonlinetools.com/education/marks-percentage-calculator","Marks Percentage Calculator","520","9/10","8/10","YES","YES","YES","YES","High (RFC/NIST Standard)","8/10","Low","LOW","MAINTAIN_AND_ENRICH","Complete client-side calculator with verified prerendered HTML"
"https://usonlinetools.com/education/marks-to-gpa-converter","Marks to GPA Converter","520","9/10","8/10","YES","YES","YES","YES","High (RFC/NIST Standard)","8/10","Low","LOW","MAINTAIN_AND_ENRICH","Complete client-side calculator with verified prerendered HTML"
"https://usonlinetools.com/education/class-average-calculator","Class Average Calculator","520","9/10","8/10","YES","YES","YES","YES","High (RFC/NIST Standard)","8/10","Low","LOW","MAINTAIN_AND_ENRICH","Complete client-side calculator with verified prerendered HTML"
"https://usonlinetools.com/education/score-calculator","Score Calculator","520","9/10","8/10","YES","YES","YES","YES","High (RFC/NIST Standard)","8/10","Low","LOW","MAINTAIN_AND_ENRICH","Complete client-side calculator with verified prerendered HTML"
"https://usonlinetools.com/education/study-planner-calculator","Study Planner Calculator","520","9/10","8/10","YES","YES","YES","YES","High (RFC/NIST Standard)","8/10","Low","LOW","MAINTAIN_AND_ENRICH","Complete client-side calculator with verified prerendered HTML"
"https://usonlinetools.com/education/homework-time-calculator","Homework Time Calculator","520","9/10","8/10","YES","YES","YES","YES","High (RFC/NIST Standard)","8/10","Low","LOW","MAINTAIN_AND_ENRICH","Complete client-side calculator with verified prerendered HTML"
"https://usonlinetools.com/education/exam-countdown-timer","Exam Countdown Timer","520","9/10","8/10","YES","YES","YES","YES","High (RFC/NIST Standard)","8/10","Low","LOW","MAINTAIN_AND_ENRICH","Complete client-side calculator with verified prerendered HTML"
"https://usonlinetools.com/education/assignment-grade-calculator","Assignment Grade Calculator","520","9/10","8/10","YES","YES","YES","YES","High (RFC/NIST Standard)","8/10","Low","LOW","MAINTAIN_AND_ENRICH","Complete client-side calculator with verified prerendered HTML"
"https://usonlinetools.com/education/semester-planner-tool","Semester Planner Tool","520","9/10","8/10","YES","YES","YES","YES","High (RFC/NIST Standard)","8/10","Low","LOW","MAINTAIN_AND_ENRICH","Complete client-side calculator with verified prerendered HTML"
"https://usonlinetools.com/education/quiz-score-calculator","Quiz Score Calculator","520","9/10","8/10","YES","YES","YES","YES","High (RFC/NIST Standard)","8/10","Low","LOW","MAINTAIN_AND_ENRICH","Complete client-side calculator with verified prerendered HTML"
"https://usonlinetools.com/education/flashcard-timer-tool","Flashcard Timer Tool","520","9/10","8/10","YES","YES","YES","YES","High (RFC/NIST Standard)","8/10","Low","LOW","MAINTAIN_AND_ENRICH","Complete client-side calculator with verified prerendered HTML"
"https://usonlinetools.com/education/exam-score-predictor","Exam Score Predictor","520","9/10","8/10","YES","YES","YES","YES","High (RFC/NIST Standard)","8/10","Low","LOW","MAINTAIN_AND_ENRICH","Complete client-side calculator with verified prerendered HTML"
"https://usonlinetools.com/education/study-hours-tracker","Study Hours Tracker","520","9/10","8/10","YES","YES","YES","YES","High (RFC/NIST Standard)","8/10","Low","LOW","MAINTAIN_AND_ENRICH","Complete client-side calculator with verified prerendered HTML"
"https://usonlinetools.com/education/grade-improvement-calculator","Grade Improvement Calculator","520","9/10","8/10","YES","YES","YES","YES","High (RFC/NIST Standard)","8/10","Low","LOW","MAINTAIN_AND_ENRICH","Complete client-side calculator with verified prerendered HTML"
"https://usonlinetools.com/education/test-score-analyzer","Test Score Analyzer","520","9/10","8/10","YES","YES","YES","YES","High (RFC/NIST Standard)","8/10","Low","LOW","MAINTAIN_AND_ENRICH","Complete client-side calculator with verified prerendered HTML"
"https://usonlinetools.com/education/learning-time-calculator","Learning Time Calculator","520","9/10","8/10","YES","YES","YES","YES","High (RFC/NIST Standard)","8/10","Low","LOW","MAINTAIN_AND_ENRICH","Complete client-side calculator with verified prerendered HTML"
"https://usonlinetools.com/education/school-schedule-planner","School Schedule Planner","520","9/10","8/10","YES","YES","YES","YES","High (RFC/NIST Standard)","8/10","Low","LOW","MAINTAIN_AND_ENRICH","Complete client-side calculator with verified prerendered HTML"
"https://usonlinetools.com/education/revision-planner-tool","Revision Planner Tool","520","9/10","8/10","YES","YES","YES","YES","High (RFC/NIST Standard)","8/10","Low","LOW","MAINTAIN_AND_ENRICH","Complete client-side calculator with verified prerendered HTML"
"https://usonlinetools.com/education/cgpa-calculator","CGPA Calculator","520","9/10","8/10","YES","YES","YES","YES","High (RFC/NIST Standard)","8/10","Low","LOW","MAINTAIN_AND_ENRICH","Complete client-side calculator with verified prerendered HTML"
"https://usonlinetools.com/education/sat-score-calculator","SAT Score Calculator","520","9/10","8/10","YES","YES","YES","YES","High (RFC/NIST Standard)","8/10","Low","LOW","MAINTAIN_AND_ENRICH","Complete client-side calculator with verified prerendered HTML"
"https://usonlinetools.com/education/typing-speed-test","Typing Speed Test","520","9/10","8/10","YES","YES","YES","YES","High (RFC/NIST Standard)","8/10","Low","LOW","MAINTAIN_AND_ENRICH","Complete client-side calculator with verified prerendered HTML"
"https://usonlinetools.com/education/scholarship-calculator","Scholarship Calculator","520","9/10","8/10","YES","YES","YES","YES","High (RFC/NIST Standard)","8/10","Low","LOW","MAINTAIN_AND_ENRICH","Complete client-side calculator with verified prerendered HTML"
"https://usonlinetools.com/education/college-gpa-calculator","College GPA Calculator","520","9/10","8/10","YES","YES","YES","YES","High (RFC/NIST Standard)","8/10","Low","LOW","MAINTAIN_AND_ENRICH","Complete client-side calculator with verified prerendered HTML"
"https://usonlinetools.com/education/snow-day-calculator","Snow Day Calculator","520","9/10","8/10","YES","YES","YES","YES","High (RFC/NIST Standard)","8/10","Low","LOW","MAINTAIN_AND_ENRICH","Complete client-side calculator with verified prerendered HTML"
"https://usonlinetools.com/gaming/blox-fruits-calculator","Blox Fruits Calculator","520","9/10","8/10","YES","YES","YES","YES","High (RFC/NIST Standard)","8/10","Low","LOW","MAINTAIN_AND_ENRICH","Complete client-side calculator with verified prerendered HTML"
"https://usonlinetools.com/gaming/blox-fruits-trade-calculator","Blox Fruits Trade Calculator","520","9/10","8/10","YES","YES","YES","YES","High (RFC/NIST Standard)","8/10","Low","LOW","MAINTAIN_AND_ENRICH","Complete client-side calculator with verified prerendered HTML"
"https://usonlinetools.com/gaming/roblox-tax-calculator","Roblox Tax Calculator","520","9/10","8/10","YES","YES","YES","YES","High (RFC/NIST Standard)","8/10","Low","LOW","MAINTAIN_AND_ENRICH","Complete client-side calculator with verified prerendered HTML"
"https://usonlinetools.com/gaming/minecraft-circle-calculator","Minecraft Circle Calculator","520","9/10","8/10","YES","YES","YES","YES","High (RFC/NIST Standard)","8/10","Low","LOW","MAINTAIN_AND_ENRICH","Complete client-side calculator with verified prerendered HTML"
"https://usonlinetools.com/gaming/valorant-sensitivity-calculator","Valorant Sensitivity Calculator","520","9/10","8/10","YES","YES","YES","YES","High (RFC/NIST Standard)","8/10","Low","LOW","MAINTAIN_AND_ENRICH","Complete client-side calculator with verified prerendered HTML"
"https://usonlinetools.com/gaming/fortnite-dpi-calculator","Fortnite DPI Calculator","520","9/10","8/10","YES","YES","YES","YES","High (RFC/NIST Standard)","8/10","Low","LOW","MAINTAIN_AND_ENRICH","Complete client-side calculator with verified prerendered HTML"
"https://usonlinetools.com/gaming/xp-level-calculator","XP Level Calculator","520","9/10","8/10","YES","YES","YES","YES","High (RFC/NIST Standard)","8/10","Low","LOW","MAINTAIN_AND_ENRICH","Complete client-side calculator with verified prerendered HTML"
"https://usonlinetools.com/gaming/clash-of-clans-upgrade-calculator","Clash of Clans Upgrade Calculator","520","9/10","8/10","YES","YES","YES","YES","High (RFC/NIST Standard)","8/10","Low","LOW","MAINTAIN_AND_ENRICH","Complete client-side calculator with verified prerendered HTML"
"https://usonlinetools.com/gaming/damage-calculator","Damage Calculator","520","9/10","8/10","YES","YES","YES","YES","High (RFC/NIST Standard)","8/10","Low","LOW","MAINTAIN_AND_ENRICH","Complete client-side calculator with verified prerendered HTML"
"https://usonlinetools.com/gaming/game-currency-converter","Game Currency Converter","520","9/10","8/10","YES","YES","YES","YES","High (RFC/NIST Standard)","8/10","Low","LOW","MAINTAIN_AND_ENRICH","Complete client-side calculator with verified prerendered HTML"
"https://usonlinetools.com/gaming/genshin-impact-calculator","Genshin Impact Calculator","520","9/10","8/10","YES","YES","YES","YES","High (RFC/NIST Standard)","8/10","Low","LOW","MAINTAIN_AND_ENRICH","Complete client-side calculator with verified prerendered HTML"
"https://usonlinetools.com/gaming/cs2-sensitivity-calculator","CS2 Sensitivity Calculator","520","9/10","8/10","YES","YES","YES","YES","High (RFC/NIST Standard)","8/10","Low","LOW","MAINTAIN_AND_ENRICH","Complete client-side calculator with verified prerendered HTML"
"https://usonlinetools.com/gaming/pokemon-iv-calculator","Pokemon IV Calculator","520","9/10","8/10","YES","YES","YES","YES","High (RFC/NIST Standard)","8/10","Low","LOW","MAINTAIN_AND_ENRICH","Complete client-side calculator with verified prerendered HTML"
"https://usonlinetools.com/gaming/dnd-dice-roller","D&D Dice Roller","520","9/10","8/10","YES","YES","YES","YES","High (RFC/NIST Standard)","8/10","Low","LOW","MAINTAIN_AND_ENRICH","Complete client-side calculator with verified prerendered HTML"
"https://usonlinetools.com/gaming/gaming-fps-calculator","Gaming FPS Calculator","520","9/10","8/10","YES","YES","YES","YES","High (RFC/NIST Standard)","8/10","Low","LOW","MAINTAIN_AND_ENRICH","Complete client-side calculator with verified prerendered HTML"
"https://usonlinetools.com/gaming/esports-earnings-calculator","Esports Earnings Calculator","520","9/10","8/10","YES","YES","YES","YES","High (RFC/NIST Standard)","8/10","Low","LOW","MAINTAIN_AND_ENRICH","Complete client-side calculator with verified prerendered HTML"
"https://usonlinetools.com/image/online-image-resizer","Image Resizer","520","9/10","8/10","YES","YES","YES","YES","High (RFC/NIST Standard)","8/10","Low","LOW","MAINTAIN_AND_ENRICH","Complete client-side calculator with verified prerendered HTML"
"https://usonlinetools.com/image/online-image-compressor","Image Compressor","520","9/10","8/10","YES","YES","YES","YES","High (RFC/NIST Standard)","8/10","Low","LOW","MAINTAIN_AND_ENRICH","Complete client-side calculator with verified prerendered HTML"
"https://usonlinetools.com/image/online-image-cropper","Image Cropper","520","9/10","8/10","YES","YES","YES","YES","High (RFC/NIST Standard)","8/10","Low","LOW","MAINTAIN_AND_ENRICH","Complete client-side calculator with verified prerendered HTML"
"https://usonlinetools.com/image/online-image-format-converter","Image Format Converter","520","9/10","8/10","YES","YES","YES","YES","High (RFC/NIST Standard)","8/10","Low","LOW","MAINTAIN_AND_ENRICH","Complete client-side calculator with verified prerendered HTML"
"https://usonlinetools.com/image/online-image-to-base64","Image to Base64 Converter","520","9/10","8/10","YES","YES","YES","YES","High (RFC/NIST Standard)","8/10","Low","LOW","MAINTAIN_AND_ENRICH","Complete client-side calculator with verified prerendered HTML"
"https://usonlinetools.com/image/online-base64-to-image","Base64 to Image Converter","520","9/10","8/10","YES","YES","YES","YES","High (RFC/NIST Standard)","8/10","Low","LOW","MAINTAIN_AND_ENRICH","Complete client-side calculator with verified prerendered HTML"
"https://usonlinetools.com/image/online-image-rotate-flip","Image Rotate & Flip","520","9/10","8/10","YES","YES","YES","YES","High (RFC/NIST Standard)","8/10","Low","LOW","MAINTAIN_AND_ENRICH","Complete client-side calculator with verified prerendered HTML"
"https://usonlinetools.com/image/online-image-color-picker","Image Color Picker","520","9/10","8/10","YES","YES","YES","YES","High (RFC/NIST Standard)","8/10","Low","LOW","MAINTAIN_AND_ENRICH","Complete client-side calculator with verified prerendered HTML"
"https://usonlinetools.com/image/online-image-watermark-tool","Image Watermark Tool","520","9/10","8/10","YES","YES","YES","YES","High (RFC/NIST Standard)","8/10","Low","LOW","MAINTAIN_AND_ENRICH","Complete client-side calculator with verified prerendered HTML"
"https://usonlinetools.com/image/online-image-filter-editor","Image Filter Editor","520","9/10","8/10","YES","YES","YES","YES","High (RFC/NIST Standard)","8/10","Low","LOW","MAINTAIN_AND_ENRICH","Complete client-side calculator with verified prerendered HTML"
"https://usonlinetools.com/image/online-image-to-png","Image to PNG Converter","520","9/10","8/10","YES","YES","YES","YES","High (RFC/NIST Standard)","8/10","Low","LOW","MAINTAIN_AND_ENRICH","Complete client-side calculator with verified prerendered HTML"
"https://usonlinetools.com/image/online-image-to-jpg","Image to JPG Converter","520","9/10","8/10","YES","YES","YES","YES","High (RFC/NIST Standard)","8/10","Low","LOW","MAINTAIN_AND_ENRICH","Complete client-side calculator with verified prerendered HTML"
"https://usonlinetools.com/image/online-png-to-webp","PNG to WebP Converter","520","9/10","8/10","YES","YES","YES","YES","High (RFC/NIST Standard)","8/10","Low","LOW","MAINTAIN_AND_ENRICH","Complete client-side calculator with verified prerendered HTML"
"https://usonlinetools.com/image/online-svg-to-png","SVG to PNG Converter","520","9/10","8/10","YES","YES","YES","YES","High (RFC/NIST Standard)","8/10","Low","LOW","MAINTAIN_AND_ENRICH","Complete client-side calculator with verified prerendered HTML"
"https://usonlinetools.com/image/online-image-background-remover","Background Remover","520","9/10","8/10","YES","YES","YES","YES","High (RFC/NIST Standard)","8/10","Low","LOW","MAINTAIN_AND_ENRICH","Complete client-side calculator with verified prerendered HTML"
"https://usonlinetools.com/image/online-image-collage-maker","Image Collage Maker","520","9/10","8/10","YES","YES","YES","YES","High (RFC/NIST Standard)","8/10","Low","LOW","MAINTAIN_AND_ENRICH","Complete client-side calculator with verified prerendered HTML"
"https://usonlinetools.com/image/online-qr-code-generator","QR Code Generator","520","9/10","8/10","YES","YES","YES","YES","High (RFC/NIST Standard)","8/10","Low","LOW","MAINTAIN_AND_ENRICH","Complete client-side calculator with verified prerendered HTML"
"https://usonlinetools.com/image/online-meme-generator","Meme Generator","520","9/10","8/10","YES","YES","YES","YES","High (RFC/NIST Standard)","8/10","Low","LOW","MAINTAIN_AND_ENRICH","Complete client-side calculator with verified prerendered HTML"
"https://usonlinetools.com/image/online-favicon-generator","Favicon Generator","520","9/10","8/10","YES","YES","YES","YES","High (RFC/NIST Standard)","8/10","Low","LOW","MAINTAIN_AND_ENRICH","Complete client-side calculator with verified prerendered HTML"
"https://usonlinetools.com/image/online-image-pixel-counter","Image Pixel Counter","520","9/10","8/10","YES","YES","YES","YES","High (RFC/NIST Standard)","8/10","Low","LOW","MAINTAIN_AND_ENRICH","Complete client-side calculator with verified prerendered HTML"
"https://usonlinetools.com/pdf/online-pdf-merge","PDF Merge","520","9/10","8/10","YES","YES","YES","YES","High (RFC/NIST Standard)","8/10","Low","LOW","MAINTAIN_AND_ENRICH","Complete client-side calculator with verified prerendered HTML"
"https://usonlinetools.com/pdf/online-pdf-split","PDF Split","520","9/10","8/10","YES","YES","YES","YES","High (RFC/NIST Standard)","8/10","Low","LOW","MAINTAIN_AND_ENRICH","Complete client-side calculator with verified prerendered HTML"
"https://usonlinetools.com/pdf/online-pdf-compress","PDF Compressor","520","9/10","8/10","YES","YES","YES","YES","High (RFC/NIST Standard)","8/10","Low","LOW","MAINTAIN_AND_ENRICH","Complete client-side calculator with verified prerendered HTML"
"https://usonlinetools.com/pdf/online-image-to-pdf","Image to PDF Converter","520","9/10","8/10","YES","YES","YES","YES","High (RFC/NIST Standard)","8/10","Low","LOW","MAINTAIN_AND_ENRICH","Complete client-side calculator with verified prerendered HTML"
"https://usonlinetools.com/pdf/online-pdf-to-image","PDF to Image Converter","520","9/10","8/10","YES","YES","YES","YES","High (RFC/NIST Standard)","8/10","Low","LOW","MAINTAIN_AND_ENRICH","Complete client-side calculator with verified prerendered HTML"
"https://usonlinetools.com/pdf/online-pdf-rotate","PDF Page Rotator","520","9/10","8/10","YES","YES","YES","YES","High (RFC/NIST Standard)","8/10","Low","LOW","MAINTAIN_AND_ENRICH","Complete client-side calculator with verified prerendered HTML"
"https://usonlinetools.com/pdf/online-pdf-page-remover","PDF Page Remover","520","9/10","8/10","YES","YES","YES","YES","High (RFC/NIST Standard)","8/10","Low","LOW","MAINTAIN_AND_ENRICH","Complete client-side calculator with verified prerendered HTML"
"https://usonlinetools.com/pdf/online-pdf-page-reorder","PDF Page Reorder","520","9/10","8/10","YES","YES","YES","YES","High (RFC/NIST Standard)","8/10","Low","LOW","MAINTAIN_AND_ENRICH","Complete client-side calculator with verified prerendered HTML"
"https://usonlinetools.com/pdf/online-pdf-watermark","PDF Watermark Tool","520","9/10","8/10","YES","YES","YES","YES","High (RFC/NIST Standard)","8/10","Low","LOW","MAINTAIN_AND_ENRICH","Complete client-side calculator with verified prerendered HTML"
"https://usonlinetools.com/pdf/online-pdf-password-protect","PDF Password Protector","520","9/10","8/10","YES","YES","YES","YES","High (RFC/NIST Standard)","8/10","Low","LOW","MAINTAIN_AND_ENRICH","Complete client-side calculator with verified prerendered HTML"
"https://usonlinetools.com/pdf/online-pdf-unlock","PDF Unlock Tool","520","9/10","8/10","YES","YES","YES","YES","High (RFC/NIST Standard)","8/10","Low","LOW","MAINTAIN_AND_ENRICH","Complete client-side calculator with verified prerendered HTML"
"https://usonlinetools.com/pdf/online-pdf-to-text","PDF to Text Extractor","520","9/10","8/10","YES","YES","YES","YES","High (RFC/NIST Standard)","8/10","Low","LOW","MAINTAIN_AND_ENRICH","Complete client-side calculator with verified prerendered HTML"
"https://usonlinetools.com/pdf/online-pdf-page-number","PDF Page Number Adder","520","9/10","8/10","YES","YES","YES","YES","High (RFC/NIST Standard)","8/10","Low","LOW","MAINTAIN_AND_ENRICH","Complete client-side calculator with verified prerendered HTML"
"https://usonlinetools.com/pdf/online-pdf-header-footer","PDF Header & Footer","520","9/10","8/10","YES","YES","YES","YES","High (RFC/NIST Standard)","8/10","Low","LOW","MAINTAIN_AND_ENRICH","Complete client-side calculator with verified prerendered HTML"
"https://usonlinetools.com/pdf/online-jpg-to-pdf","JPG to PDF Converter","520","9/10","8/10","YES","YES","YES","YES","High (RFC/NIST Standard)","8/10","Low","LOW","MAINTAIN_AND_ENRICH","Complete client-side calculator with verified prerendered HTML"
"https://usonlinetools.com/pdf/online-pdf-sign","PDF Signature Tool","520","9/10","8/10","YES","YES","YES","YES","High (RFC/NIST Standard)","8/10","Low","LOW","MAINTAIN_AND_ENRICH","Complete client-side calculator with verified prerendered HTML"
"https://usonlinetools.com/developer/online-json-formatter","JSON Formatter & Beautifier","520","9/10","8/10","YES","YES","YES","YES","High (RFC/NIST Standard)","8/10","Low","LOW","MAINTAIN_AND_ENRICH","Complete client-side calculator with verified prerendered HTML"
"https://usonlinetools.com/developer/online-json-validator","JSON Validator","520","9/10","8/10","YES","YES","YES","YES","High (RFC/NIST Standard)","8/10","Low","LOW","MAINTAIN_AND_ENRICH","Complete client-side calculator with verified prerendered HTML"
"https://usonlinetools.com/developer/online-json-to-csv","JSON to CSV Converter","520","9/10","8/10","YES","YES","YES","YES","High (RFC/NIST Standard)","8/10","Low","LOW","MAINTAIN_AND_ENRICH","Complete client-side calculator with verified prerendered HTML"
"https://usonlinetools.com/developer/csv-to-json-converter","CSV to JSON Converter","520","9/10","8/10","YES","YES","YES","YES","High (RFC/NIST Standard)","8/10","Low","LOW","MAINTAIN_AND_ENRICH","Complete client-side calculator with verified prerendered HTML"
"https://usonlinetools.com/developer/json-minifier","JSON Minifier","520","9/10","8/10","YES","YES","YES","YES","High (RFC/NIST Standard)","8/10","Low","LOW","MAINTAIN_AND_ENRICH","Complete client-side calculator with verified prerendered HTML"
"https://usonlinetools.com/developer/online-html-formatter","HTML Formatter & Beautifier","520","9/10","8/10","YES","YES","YES","YES","High (RFC/NIST Standard)","8/10","Low","LOW","MAINTAIN_AND_ENRICH","Complete client-side calculator with verified prerendered HTML"
"https://usonlinetools.com/developer/online-html-minifier","HTML Minifier","520","9/10","8/10","YES","YES","YES","YES","High (RFC/NIST Standard)","8/10","Low","LOW","MAINTAIN_AND_ENRICH","Complete client-side calculator with verified prerendered HTML"
"https://usonlinetools.com/developer/online-css-minifier","CSS Minifier","520","9/10","8/10","YES","YES","YES","YES","High (RFC/NIST Standard)","8/10","Low","LOW","MAINTAIN_AND_ENRICH","Complete client-side calculator with verified prerendered HTML"
"https://usonlinetools.com/developer/online-css-formatter","CSS Formatter & Beautifier","520","9/10","8/10","YES","YES","YES","YES","High (RFC/NIST Standard)","8/10","Low","LOW","MAINTAIN_AND_ENRICH","Complete client-side calculator with verified prerendered HTML"
"https://usonlinetools.com/developer/online-javascript-minifier","JavaScript Minifier","520","9/10","8/10","YES","YES","YES","YES","High (RFC/NIST Standard)","8/10","Low","LOW","MAINTAIN_AND_ENRICH","Complete client-side calculator with verified prerendered HTML"
"https://usonlinetools.com/developer/online-javascript-formatter","JavaScript Formatter","520","9/10","8/10","YES","YES","YES","YES","High (RFC/NIST Standard)","8/10","Low","LOW","MAINTAIN_AND_ENRICH","Complete client-side calculator with verified prerendered HTML"
"https://usonlinetools.com/developer/online-regex-tester","Regex Tester","520","9/10","8/10","YES","YES","YES","YES","High (RFC/NIST Standard)","8/10","Low","LOW","MAINTAIN_AND_ENRICH","Complete client-side calculator with verified prerendered HTML"
"https://usonlinetools.com/developer/url-encoder-decoder","URL Encoder & Decoder","520","9/10","8/10","YES","YES","YES","YES","High (RFC/NIST Standard)","8/10","Low","LOW","MAINTAIN_AND_ENRICH","Complete client-side calculator with verified prerendered HTML"
"https://usonlinetools.com/developer/html-entity-encoder","HTML Entity Encoder & Decoder","520","9/10","8/10","YES","YES","YES","YES","High (RFC/NIST Standard)","8/10","Low","LOW","MAINTAIN_AND_ENRICH","Complete client-side calculator with verified prerendered HTML"
"https://usonlinetools.com/developer/online-jwt-decoder","JWT Decoder","520","9/10","8/10","YES","YES","YES","YES","High (RFC/NIST Standard)","8/10","Low","LOW","MAINTAIN_AND_ENRICH","Complete client-side calculator with verified prerendered HTML"
"https://usonlinetools.com/developer/xml-formatter","XML Formatter & Beautifier","520","9/10","8/10","YES","YES","YES","YES","High (RFC/NIST Standard)","8/10","Low","LOW","MAINTAIN_AND_ENRICH","Complete client-side calculator with verified prerendered HTML"
"https://usonlinetools.com/developer/online-sql-formatter","SQL Formatter","520","9/10","8/10","YES","YES","YES","YES","High (RFC/NIST Standard)","8/10","Low","LOW","MAINTAIN_AND_ENRICH","Complete client-side calculator with verified prerendered HTML"
"https://usonlinetools.com/developer/online-markdown-previewer","Markdown Previewer","520","9/10","8/10","YES","YES","YES","YES","High (RFC/NIST Standard)","8/10","Low","LOW","MAINTAIN_AND_ENRICH","Complete client-side calculator with verified prerendered HTML"
"https://usonlinetools.com/developer/text-diff-checker","Text Diff Checker","520","9/10","8/10","YES","YES","YES","YES","High (RFC/NIST Standard)","8/10","Low","LOW","MAINTAIN_AND_ENRICH","Complete client-side calculator with verified prerendered HTML"
"https://usonlinetools.com/developer/url-slug-generator","URL Slug Generator","520","9/10","8/10","YES","YES","YES","YES","High (RFC/NIST Standard)","8/10","Low","LOW","MAINTAIN_AND_ENRICH","Complete client-side calculator with verified prerendered HTML"
"https://usonlinetools.com/developer/cron-expression-generator","Cron Expression Generator","520","9/10","8/10","YES","YES","YES","YES","High (RFC/NIST Standard)","8/10","Low","LOW","MAINTAIN_AND_ENRICH","Complete client-side calculator with verified prerendered HTML"
"https://usonlinetools.com/developer/online-unix-timestamp-converter","Online Unix Timestamp Converter","520","9/10","8/10","YES","YES","YES","YES","High (RFC/NIST Standard)","8/10","Low","LOW","MAINTAIN_AND_ENRICH","Complete client-side calculator with verified prerendered HTML"
"https://usonlinetools.com/developer/online-uuid-generator","Online UUID Generator","520","9/10","8/10","YES","YES","YES","YES","High (RFC/NIST Standard)","8/10","Low","LOW","MAINTAIN_AND_ENRICH","Complete client-side calculator with verified prerendered HTML"
"https://usonlinetools.com/developer/online-lorem-ipsum-generator","Online Lorem Ipsum Generator","520","9/10","8/10","YES","YES","YES","YES","High (RFC/NIST Standard)","8/10","Low","LOW","MAINTAIN_AND_ENRICH","Complete client-side calculator with verified prerendered HTML"
"https://usonlinetools.com/developer/color-code-converter","Color Code Converter","520","9/10","8/10","YES","YES","YES","YES","High (RFC/NIST Standard)","8/10","Low","LOW","MAINTAIN_AND_ENRICH","Complete client-side calculator with verified prerendered HTML"
"https://usonlinetools.com/developer/online-hash-generator","Hash Generator (MD5, SHA)","520","9/10","8/10","YES","YES","YES","YES","High (RFC/NIST Standard)","8/10","Low","LOW","MAINTAIN_AND_ENRICH","Complete client-side calculator with verified prerendered HTML"
"https://usonlinetools.com/developer/html-to-markdown","HTML to Markdown Converter","520","9/10","8/10","YES","YES","YES","YES","High (RFC/NIST Standard)","8/10","Low","LOW","MAINTAIN_AND_ENRICH","Complete client-side calculator with verified prerendered HTML"
"https://usonlinetools.com/developer/markdown-to-html","Markdown to HTML Converter","520","9/10","8/10","YES","YES","YES","YES","High (RFC/NIST Standard)","8/10","Low","LOW","MAINTAIN_AND_ENRICH","Complete client-side calculator with verified prerendered HTML"
"https://usonlinetools.com/developer/json-to-xml","JSON to XML Converter","520","9/10","8/10","YES","YES","YES","YES","High (RFC/NIST Standard)","8/10","Low","LOW","MAINTAIN_AND_ENRICH","Complete client-side calculator with verified prerendered HTML"
"https://usonlinetools.com/developer/yaml-to-json","YAML to JSON Converter","520","9/10","8/10","YES","YES","YES","YES","High (RFC/NIST Standard)","8/10","Low","LOW","MAINTAIN_AND_ENRICH","Complete client-side calculator with verified prerendered HTML"
"https://usonlinetools.com/developer/string-escape-unescape","String Escape & Unescape","520","9/10","8/10","YES","YES","YES","YES","High (RFC/NIST Standard)","8/10","Low","LOW","MAINTAIN_AND_ENRICH","Complete client-side calculator with verified prerendered HTML"
"https://usonlinetools.com/developer/online-json-path-tester","JSONPath Tester","520","9/10","8/10","YES","YES","YES","YES","High (RFC/NIST Standard)","8/10","Low","LOW","MAINTAIN_AND_ENRICH","Complete client-side calculator with verified prerendered HTML"
"https://usonlinetools.com/developer/text-to-binary-converter","Text to Binary Converter","520","9/10","8/10","YES","YES","YES","YES","High (RFC/NIST Standard)","8/10","Low","LOW","MAINTAIN_AND_ENRICH","Complete client-side calculator with verified prerendered HTML"
"https://usonlinetools.com/css-design/css-gradient-generator","CSS Gradient Generator","520","9/10","8/10","YES","YES","YES","YES","High (RFC/NIST Standard)","8/10","Low","LOW","MAINTAIN_AND_ENRICH","Complete client-side calculator with verified prerendered HTML"
"https://usonlinetools.com/css-design/css-box-shadow-generator","CSS Box Shadow Generator","520","9/10","8/10","YES","YES","YES","YES","High (RFC/NIST Standard)","8/10","Low","LOW","MAINTAIN_AND_ENRICH","Complete client-side calculator with verified prerendered HTML"
"https://usonlinetools.com/css-design/css-text-shadow-generator","CSS Text Shadow Generator","520","9/10","8/10","YES","YES","YES","YES","High (RFC/NIST Standard)","8/10","Low","LOW","MAINTAIN_AND_ENRICH","Complete client-side calculator with verified prerendered HTML"
"https://usonlinetools.com/css-design/css-border-radius-generator","CSS Border Radius Generator","520","9/10","8/10","YES","YES","YES","YES","High (RFC/NIST Standard)","8/10","Low","LOW","MAINTAIN_AND_ENRICH","Complete client-side calculator with verified prerendered HTML"
"https://usonlinetools.com/css-design/css-flexbox-generator","CSS Flexbox Generator","520","9/10","8/10","YES","YES","YES","YES","High (RFC/NIST Standard)","8/10","Low","LOW","MAINTAIN_AND_ENRICH","Complete client-side calculator with verified prerendered HTML"
"https://usonlinetools.com/css-design/css-grid-generator","CSS Grid Generator","520","9/10","8/10","YES","YES","YES","YES","High (RFC/NIST Standard)","8/10","Low","LOW","MAINTAIN_AND_ENRICH","Complete client-side calculator with verified prerendered HTML"
"https://usonlinetools.com/css-design/css-animation-generator","CSS Animation Generator","520","9/10","8/10","YES","YES","YES","YES","High (RFC/NIST Standard)","8/10","Low","LOW","MAINTAIN_AND_ENRICH","Complete client-side calculator with verified prerendered HTML"
"https://usonlinetools.com/css-design/css-clip-path-generator","CSS Clip-Path Generator","520","9/10","8/10","YES","YES","YES","YES","High (RFC/NIST Standard)","8/10","Low","LOW","MAINTAIN_AND_ENRICH","Complete client-side calculator with verified prerendered HTML"
"https://usonlinetools.com/css-design/css-filter-generator","CSS Filter Generator","520","9/10","8/10","YES","YES","YES","YES","High (RFC/NIST Standard)","8/10","Low","LOW","MAINTAIN_AND_ENRICH","Complete client-side calculator with verified prerendered HTML"
"https://usonlinetools.com/css-design/color-palette-generator","Color Palette Generator","520","9/10","8/10","YES","YES","YES","YES","High (RFC/NIST Standard)","8/10","Low","LOW","MAINTAIN_AND_ENRICH","Complete client-side calculator with verified prerendered HTML"
"https://usonlinetools.com/css-design/color-contrast-checker","Color Contrast Checker","520","9/10","8/10","YES","YES","YES","YES","High (RFC/NIST Standard)","8/10","Low","LOW","MAINTAIN_AND_ENRICH","Complete client-side calculator with verified prerendered HTML"
"https://usonlinetools.com/css-design/color-picker-tool","Color Picker","520","9/10","8/10","YES","YES","YES","YES","High (RFC/NIST Standard)","8/10","Low","LOW","MAINTAIN_AND_ENRICH","Complete client-side calculator with verified prerendered HTML"
"https://usonlinetools.com/css-design/hex-to-rgb-converter","HEX to RGB Converter","520","9/10","8/10","YES","YES","YES","YES","High (RFC/NIST Standard)","8/10","Low","LOW","MAINTAIN_AND_ENRICH","Complete client-side calculator with verified prerendered HTML"
"https://usonlinetools.com/css-design/rgb-to-hex-converter","RGB to HEX Converter","520","9/10","8/10","YES","YES","YES","YES","High (RFC/NIST Standard)","8/10","Low","LOW","MAINTAIN_AND_ENRICH","Complete client-side calculator with verified prerendered HTML"
"https://usonlinetools.com/css-design/tailwind-color-generator","Tailwind CSS Color Generator","520","9/10","8/10","YES","YES","YES","YES","High (RFC/NIST Standard)","8/10","Low","LOW","MAINTAIN_AND_ENRICH","Complete client-side calculator with verified prerendered HTML"
"https://usonlinetools.com/css-design/glassmorphism-generator","Glassmorphism Generator","520","9/10","8/10","YES","YES","YES","YES","High (RFC/NIST Standard)","8/10","Low","LOW","MAINTAIN_AND_ENRICH","Complete client-side calculator with verified prerendered HTML"
"https://usonlinetools.com/css-design/neumorphism-generator","Neumorphism Generator","520","9/10","8/10","YES","YES","YES","YES","High (RFC/NIST Standard)","8/10","Low","LOW","MAINTAIN_AND_ENRICH","Complete client-side calculator with verified prerendered HTML"
"https://usonlinetools.com/css-design/css-triangle-generator","CSS Triangle Generator","520","9/10","8/10","YES","YES","YES","YES","High (RFC/NIST Standard)","8/10","Low","LOW","MAINTAIN_AND_ENRICH","Complete client-side calculator with verified prerendered HTML"
"https://usonlinetools.com/seo/meta-tag-generator","Meta Tag Generator","520","9/10","8/10","YES","YES","YES","YES","High (RFC/NIST Standard)","8/10","Low","LOW","MAINTAIN_AND_ENRICH","Complete client-side calculator with verified prerendered HTML"
"https://usonlinetools.com/seo/open-graph-generator","Open Graph Tag Generator","520","9/10","8/10","YES","YES","YES","YES","High (RFC/NIST Standard)","8/10","Low","LOW","MAINTAIN_AND_ENRICH","Complete client-side calculator with verified prerendered HTML"
"https://usonlinetools.com/seo/twitter-card-generator","Twitter Card Generator","520","9/10","8/10","YES","YES","YES","YES","High (RFC/NIST Standard)","8/10","Low","LOW","MAINTAIN_AND_ENRICH","Complete client-side calculator with verified prerendered HTML"
"https://usonlinetools.com/seo/online-robots-txt-generator","Robots.txt Generator","520","9/10","8/10","YES","YES","YES","YES","High (RFC/NIST Standard)","8/10","Low","LOW","MAINTAIN_AND_ENRICH","Complete client-side calculator with verified prerendered HTML"
"https://usonlinetools.com/seo/online-sitemap-generator","XML Sitemap Generator","520","9/10","8/10","YES","YES","YES","YES","High (RFC/NIST Standard)","8/10","Low","LOW","MAINTAIN_AND_ENRICH","Complete client-side calculator with verified prerendered HTML"
"https://usonlinetools.com/seo/online-keyword-density-checker","Keyword Density Checker","520","9/10","8/10","YES","YES","YES","YES","High (RFC/NIST Standard)","8/10","Low","LOW","MAINTAIN_AND_ENRICH","Complete client-side calculator with verified prerendered HTML"
"https://usonlinetools.com/seo/serp-preview-tool","Google SERP Preview","520","9/10","8/10","YES","YES","YES","YES","High (RFC/NIST Standard)","8/10","Low","LOW","MAINTAIN_AND_ENRICH","Complete client-side calculator with verified prerendered HTML"
"https://usonlinetools.com/seo/schema-markup-generator","Schema Markup Generator","520","9/10","8/10","YES","YES","YES","YES","High (RFC/NIST Standard)","8/10","Low","LOW","MAINTAIN_AND_ENRICH","Complete client-side calculator with verified prerendered HTML"
"https://usonlinetools.com/seo/canonical-tag-generator","Canonical Tag Generator","520","9/10","8/10","YES","YES","YES","YES","High (RFC/NIST Standard)","8/10","Low","LOW","MAINTAIN_AND_ENRICH","Complete client-side calculator with verified prerendered HTML"
"https://usonlinetools.com/seo/htaccess-redirect-generator",".htaccess Redirect Generator","520","9/10","8/10","YES","YES","YES","YES","High (RFC/NIST Standard)","8/10","Low","LOW","MAINTAIN_AND_ENRICH","Complete client-side calculator with verified prerendered HTML"
"https://usonlinetools.com/seo/online-readability-checker","Readability Score Checker","520","9/10","8/10","YES","YES","YES","YES","High (RFC/NIST Standard)","8/10","Low","LOW","MAINTAIN_AND_ENRICH","Complete client-side calculator with verified prerendered HTML"
"https://usonlinetools.com/seo/online-heading-tag-checker","HTML Heading Tag Checker","520","9/10","8/10","YES","YES","YES","YES","High (RFC/NIST Standard)","8/10","Low","LOW","MAINTAIN_AND_ENRICH","Complete client-side calculator with verified prerendered HTML"
"https://usonlinetools.com/seo/favicon-checker","Favicon Code Generator","520","9/10","8/10","YES","YES","YES","YES","High (RFC/NIST Standard)","8/10","Low","LOW","MAINTAIN_AND_ENRICH","Complete client-side calculator with verified prerendered HTML"
"https://usonlinetools.com/security/online-password-generator","Password Generator","520","9/10","8/10","YES","YES","YES","YES","High (RFC/NIST Standard)","8/10","Low","LOW","MAINTAIN_AND_ENRICH","Complete client-side calculator with verified prerendered HTML"
"https://usonlinetools.com/security/password-strength-checker","Password Strength Checker","520","9/10","8/10","YES","YES","YES","YES","High (RFC/NIST Standard)","8/10","Low","LOW","MAINTAIN_AND_ENRICH","Complete client-side calculator with verified prerendered HTML"
"https://usonlinetools.com/security/md5-hash-generator","MD5 Hash Generator","520","9/10","8/10","YES","YES","YES","YES","High (RFC/NIST Standard)","8/10","Low","LOW","MAINTAIN_AND_ENRICH","Complete client-side calculator with verified prerendered HTML"
"https://usonlinetools.com/security/sha256-hash-generator","SHA-256 Hash Generator","520","9/10","8/10","YES","YES","YES","YES","High (RFC/NIST Standard)","8/10","Low","LOW","MAINTAIN_AND_ENRICH","Complete client-side calculator with verified prerendered HTML"
"https://usonlinetools.com/security/sha1-hash-generator","SHA-1 Hash Generator","520","9/10","8/10","YES","YES","YES","YES","High (RFC/NIST Standard)","8/10","Low","LOW","MAINTAIN_AND_ENRICH","Complete client-side calculator with verified prerendered HTML"
"https://usonlinetools.com/security/sha512-hash-generator","SHA-512 Hash Generator","520","9/10","8/10","YES","YES","YES","YES","High (RFC/NIST Standard)","8/10","Low","LOW","MAINTAIN_AND_ENRICH","Complete client-side calculator with verified prerendered HTML"
"https://usonlinetools.com/security/online-bcrypt-hash-generator","Bcrypt Hash Generator","520","9/10","8/10","YES","YES","YES","YES","High (RFC/NIST Standard)","8/10","Low","LOW","MAINTAIN_AND_ENRICH","Complete client-side calculator with verified prerendered HTML"
"https://usonlinetools.com/security/online-aes-encrypt-decrypt","AES Encrypt & Decrypt","520","9/10","8/10","YES","YES","YES","YES","High (RFC/NIST Standard)","8/10","Low","LOW","MAINTAIN_AND_ENRICH","Complete client-side calculator with verified prerendered HTML"
"https://usonlinetools.com/security/rsa-key-generator","RSA Key Pair Generator","520","9/10","8/10","YES","YES","YES","YES","High (RFC/NIST Standard)","8/10","Low","LOW","MAINTAIN_AND_ENRICH","Complete client-side calculator with verified prerendered HTML"
"https://usonlinetools.com/security/hmac-generator","HMAC Generator","520","9/10","8/10","YES","YES","YES","YES","High (RFC/NIST Standard)","8/10","Low","LOW","MAINTAIN_AND_ENRICH","Complete client-side calculator with verified prerendered HTML"
"https://usonlinetools.com/security/random-string-generator","Random String Generator","520","9/10","8/10","YES","YES","YES","YES","High (RFC/NIST Standard)","8/10","Low","LOW","MAINTAIN_AND_ENRICH","Complete client-side calculator with verified prerendered HTML"
"https://usonlinetools.com/security/encryption-decoder","Caesar Cipher Tool","520","9/10","8/10","YES","YES","YES","YES","High (RFC/NIST Standard)","8/10","Low","LOW","MAINTAIN_AND_ENRICH","Complete client-side calculator with verified prerendered HTML"
"https://usonlinetools.com/security/binary-to-text","Binary to Text Converter","520","9/10","8/10","YES","YES","YES","YES","High (RFC/NIST Standard)","8/10","Low","LOW","MAINTAIN_AND_ENRICH","Complete client-side calculator with verified prerendered HTML"
"https://usonlinetools.com/security/hex-to-text","Hex to Text Converter","520","9/10","8/10","YES","YES","YES","YES","High (RFC/NIST Standard)","8/10","Low","LOW","MAINTAIN_AND_ENRICH","Complete client-side calculator with verified prerendered HTML"
"https://usonlinetools.com/security/online-morse-code-translator","Morse Code Translator","520","9/10","8/10","YES","YES","YES","YES","High (RFC/NIST Standard)","8/10","Low","LOW","MAINTAIN_AND_ENRICH","Complete client-side calculator with verified prerendered HTML"
"https://usonlinetools.com/social-media/twitter-character-counter","Twitter/X Character Counter","520","9/10","8/10","YES","YES","YES","YES","High (RFC/NIST Standard)","8/10","Low","LOW","MAINTAIN_AND_ENRICH","Complete client-side calculator with verified prerendered HTML"
"https://usonlinetools.com/social-media/online-instagram-caption-counter","Instagram Caption Counter","520","9/10","8/10","YES","YES","YES","YES","High (RFC/NIST Standard)","8/10","Low","LOW","MAINTAIN_AND_ENRICH","Complete client-side calculator with verified prerendered HTML"
"https://usonlinetools.com/social-media/online-social-media-image-resizer","Social Media Image Resizer","520","9/10","8/10","YES","YES","YES","YES","High (RFC/NIST Standard)","8/10","Low","LOW","MAINTAIN_AND_ENRICH","Complete client-side calculator with verified prerendered HTML"
"https://usonlinetools.com/social-media/youtube-thumbnail-checker","YouTube Thumbnail Checker","520","9/10","8/10","YES","YES","YES","YES","High (RFC/NIST Standard)","8/10","Low","LOW","MAINTAIN_AND_ENRICH","Complete client-side calculator with verified prerendered HTML"
"https://usonlinetools.com/social-media/emoji-picker-and-copier","Emoji Picker & Copier","520","9/10","8/10","YES","YES","YES","YES","High (RFC/NIST Standard)","8/10","Low","LOW","MAINTAIN_AND_ENRICH","Complete client-side calculator with verified prerendered HTML"
"https://usonlinetools.com/social-media/text-to-emoji-converter","Text to Emoji Converter","520","9/10","8/10","YES","YES","YES","YES","High (RFC/NIST Standard)","8/10","Low","LOW","MAINTAIN_AND_ENRICH","Complete client-side calculator with verified prerendered HTML"
"https://usonlinetools.com/social-media/online-linkedin-post-formatter","LinkedIn Post Formatter","520","9/10","8/10","YES","YES","YES","YES","High (RFC/NIST Standard)","8/10","Low","LOW","MAINTAIN_AND_ENRICH","Complete client-side calculator with verified prerendered HTML"
"https://usonlinetools.com/social-media/social-media-bio-generator","Social Media Bio Generator","520","9/10","8/10","YES","YES","YES","YES","High (RFC/NIST Standard)","8/10","Low","LOW","MAINTAIN_AND_ENRICH","Complete client-side calculator with verified prerendered HTML"
"https://usonlinetools.com/social-media/unicode-text-converter","Unicode Text Converter","520","9/10","8/10","YES","YES","YES","YES","High (RFC/NIST Standard)","8/10","Low","LOW","MAINTAIN_AND_ENRICH","Complete client-side calculator with verified prerendered HTML"
"https://usonlinetools.com/social-media/tiktok-character-counter","TikTok Caption Counter","520","9/10","8/10","YES","YES","YES","YES","High (RFC/NIST Standard)","8/10","Low","LOW","MAINTAIN_AND_ENRICH","Complete client-side calculator with verified prerendered HTML"
"https://usonlinetools.com/social-media/online-social-post-scheduler-planner","Social Post Planner","520","9/10","8/10","YES","YES","YES","YES","High (RFC/NIST Standard)","8/10","Low","LOW","MAINTAIN_AND_ENRICH","Complete client-side calculator with verified prerendered HTML"
