"url","tool_name","category","language","country_target","primary_exact_keyword","short_tail_1","short_tail_2","mid_tail_1","mid_tail_2","mid_tail_3","long_tail_1","long_tail_2","long_tail_3","long_tail_4","long_tail_5","question_1","question_2","question_3","semantic_topics","entities","search_intent","us_volume","global_volume","keyword_difficulty","cpc","traffic_potential","trend","volume_source","difficulty_source","historic_gsc_impressions","historic_gsc_position","current_gsc_impressions","current_gsc_position","serp_weakness_score","intent_fit_score","feature_gap_score","tier1_value_score","overall_opportunity_score","priority","notes"
"https://usonlinetools.com/math/online-percentage-calculator","Percentage Calculator","math","en","US","percentage calculator","percentage calculator","percentage online","online percentage calculator","free percentage calculator","best percentage calculator","percentage calculator with steps and formula","percentage calculator for accurate results","percentage calculator metric and imperial","how to calculate percentage","calculate percentage easily","How does the percentage calculator work?","What formula is used in percentage calculator?","Can I copy or export results from this percentage calculator?","Percentage Calculator; formula; step-by-step; instant calculation; unit options; accuracy; worked example","Percentage Calculator; Browser APIs; Web Application; W3C; NIST; SI Units","Utility / Calculator","DATA NOT AVAILABLE","DATA NOT AVAILABLE","DATA NOT AVAILABLE","DATA NOT AVAILABLE","DATA NOT AVAILABLE","Stable","Semrush/KeywordPlanner (Pending API connection)","Semrush/Ahrefs (Pending API connection)","150","28.4","180","24.2","16","18","12","8","75","P1","High-intent utility page in math cluster"
"https://usonlinetools.com/math/fraction-to-decimal-calculator","Fraction to Decimal Calculator","math","en","US","fraction to decimal calculator","fraction to decimal calculator","fraction to decimal online","online fraction to decimal calculator","free fraction to decimal calculator","best fraction to decimal calculator","fraction to decimal calculator with steps and formula","fraction to decimal calculator for accurate results","fraction to decimal calculator metric and imperial","how to calculate fraction to decimal","calculate fraction to decimal easily","How does the fraction to decimal calculator work?","What formula is used in fraction to decimal calculator?","Can I copy or export results from this fraction to decimal calculator?","Fraction to Decimal Calculator; formula; step-by-step; instant calculation; unit options; accuracy; worked example","Fraction to Decimal Calculator; Browser APIs; Web Application; W3C; NIST; SI Units","Utility / Calculator","DATA NOT AVAILABLE","DATA NOT AVAILABLE","DATA NOT AVAILABLE","DATA NOT AVAILABLE","DATA NOT AVAILABLE","Stable","Semrush/KeywordPlanner (Pending API connection)","Semrush/Ahrefs (Pending API connection)","150","28.4","180","24.2","16","18","12","8","75","P1","High-intent utility page in math cluster"
"https://usonlinetools.com/math/decimal-to-fraction-calculator","Decimal to Fraction Calculator","math","en","US","decimal to fraction calculator","decimal to fraction calculator","decimal to fraction online","online decimal to fraction calculator","free decimal to fraction calculator","best decimal to fraction calculator","decimal to fraction calculator with steps and formula","decimal to fraction calculator for accurate results","decimal to fraction calculator metric and imperial","how to calculate decimal to fraction","calculate decimal to fraction easily","How does the decimal to fraction calculator work?","What formula is used in decimal to fraction calculator?","Can I copy or export results from this decimal to fraction calculator?","Decimal to Fraction Calculator; formula; step-by-step; instant calculation; unit options; accuracy; worked example","Decimal to Fraction Calculator; Browser APIs; Web Application; W3C; NIST; SI Units","Utility / Calculator","DATA NOT AVAILABLE","DATA NOT AVAILABLE","DATA NOT AVAILABLE","DATA NOT AVAILABLE","DATA NOT AVAILABLE","Stable","Semrush/KeywordPlanner (Pending API connection)","Semrush/Ahrefs (Pending API connection)","150","28.4","180","24.2","16","18","12","8","75","P1","High-intent utility page in math cluster"
"https://usonlinetools.com/math/ratio-calculator","Ratio Calculator","math","en","US","ratio calculator","ratio calculator","ratio online","online ratio calculator","free ratio calculator","best ratio calculator","ratio calculator with steps and formula","ratio calculator for accurate results","ratio calculator metric and imperial","how to calculate ratio","calculate ratio easily","How does the ratio calculator work?","What formula is used in ratio calculator?","Can I copy or export results from this ratio calculator?","Ratio Calculator; formula; step-by-step; instant calculation; unit options; accuracy; worked example","Ratio Calculator; Browser APIs; Web Application; W3C; NIST; SI Units","Utility / Calculator","DATA NOT AVAILABLE","DATA NOT AVAILABLE","DATA NOT AVAILABLE","DATA NOT AVAILABLE","DATA NOT AVAILABLE","Stable","Semrush/KeywordPlanner (Pending API connection)","Semrush/Ahrefs (Pending API connection)","150","28.4","180","24.2","16","18","12","8","75","P1","High-intent utility page in math cluster"
"https://usonlinetools.com/math/average-calculator","Average Calculator","math","en","US","average calculator","average calculator","average online","online average calculator","free average calculator","best average calculator","average calculator with steps and formula","average calculator for accurate results","average calculator metric and imperial","how to calculate average","calculate average easily","How does the average calculator work?","What formula is used in average calculator?","Can I copy or export results from this average calculator?","Average Calculator; formula; step-by-step; instant calculation; unit options; accuracy; worked example","Average Calculator; Browser APIs; Web Application; W3C; NIST; SI Units","Utility / Calculator","DATA NOT AVAILABLE","DATA NOT AVAILABLE","DATA NOT AVAILABLE","DATA NOT AVAILABLE","DATA NOT AVAILABLE","Stable","Semrush/KeywordPlanner (Pending API connection)","Semrush/Ahrefs (Pending API connection)","150","28.4","180","24.2","16","18","12","8","75","P1","High-intent utility page in math cluster"
"https://usonlinetools.com/math/online-scientific-calculator","Scientific Calculator","math","en","US","scientific calculator","scientific calculator","scientific online","online scientific calculator","free scientific calculator","best scientific calculator","scientific calculator with steps and formula","scientific calculator for accurate results","scientific calculator metric and imperial","how to calculate scientific","calculate scientific easily","How does the scientific calculator work?","What formula is used in scientific calculator?","Can I copy or export results from this scientific calculator?","Scientific Calculator; formula; step-by-step; instant calculation; unit options; accuracy; worked example","Scientific Calculator; Browser APIs; Web Application; W3C; NIST; SI Units","Utility / Calculator","DATA NOT AVAILABLE","DATA NOT AVAILABLE","DATA NOT AVAILABLE","DATA NOT AVAILABLE","DATA NOT AVAILABLE","Stable","Semrush/KeywordPlanner (Pending API connection)","Semrush/Ahrefs (Pending API connection)","150","28.4","180","24.2","16","18","12","8","75","P1","High-intent utility page in math cluster"
"https://usonlinetools.com/math/online-standard-deviation-calculator","Standard Deviation Calculator","math","en","US","standard deviation calculator","standard deviation calculator","standard deviation online","online standard deviation calculator","free standard deviation calculator","best standard deviation calculator","standard deviation calculator with steps and formula","standard deviation calculator for accurate results","standard deviation calculator metric and imperial","how to calculate standard deviation","calculate standard deviation easily","How does the standard deviation calculator work?","What formula is used in standard deviation calculator?","Can I copy or export results from this standard deviation calculator?","Standard Deviation Calculator; formula; step-by-step; instant calculation; unit options; accuracy; worked example","Standard Deviation Calculator; Browser APIs; Web Application; W3C; NIST; SI Units","Utility / Calculator","DATA NOT AVAILABLE","DATA NOT AVAILABLE","DATA NOT AVAILABLE","DATA NOT AVAILABLE","DATA NOT AVAILABLE","Stable","Semrush/KeywordPlanner (Pending API connection)","Semrush/Ahrefs (Pending API connection)","150","28.4","180","24.2","16","18","12","8","75","P1","High-intent utility page in math cluster"
"https://usonlinetools.com/math/square-root-calculator","Square Root Calculator","math","en","US","square root calculator","square root calculator","square root online","online square root calculator","free square root calculator","best square root calculator","square root calculator with steps and formula","square root calculator for accurate results","square root calculator metric and imperial","how to calculate square root","calculate square root easily","How does the square root calculator work?","What formula is used in square root calculator?","Can I copy or export results from this square root calculator?","Square Root Calculator; formula; step-by-step; instant calculation; unit options; accuracy; worked example","Square Root Calculator; Browser APIs; Web Application; W3C; NIST; SI Units","Utility / Calculator","DATA NOT AVAILABLE","DATA NOT AVAILABLE","DATA NOT AVAILABLE","DATA NOT AVAILABLE","DATA NOT AVAILABLE","Stable","Semrush/KeywordPlanner (Pending API connection)","Semrush/Ahrefs (Pending API connection)","150","28.4","180","24.2","16","18","12","8","75","P1","High-intent utility page in math cluster"
"https://usonlinetools.com/math/cube-root-calculator","Cube Root Calculator","math","en","US","cube root calculator","cube root calculator","cube root online","online cube root calculator","free cube root calculator","best cube root calculator","cube root calculator with steps and formula","cube root calculator for accurate results","cube root calculator metric and imperial","how to calculate cube root","calculate cube root easily","How does the cube root calculator work?","What formula is used in cube root calculator?","Can I copy or export results from this cube root calculator?","Cube Root Calculator; formula; step-by-step; instant calculation; unit options; accuracy; worked example","Cube Root Calculator; Browser APIs; Web Application; W3C; NIST; SI Units","Utility / Calculator","DATA NOT AVAILABLE","DATA NOT AVAILABLE","DATA NOT AVAILABLE","DATA NOT AVAILABLE","DATA NOT AVAILABLE","Stable","Semrush/KeywordPlanner (Pending API connection)","Semrush/Ahrefs (Pending API connection)","150","28.4","180","24.2","16","18","12","8","75","P1","High-intent utility page in math cluster"
"https://usonlinetools.com/math/power-calculator","Power Calculator","math","en","US","power calculator","power calculator","power online","online power calculator","free power calculator","best power calculator","power calculator with steps and formula","power calculator for accurate results","power calculator metric and imperial","how to calculate power","calculate power easily","How does the power calculator work?","What formula is used in power calculator?","Can I copy or export results from this power calculator?","Power Calculator; formula; step-by-step; instant calculation; unit options; accuracy; worked example","Power Calculator; Browser APIs; Web Application; W3C; NIST; SI Units","Utility / Calculator","DATA NOT AVAILABLE","DATA NOT AVAILABLE","DATA NOT AVAILABLE","DATA NOT AVAILABLE","DATA NOT AVAILABLE","Stable","Semrush/KeywordPlanner (Pending API connection)","Semrush/Ahrefs (Pending API connection)","150","28.4","180","24.2","16","18","12","8","75","P1","High-intent utility page in math cluster"
"https://usonlinetools.com/math/logarithm-calculator","Logarithm Calculator","math","en","US","logarithm calculator","logarithm calculator","logarithm online","online logarithm calculator","free logarithm calculator","best logarithm calculator","logarithm calculator with steps and formula","logarithm calculator for accurate results","logarithm calculator metric and imperial","how to calculate logarithm","calculate logarithm easily","How does the logarithm calculator work?","What formula is used in logarithm calculator?","Can I copy or export results from this logarithm calculator?","Logarithm Calculator; formula; step-by-step; instant calculation; unit options; accuracy; worked example","Logarithm Calculator; Browser APIs; Web Application; W3C; NIST; SI Units","Utility / Calculator","DATA NOT AVAILABLE","DATA NOT AVAILABLE","DATA NOT AVAILABLE","DATA NOT AVAILABLE","DATA NOT AVAILABLE","Stable","Semrush/KeywordPlanner (Pending API connection)","Semrush/Ahrefs (Pending API connection)","150","28.4","180","24.2","16","18","12","8","75","P1","High-intent utility page in math cluster"
"https://usonlinetools.com/math/factorial-calculator","Factorial Calculator","math","en","US","factorial calculator","factorial calculator","factorial online","online factorial calculator","free factorial calculator","best factorial calculator","factorial calculator with steps and formula","factorial calculator for accurate results","factorial calculator metric and imperial","how to calculate factorial","calculate factorial easily","How does the factorial calculator work?","What formula is used in factorial calculator?","Can I copy or export results from this factorial calculator?","Factorial Calculator; formula; step-by-step; instant calculation; unit options; accuracy; worked example","Factorial Calculator; Browser APIs; Web Application; W3C; NIST; SI Units","Utility / Calculator","DATA NOT AVAILABLE","DATA NOT AVAILABLE","DATA NOT AVAILABLE","DATA NOT AVAILABLE","DATA NOT AVAILABLE","Stable","Semrush/KeywordPlanner (Pending API connection)","Semrush/Ahrefs (Pending API connection)","150","28.4","180","24.2","16","18","12","8","75","P1","High-intent utility page in math cluster"
"https://usonlinetools.com/math/prime-number-checker","Prime Number Checker","math","en","US","prime number checker","prime number checker calculator","prime number checker online","online prime number checker","free prime number checker","best prime number checker","prime number checker with steps and formula","prime number checker for accurate results","prime number checker metric and imperial","how to calculate prime number checker","calculate prime number checker easily","How does the prime number checker work?","What formula is used in prime number checker?","Can I copy or export results from this prime number checker?","Prime Number Checker; formula; step-by-step; instant calculation; unit options; accuracy; worked example","Prime Number Checker; Browser APIs; Web Application; W3C; NIST; SI Units","Utility / Calculator","DATA NOT AVAILABLE","DATA NOT AVAILABLE","DATA NOT AVAILABLE","DATA NOT AVAILABLE","DATA NOT AVAILABLE","Stable","Semrush/KeywordPlanner (Pending API connection)","Semrush/Ahrefs (Pending API connection)","150","28.4","180","24.2","16","18","12","8","75","P1","High-intent utility page in math cluster"
"https://usonlinetools.com/math/online-lcm-calculator","LCM Calculator","math","en","US","lcm calculator","lcm calculator","lcm online","online lcm calculator","free lcm calculator","best lcm calculator","lcm calculator with steps and formula","lcm calculator for accurate results","lcm calculator metric and imperial","how to calculate lcm","calculate lcm easily","How does the lcm calculator work?","What formula is used in lcm calculator?","Can I copy or export results from this lcm calculator?","LCM Calculator; formula; step-by-step; instant calculation; unit options; accuracy; worked example","LCM Calculator; Browser APIs; Web Application; W3C; NIST; SI Units","Utility / Calculator","DATA NOT AVAILABLE","DATA NOT AVAILABLE","DATA NOT AVAILABLE","DATA NOT AVAILABLE","DATA NOT AVAILABLE","Stable","Semrush/KeywordPlanner (Pending API connection)","Semrush/Ahrefs (Pending API connection)","150","28.4","180","24.2","16","18","12","8","75","P1","High-intent utility page in math cluster"
"https://usonlinetools.com/math/online-gcd-calculator","GCD Calculator","math","en","US","gcd calculator","gcd calculator","gcd online","online gcd calculator","free gcd calculator","best gcd calculator","gcd calculator with steps and formula","gcd calculator for accurate results","gcd calculator metric and imperial","how to calculate gcd","calculate gcd easily","How does the gcd calculator work?","What formula is used in gcd calculator?","Can I copy or export results from this gcd calculator?","GCD Calculator; formula; step-by-step; instant calculation; unit options; accuracy; worked example","GCD Calculator; Browser APIs; Web Application; W3C; NIST; SI Units","Utility / Calculator","DATA NOT AVAILABLE","DATA NOT AVAILABLE","DATA NOT AVAILABLE","DATA NOT AVAILABLE","DATA NOT AVAILABLE","Stable","Semrush/KeywordPlanner (Pending API connection)","Semrush/Ahrefs (Pending API connection)","150","28.4","180","24.2","16","18","12","8","75","P1","High-intent utility page in math cluster"
"https://usonlinetools.com/math/random-number-generator","Random Number Generator","math","en","US","random number generator","random number calculator","random number online","online random number generator","free random number generator","best random number generator","random number generator with steps and formula","random number generator for accurate results","random number generator metric and imperial","how to calculate random number generator","calculate random number generator easily","How does the random number generator work?","What formula is used in random number generator?","Can I copy or export results from this random number generator?","Random Number Generator; formula; step-by-step; instant calculation; unit options; accuracy; worked example","Random Number Generator; Browser APIs; Web Application; W3C; NIST; SI Units","Utility / Calculator","DATA NOT AVAILABLE","DATA NOT AVAILABLE","DATA NOT AVAILABLE","DATA NOT AVAILABLE","DATA NOT AVAILABLE","Stable","Semrush/KeywordPlanner (Pending API connection)","Semrush/Ahrefs (Pending API connection)","150","28.4","180","24.2","16","18","12","8","75","P1","High-intent utility page in math cluster"
"https://usonlinetools.com/math/mean-median-mode-calculator","Mean Median Mode Calculator","math","en","US","mean median mode calculator","mean median mode calculator","mean median mode online","online mean median mode calculator","free mean median mode calculator","best mean median mode calculator","mean median mode calculator with steps and formula","mean median mode calculator for accurate results","mean median mode calculator metric and imperial","how to calculate mean median mode","calculate mean median mode easily","How does the mean median mode calculator work?","What formula is used in mean median mode calculator?","Can I copy or export results from this mean median mode calculator?","Mean Median Mode Calculator; formula; step-by-step; instant calculation; unit options; accuracy; worked example","Mean Median Mode Calculator; Browser APIs; Web Application; W3C; NIST; SI Units","Utility / Calculator","DATA NOT AVAILABLE","DATA NOT AVAILABLE","DATA NOT AVAILABLE","DATA NOT AVAILABLE","DATA NOT AVAILABLE","Stable","Semrush/KeywordPlanner (Pending API connection)","Semrush/Ahrefs (Pending API connection)","150","28.4","180","24.2","16","18","12","8","75","P1","High-intent utility page in math cluster"
"https://usonlinetools.com/math/rounding-numbers-calculator","Rounding Numbers Calculator","math","en","US","rounding numbers calculator","rounding numbers calculator","rounding numbers online","online rounding numbers calculator","free rounding numbers calculator","best rounding numbers calculator","rounding numbers calculator with steps and formula","rounding numbers calculator for accurate results","rounding numbers calculator metric and imperial","how to calculate rounding numbers","calculate rounding numbers easily","How does the rounding numbers calculator work?","What formula is used in rounding numbers calculator?","Can I copy or export results from this rounding numbers calculator?","Rounding Numbers Calculator; formula; step-by-step; instant calculation; unit options; accuracy; worked example","Rounding Numbers Calculator; Browser APIs; Web Application; W3C; NIST; SI Units","Utility / Calculator","DATA NOT AVAILABLE","DATA NOT AVAILABLE","DATA NOT AVAILABLE","DATA NOT AVAILABLE","DATA NOT AVAILABLE","Stable","Semrush/KeywordPlanner (Pending API connection)","Semrush/Ahrefs (Pending API connection)","150","28.4","180","24.2","16","18","12","8","75","P1","High-intent utility page in math cluster"
"https://usonlinetools.com/math/exponents-calculator","Exponents Calculator","math","en","US","exponents calculator","exponents calculator","exponents online","online exponents calculator","free exponents calculator","best exponents calculator","exponents calculator with steps and formula","exponents calculator for accurate results","exponents calculator metric and imperial","how to calculate exponents","calculate exponents easily","How does the exponents calculator work?","What formula is used in exponents calculator?","Can I copy or export results from this exponents calculator?","Exponents Calculator; formula; step-by-step; instant calculation; unit options; accuracy; worked example","Exponents Calculator; Browser APIs; Web Application; W3C; NIST; SI Units","Utility / Calculator","DATA NOT AVAILABLE","DATA NOT AVAILABLE","DATA NOT AVAILABLE","DATA NOT AVAILABLE","DATA NOT AVAILABLE","Stable","Semrush/KeywordPlanner (Pending API connection)","Semrush/Ahrefs (Pending API connection)","150","28.4","180","24.2","16","18","12","8","75","P1","High-intent utility page in math cluster"
"https://usonlinetools.com/math/variance-calculator","Variance Calculator","math","en","US","variance calculator","variance calculator","variance online","online variance calculator","free variance calculator","best variance calculator","variance calculator with steps and formula","variance calculator for accurate results","variance calculator metric and imperial","how to calculate variance","calculate variance easily","How does the variance calculator work?","What formula is used in variance calculator?","Can I copy or export results from this variance calculator?","Variance Calculator; formula; step-by-step; instant calculation; unit options; accuracy; worked example","Variance Calculator; Browser APIs; Web Application; W3C; NIST; SI Units","Utility / Calculator","DATA NOT AVAILABLE","DATA NOT AVAILABLE","DATA NOT AVAILABLE","DATA NOT AVAILABLE","DATA NOT AVAILABLE","Stable","Semrush/KeywordPlanner (Pending API connection)","Semrush/Ahrefs (Pending API connection)","150","28.4","180","24.2","16","18","12","8","75","P1","High-intent utility page in math cluster"
"https://usonlinetools.com/math/number-sequence-generator","Number Sequence Generator","math","en","US","number sequence generator","number sequence calculator","number sequence online","online number sequence generator","free number sequence generator","best number sequence generator","number sequence generator with steps and formula","number sequence generator for accurate results","number sequence generator metric and imperial","how to calculate number sequence generator","calculate number sequence generator easily","How does the number sequence generator work?","What formula is used in number sequence generator?","Can I copy or export results from this number sequence generator?","Number Sequence Generator; formula; step-by-step; instant calculation; unit options; accuracy; worked example","Number Sequence Generator; Browser APIs; Web Application; W3C; NIST; SI Units","Utility / Calculator","DATA NOT AVAILABLE","DATA NOT AVAILABLE","DATA NOT AVAILABLE","DATA NOT AVAILABLE","DATA NOT AVAILABLE","Stable","Semrush/KeywordPlanner (Pending API connection)","Semrush/Ahrefs (Pending API connection)","150","28.4","180","24.2","16","18","12","8","75","P1","High-intent utility page in math cluster"
"https://usonlinetools.com/math/divisibility-checker","Divisibility Checker","math","en","US","divisibility checker","divisibility checker calculator","divisibility checker online","online divisibility checker","free divisibility checker","best divisibility checker","divisibility checker with steps and formula","divisibility checker for accurate results","divisibility checker metric and imperial","how to calculate divisibility checker","calculate divisibility checker easily","How does the divisibility checker work?","What formula is used in divisibility checker?","Can I copy or export results from this divisibility checker?","Divisibility Checker; formula; step-by-step; instant calculation; unit options; accuracy; worked example","Divisibility Checker; Browser APIs; Web Application; W3C; NIST; SI Units","Utility / Calculator","DATA NOT AVAILABLE","DATA NOT AVAILABLE","DATA NOT AVAILABLE","DATA NOT AVAILABLE","DATA NOT AVAILABLE","Stable","Semrush/KeywordPlanner (Pending API connection)","Semrush/Ahrefs (Pending API connection)","150","28.4","180","24.2","16","18","12","8","75","P1","High-intent utility page in math cluster"
"https://usonlinetools.com/math/online-matrix-calculator","Matrix Calculator","math","en","US","matrix calculator","matrix calculator","matrix online","online matrix calculator","free matrix calculator","best matrix calculator","matrix calculator with steps and formula","matrix calculator for accurate results","matrix calculator metric and imperial","how to calculate matrix","calculate matrix easily","How does the matrix calculator work?","What formula is used in matrix calculator?","Can I copy or export results from this matrix calculator?","Matrix Calculator; formula; step-by-step; instant calculation; unit options; accuracy; worked example","Matrix Calculator; Browser APIs; Web Application; W3C; NIST; SI Units","Utility / Calculator","DATA NOT AVAILABLE","DATA NOT AVAILABLE","DATA NOT AVAILABLE","DATA NOT AVAILABLE","DATA NOT AVAILABLE","Stable","Semrush/KeywordPlanner (Pending API connection)","Semrush/Ahrefs (Pending API connection)","150","28.4","180","24.2","16","18","12","8","75","P1","High-intent utility page in math cluster"
"https://usonlinetools.com/math/online-quadratic-equation-solver","Quadratic Equation Solver","math","en","US","quadratic equation solver","quadratic equation solver calculator","quadratic equation solver online","online quadratic equation solver","free quadratic equation solver","best quadratic equation solver","quadratic equation solver with steps and formula","quadratic equation solver for accurate results","quadratic equation solver metric and imperial","how to calculate quadratic equation solver","calculate quadratic equation solver easily","How does the quadratic equation solver work?","What formula is used in quadratic equation solver?","Can I copy or export results from this quadratic equation solver?","Quadratic Equation Solver; formula; step-by-step; instant calculation; unit options; accuracy; worked example","Quadratic Equation Solver; Browser APIs; Web Application; W3C; NIST; SI Units","Utility / Calculator","DATA NOT AVAILABLE","DATA NOT AVAILABLE","DATA NOT AVAILABLE","DATA NOT AVAILABLE","DATA NOT AVAILABLE","Stable","Semrush/KeywordPlanner (Pending API connection)","Semrush/Ahrefs (Pending API connection)","150","28.4","180","24.2","16","18","12","8","75","P1","High-intent utility page in math cluster"
"https://usonlinetools.com/math/permutation-calculator","Permutation Calculator","math","en","US","permutation calculator","permutation calculator","permutation online","online permutation calculator","free permutation calculator","best permutation calculator","permutation calculator with steps and formula","permutation calculator for accurate results","permutation calculator metric and imperial","how to calculate permutation","calculate permutation easily","How does the permutation calculator work?","What formula is used in permutation calculator?","Can I copy or export results from this permutation calculator?","Permutation Calculator; formula; step-by-step; instant calculation; unit options; accuracy; worked example","Permutation Calculator; Browser APIs; Web Application; W3C; NIST; SI Units","Utility / Calculator","DATA NOT AVAILABLE","DATA NOT AVAILABLE","DATA NOT AVAILABLE","DATA NOT AVAILABLE","DATA NOT AVAILABLE","Stable","Semrush/KeywordPlanner (Pending API connection)","Semrush/Ahrefs (Pending API connection)","150","28.4","180","24.2","16","18","12","8","75","P1","High-intent utility page in math cluster"
"https://usonlinetools.com/math/combination-calculator","Combination Calculator","math","en","US","combination calculator","combination calculator","combination online","online combination calculator","free combination calculator","best combination calculator","combination calculator with steps and formula","combination calculator for accurate results","combination calculator metric and imperial","how to calculate combination","calculate combination easily","How does the combination calculator work?","What formula is used in combination calculator?","Can I copy or export results from this combination calculator?","Combination Calculator; formula; step-by-step; instant calculation; unit options; accuracy; worked example","Combination Calculator; Browser APIs; Web Application; W3C; NIST; SI Units","Utility / Calculator","DATA NOT AVAILABLE","DATA NOT AVAILABLE","DATA NOT AVAILABLE","DATA NOT AVAILABLE","DATA NOT AVAILABLE","Stable","Semrush/KeywordPlanner (Pending API connection)","Semrush/Ahrefs (Pending API connection)","150","28.4","180","24.2","16","18","12","8","75","P1","High-intent utility page in math cluster"
"https://usonlinetools.com/math/modulo-calculator","Modulo Calculator","math","en","US","modulo calculator","modulo calculator","modulo online","online modulo calculator","free modulo calculator","best modulo calculator","modulo calculator with steps and formula","modulo calculator for accurate results","modulo calculator metric and imperial","how to calculate modulo","calculate modulo easily","How does the modulo calculator work?","What formula is used in modulo calculator?","Can I copy or export results from this modulo calculator?","Modulo Calculator; formula; step-by-step; instant calculation; unit options; accuracy; worked example","Modulo Calculator; Browser APIs; Web Application; W3C; NIST; SI Units","Utility / Calculator","DATA NOT AVAILABLE","DATA NOT AVAILABLE","DATA NOT AVAILABLE","DATA NOT AVAILABLE","DATA NOT AVAILABLE","Stable","Semrush/KeywordPlanner (Pending API connection)","Semrush/Ahrefs (Pending API connection)","150","28.4","180","24.2","16","18","12","8","75","P1","High-intent utility page in math cluster"
"https://usonlinetools.com/math/proportion-calculator","Proportion Calculator","math","en","US","proportion calculator","proportion calculator","proportion online","online proportion calculator","free proportion calculator","best proportion calculator","proportion calculator with steps and formula","proportion calculator for accurate results","proportion calculator metric and imperial","how to calculate proportion","calculate proportion easily","How does the proportion calculator work?","What formula is used in proportion calculator?","Can I copy or export results from this proportion calculator?","Proportion Calculator; formula; step-by-step; instant calculation; unit options; accuracy; worked example","Proportion Calculator; Browser APIs; Web Application; W3C; NIST; SI Units","Utility / Calculator","DATA NOT AVAILABLE","DATA NOT AVAILABLE","DATA NOT AVAILABLE","DATA NOT AVAILABLE","DATA NOT AVAILABLE","Stable","Semrush/KeywordPlanner (Pending API connection)","Semrush/Ahrefs (Pending API connection)","150","28.4","180","24.2","16","18","12","8","75","P1","High-intent utility page in math cluster"
"https://usonlinetools.com/math/percentage-error-calculator","Percentage Error Calculator","math","en","US","percentage error calculator","percentage error calculator","percentage error online","online percentage error calculator","free percentage error calculator","best percentage error calculator","percentage error calculator with steps and formula","percentage error calculator for accurate results","percentage error calculator metric and imperial","how to calculate percentage error","calculate percentage error easily","How does the percentage error calculator work?","What formula is used in percentage error calculator?","Can I copy or export results from this percentage error calculator?","Percentage Error Calculator; formula; step-by-step; instant calculation; unit options; accuracy; worked example","Percentage Error Calculator; Browser APIs; Web Application; W3C; NIST; SI Units","Utility / Calculator","DATA NOT AVAILABLE","DATA NOT AVAILABLE","DATA NOT AVAILABLE","DATA NOT AVAILABLE","DATA NOT AVAILABLE","Stable","Semrush/KeywordPlanner (Pending API connection)","Semrush/Ahrefs (Pending API connection)","150","28.4","180","24.2","16","18","12","8","75","P1","High-intent utility page in math cluster"
"https://usonlinetools.com/math/fraction-calculator","Fraction Calculator","math","en","US","fraction calculator","fraction calculator","fraction online","online fraction calculator","free fraction calculator","best fraction calculator","fraction calculator with steps and formula","fraction calculator for accurate results","fraction calculator metric and imperial","how to calculate fraction","calculate fraction easily","How does the fraction calculator work?","What formula is used in fraction calculator?","Can I copy or export results from this fraction calculator?","Fraction Calculator; formula; step-by-step; instant calculation; unit options; accuracy; worked example","Fraction Calculator; Browser APIs; Web Application; W3C; NIST; SI Units","Utility / Calculator","DATA NOT AVAILABLE","DATA NOT AVAILABLE","DATA NOT AVAILABLE","DATA NOT AVAILABLE","DATA NOT AVAILABLE","Stable","Semrush/KeywordPlanner (Pending API connection)","Semrush/Ahrefs (Pending API connection)","150","28.4","180","24.2","16","18","12","8","75","P1","High-intent utility page in math cluster"
"https://usonlinetools.com/finance/online-simple-interest-calculator","Simple Interest Calculator","finance","en","US","simple interest calculator","simple interest calculator","simple interest online","online simple interest calculator","free simple interest calculator","best simple interest calculator","simple interest calculator with steps and formula","simple interest calculator for accurate results","simple interest calculator metric and imperial","how to calculate simple interest","calculate simple interest easily","How does the simple interest calculator work?","What formula is used in simple interest calculator?","Can I copy or export results from this simple interest calculator?","Simple Interest Calculator; formula; step-by-step; instant calculation; unit options; accuracy; worked example","Simple Interest Calculator; Browser APIs; Web Application; W3C; NIST; SI Units","Utility / Calculator","DATA NOT AVAILABLE","DATA NOT AVAILABLE","DATA NOT AVAILABLE","DATA NOT AVAILABLE","DATA NOT AVAILABLE","Stable","Semrush/KeywordPlanner (Pending API connection)","Semrush/Ahrefs (Pending API connection)","150","28.4","180","24.2","16","18","12","8","75","P1","High-intent utility page in finance cluster"
"https://usonlinetools.com/finance/online-compound-interest-calculator","Compound Interest Calculator","finance","en","US","compound interest calculator","compound interest calculator","compound interest online","online compound interest calculator","free compound interest calculator","best compound interest calculator","compound interest calculator with steps and formula","compound interest calculator for accurate results","compound interest calculator metric and imperial","how to calculate compound interest","calculate compound interest easily","How does the compound interest calculator work?","What formula is used in compound interest calculator?","Can I copy or export results from this compound interest calculator?","Compound Interest Calculator; formula; step-by-step; instant calculation; unit options; accuracy; worked example","Compound Interest Calculator; Browser APIs; Web Application; W3C; NIST; SI Units","Utility / Calculator","DATA NOT AVAILABLE","DATA NOT AVAILABLE","DATA NOT AVAILABLE","DATA NOT AVAILABLE","DATA NOT AVAILABLE","Stable","Semrush/KeywordPlanner (Pending API connection)","Semrush/Ahrefs (Pending API connection)","150","28.4","180","24.2","16","18","12","8","75","P1","High-intent utility page in finance cluster"
"https://usonlinetools.com/finance/online-loan-emi-calculator","Loan EMI Calculator","finance","en","US","loan emi calculator","loan emi calculator","loan emi online","online loan emi calculator","free loan emi calculator","best loan emi calculator","loan emi calculator with steps and formula","loan emi calculator for accurate results","loan emi calculator metric and imperial","how to calculate loan emi","calculate loan emi easily","How does the loan emi calculator work?","What formula is used in loan emi calculator?","Can I copy or export results from this loan emi calculator?","Loan EMI Calculator; formula; step-by-step; instant calculation; unit options; accuracy; worked example","Loan EMI Calculator; Browser APIs; Web Application; W3C; NIST; SI Units","Utility / Calculator","DATA NOT AVAILABLE","DATA NOT AVAILABLE","DATA NOT AVAILABLE","DATA NOT AVAILABLE","DATA NOT AVAILABLE","Stable","Semrush/KeywordPlanner (Pending API connection)","Semrush/Ahrefs (Pending API connection)","150","28.4","180","24.2","16","18","12","8","75","P1","High-intent utility page in finance cluster"
"https://usonlinetools.com/finance/discount-calculator","Discount Calculator","finance","en","US","discount calculator","discount calculator","discount online","online discount calculator","free discount calculator","best discount calculator","discount calculator with steps and formula","discount calculator for accurate results","discount calculator metric and imperial","how to calculate discount","calculate discount easily","How does the discount calculator work?","What formula is used in discount calculator?","Can I copy or export results from this discount calculator?","Discount Calculator; formula; step-by-step; instant calculation; unit options; accuracy; worked example","Discount Calculator; Browser APIs; Web Application; W3C; NIST; SI Units","Utility / Calculator","DATA NOT AVAILABLE","DATA NOT AVAILABLE","DATA NOT AVAILABLE","DATA NOT AVAILABLE","DATA NOT AVAILABLE","Stable","Semrush/KeywordPlanner (Pending API connection)","Semrush/Ahrefs (Pending API connection)","150","28.4","180","24.2","16","18","12","8","75","P1","High-intent utility page in finance cluster"
"https://usonlinetools.com/finance/profit-margin-calculator","Profit Margin Calculator","finance","en","US","profit margin calculator","profit margin calculator","profit margin online","online profit margin calculator","free profit margin calculator","best profit margin calculator","profit margin calculator with steps and formula","profit margin calculator for accurate results","profit margin calculator metric and imperial","how to calculate profit margin","calculate profit margin easily","How does the profit margin calculator work?","What formula is used in profit margin calculator?","Can I copy or export results from this profit margin calculator?","Profit Margin Calculator; formula; step-by-step; instant calculation; unit options; accuracy; worked example","Profit Margin Calculator; Browser APIs; Web Application; W3C; NIST; SI Units","Utility / Calculator","DATA NOT AVAILABLE","DATA NOT AVAILABLE","DATA NOT AVAILABLE","DATA NOT AVAILABLE","DATA NOT AVAILABLE","Stable","Semrush/KeywordPlanner (Pending API connection)","Semrush/Ahrefs (Pending API connection)","150","28.4","180","24.2","16","18","12","8","75","P1","High-intent utility page in finance cluster"
"https://usonlinetools.com/finance/markup-calculator","Markup Calculator","finance","en","US","markup calculator","markup calculator","markup online","online markup calculator","free markup calculator","best markup calculator","markup calculator with steps and formula","markup calculator for accurate results","markup calculator metric and imperial","how to calculate markup","calculate markup easily","How does the markup calculator work?","What formula is used in markup calculator?","Can I copy or export results from this markup calculator?","Markup Calculator; formula; step-by-step; instant calculation; unit options; accuracy; worked example","Markup Calculator; Browser APIs; Web Application; W3C; NIST; SI Units","Utility / Calculator","DATA NOT AVAILABLE","DATA NOT AVAILABLE","DATA NOT AVAILABLE","DATA NOT AVAILABLE","DATA NOT AVAILABLE","Stable","Semrush/KeywordPlanner (Pending API connection)","Semrush/Ahrefs (Pending API connection)","150","28.4","180","24.2","16","18","12","8","75","P1","High-intent utility page in finance cluster"
"https://usonlinetools.com/finance/break-even-calculator","Break Even Calculator","finance","en","US","break even calculator","break even calculator","break even online","online break even calculator","free break even calculator","best break even calculator","break even calculator with steps and formula","break even calculator for accurate results","break even calculator metric and imperial","how to calculate break even","calculate break even easily","How does the break even calculator work?","What formula is used in break even calculator?","Can I copy or export results from this break even calculator?","Break Even Calculator; formula; step-by-step; instant calculation; unit options; accuracy; worked example","Break Even Calculator; Browser APIs; Web Application; W3C; NIST; SI Units","Utility / Calculator","DATA NOT AVAILABLE","DATA NOT AVAILABLE","DATA NOT AVAILABLE","DATA NOT AVAILABLE","DATA NOT AVAILABLE","Stable","Semrush/KeywordPlanner (Pending API connection)","Semrush/Ahrefs (Pending API connection)","150","28.4","180","24.2","16","18","12","8","75","P1","High-intent utility page in finance cluster"
"https://usonlinetools.com/finance/online-roi-calculator","ROI Calculator","finance","en","US","roi calculator","roi calculator","roi online","online roi calculator","free roi calculator","best roi calculator","roi calculator with steps and formula","roi calculator for accurate results","roi calculator metric and imperial","how to calculate roi","calculate roi easily","How does the roi calculator work?","What formula is used in roi calculator?","Can I copy or export results from this roi calculator?","ROI Calculator; formula; step-by-step; instant calculation; unit options; accuracy; worked example","ROI Calculator; Browser APIs; Web Application; W3C; NIST; SI Units","Utility / Calculator","DATA NOT AVAILABLE","DATA NOT AVAILABLE","DATA NOT AVAILABLE","DATA NOT AVAILABLE","DATA NOT AVAILABLE","Stable","Semrush/KeywordPlanner (Pending API connection)","Semrush/Ahrefs (Pending API connection)","150","28.4","180","24.2","16","18","12","8","75","P1","High-intent utility page in finance cluster"
"https://usonlinetools.com/finance/savings-calculator","Savings Calculator","finance","en","US","savings calculator","savings calculator","savings online","online savings calculator","free savings calculator","best savings calculator","savings calculator with steps and formula","savings calculator for accurate results","savings calculator metric and imperial","how to calculate savings","calculate savings easily","How does the savings calculator work?","What formula is used in savings calculator?","Can I copy or export results from this savings calculator?","Savings Calculator; formula; step-by-step; instant calculation; unit options; accuracy; worked example","Savings Calculator; Browser APIs; Web Application; W3C; NIST; SI Units","Utility / Calculator","DATA NOT AVAILABLE","DATA NOT AVAILABLE","DATA NOT AVAILABLE","DATA NOT AVAILABLE","DATA NOT AVAILABLE","Stable","Semrush/KeywordPlanner (Pending API connection)","Semrush/Ahrefs (Pending API connection)","150","28.4","180","24.2","16","18","12","8","75","P1","High-intent utility page in finance cluster"
"https://usonlinetools.com/finance/online-cagr-calculator","CAGR Calculator","finance","en","US","cagr calculator","cagr calculator","cagr online","online cagr calculator","free cagr calculator","best cagr calculator","cagr calculator with steps and formula","cagr calculator for accurate results","cagr calculator metric and imperial","how to calculate cagr","calculate cagr easily","How does the cagr calculator work?","What formula is used in cagr calculator?","Can I copy or export results from this cagr calculator?","CAGR Calculator; formula; step-by-step; instant calculation; unit options; accuracy; worked example","CAGR Calculator; Browser APIs; Web Application; W3C; NIST; SI Units","Utility / Calculator","DATA NOT AVAILABLE","DATA NOT AVAILABLE","DATA NOT AVAILABLE","DATA NOT AVAILABLE","DATA NOT AVAILABLE","Stable","Semrush/KeywordPlanner (Pending API connection)","Semrush/Ahrefs (Pending API connection)","150","28.4","180","24.2","16","18","12","8","75","P1","High-intent utility page in finance cluster"
"https://usonlinetools.com/finance/online-debt-to-income-calculator","Debt-to-Income Calculator","finance","en","US","debt-to-income calculator","debt-to-income calculator","debt-to-income online","online debt-to-income calculator","free debt-to-income calculator","best debt-to-income calculator","debt-to-income calculator with steps and formula","debt-to-income calculator for accurate results","debt-to-income calculator metric and imperial","how to calculate debt-to-income","calculate debt-to-income easily","How does the debt-to-income calculator work?","What formula is used in debt-to-income calculator?","Can I copy or export results from this debt-to-income calculator?","Debt-to-Income Calculator; formula; step-by-step; instant calculation; unit options; accuracy; worked example","Debt-to-Income Calculator; Browser APIs; Web Application; W3C; NIST; SI Units","Utility / Calculator","DATA NOT AVAILABLE","DATA NOT AVAILABLE","DATA NOT AVAILABLE","DATA NOT AVAILABLE","DATA NOT AVAILABLE","Stable","Semrush/KeywordPlanner (Pending API connection)","Semrush/Ahrefs (Pending API connection)","150","28.4","180","24.2","16","18","12","8","75","P1","High-intent utility page in finance cluster"
"https://usonlinetools.com/finance/online-loan-to-value-calculator","Loan-to-Value Calculator","finance","en","US","loan-to-value calculator","loan-to-value calculator","loan-to-value online","online loan-to-value calculator","free loan-to-value calculator","best loan-to-value calculator","loan-to-value calculator with steps and formula","loan-to-value calculator for accurate results","loan-to-value calculator metric and imperial","how to calculate loan-to-value","calculate loan-to-value easily","How does the loan-to-value calculator work?","What formula is used in loan-to-value calculator?","Can I copy or export results from this loan-to-value calculator?","Loan-to-Value Calculator; formula; step-by-step; instant calculation; unit options; accuracy; worked example","Loan-to-Value Calculator; Browser APIs; Web Application; W3C; NIST; SI Units","Utility / Calculator","DATA NOT AVAILABLE","DATA NOT AVAILABLE","DATA NOT AVAILABLE","DATA NOT AVAILABLE","DATA NOT AVAILABLE","Stable","Semrush/KeywordPlanner (Pending API connection)","Semrush/Ahrefs (Pending API connection)","150","28.4","180","24.2","16","18","12","8","75","P1","High-intent utility page in finance cluster"
"https://usonlinetools.com/finance/tip-calculator","Tip Calculator","finance","en","US","tip calculator","tip calculator","tip online","online tip calculator","free tip calculator","best tip calculator","tip calculator with steps and formula","tip calculator for accurate results","tip calculator metric and imperial","how to calculate tip","calculate tip easily","How does the tip calculator work?","What formula is used in tip calculator?","Can I copy or export results from this tip calculator?","Tip Calculator; formula; step-by-step; instant calculation; unit options; accuracy; worked example","Tip Calculator; Browser APIs; Web Application; W3C; NIST; SI Units","Utility / Calculator","DATA NOT AVAILABLE","DATA NOT AVAILABLE","DATA NOT AVAILABLE","DATA NOT AVAILABLE","DATA NOT AVAILABLE","Stable","Semrush/KeywordPlanner (Pending API connection)","Semrush/Ahrefs (Pending API connection)","150","28.4","180","24.2","16","18","12","8","75","P1","High-intent utility page in finance cluster"
"https://usonlinetools.com/finance/online-salary-calculator","Salary Calculator","finance","en","US","salary calculator","salary calculator","salary online","online salary calculator","free salary calculator","best salary calculator","salary calculator with steps and formula","salary calculator for accurate results","salary calculator metric and imperial","how to calculate salary","calculate salary easily","How does the salary calculator work?","What formula is used in salary calculator?","Can I copy or export results from this salary calculator?","Salary Calculator; formula; step-by-step; instant calculation; unit options; accuracy; worked example","Salary Calculator; Browser APIs; Web Application; W3C; NIST; SI Units","Utility / Calculator","DATA NOT AVAILABLE","DATA NOT AVAILABLE","DATA NOT AVAILABLE","DATA NOT AVAILABLE","DATA NOT AVAILABLE","Stable","Semrush/KeywordPlanner (Pending API connection)","Semrush/Ahrefs (Pending API connection)","150","28.4","180","24.2","16","18","12","8","75","P1","High-intent utility page in finance cluster"
"https://usonlinetools.com/finance/online-tax-calculator","Tax Calculator","finance","en","US","tax calculator","tax calculator","tax online","online tax calculator","free tax calculator","best tax calculator","tax calculator with steps and formula","tax calculator for accurate results","tax calculator metric and imperial","how to calculate tax","calculate tax easily","How does the tax calculator work?","What formula is used in tax calculator?","Can I copy or export results from this tax calculator?","Tax Calculator; formula; step-by-step; instant calculation; unit options; accuracy; worked example","Tax Calculator; Browser APIs; Web Application; W3C; NIST; SI Units","Utility / Calculator","DATA NOT AVAILABLE","DATA NOT AVAILABLE","DATA NOT AVAILABLE","DATA NOT AVAILABLE","DATA NOT AVAILABLE","Stable","Semrush/KeywordPlanner (Pending API connection)","Semrush/Ahrefs (Pending API connection)","150","28.4","180","24.2","16","18","12","8","75","P1","High-intent utility page in finance cluster"
"https://usonlinetools.com/finance/online-mortgage-payment-calculator","Mortgage Payment Calculator","finance","en","US","mortgage payment calculator","mortgage payment calculator","mortgage payment online","online mortgage payment calculator","free mortgage payment calculator","best mortgage payment calculator","mortgage payment calculator with steps and formula","mortgage payment calculator for accurate results","mortgage payment calculator metric and imperial","how to calculate mortgage payment","calculate mortgage payment easily","How does the mortgage payment calculator work?","What formula is used in mortgage payment calculator?","Can I copy or export results from this mortgage payment calculator?","Mortgage Payment Calculator; formula; step-by-step; instant calculation; unit options; accuracy; worked example","Mortgage Payment Calculator; Browser APIs; Web Application; W3C; NIST; SI Units","Utility / Calculator","DATA NOT AVAILABLE","DATA NOT AVAILABLE","DATA NOT AVAILABLE","DATA NOT AVAILABLE","DATA NOT AVAILABLE","Stable","Semrush/KeywordPlanner (Pending API connection)","Semrush/Ahrefs (Pending API connection)","150","28.4","180","24.2","16","18","12","8","75","P1","High-intent utility page in finance cluster"
"https://usonlinetools.com/finance/online-gst-calculator","GST Calculator","finance","en","US","gst calculator","gst calculator","gst online","online gst calculator","free gst calculator","best gst calculator","gst calculator with steps and formula","gst calculator for accurate results","gst calculator metric and imperial","how to calculate gst","calculate gst easily","How does the gst calculator work?","What formula is used in gst calculator?","Can I copy or export results from this gst calculator?","GST Calculator; formula; step-by-step; instant calculation; unit options; accuracy; worked example","GST Calculator; Browser APIs; Web Application; W3C; NIST; SI Units","Utility / Calculator","DATA NOT AVAILABLE","DATA NOT AVAILABLE","DATA NOT AVAILABLE","DATA NOT AVAILABLE","DATA NOT AVAILABLE","Stable","Semrush/KeywordPlanner (Pending API connection)","Semrush/Ahrefs (Pending API connection)","150","28.4","180","24.2","16","18","12","8","75","P1","High-intent utility page in finance cluster"
"https://usonlinetools.com/finance/online-inflation-calculator","Inflation Calculator","finance","en","US","inflation calculator","inflation calculator","inflation online","online inflation calculator","free inflation calculator","best inflation calculator","inflation calculator with steps and formula","inflation calculator for accurate results","inflation calculator metric and imperial","how to calculate inflation","calculate inflation easily","How does the inflation calculator work?","What formula is used in inflation calculator?","Can I copy or export results from this inflation calculator?","Inflation Calculator; formula; step-by-step; instant calculation; unit options; accuracy; worked example","Inflation Calculator; Browser APIs; Web Application; W3C; NIST; SI Units","Utility / Calculator","DATA NOT AVAILABLE","DATA NOT AVAILABLE","DATA NOT AVAILABLE","DATA NOT AVAILABLE","DATA NOT AVAILABLE","Stable","Semrush/KeywordPlanner (Pending API connection)","Semrush/Ahrefs (Pending API connection)","150","28.4","180","24.2","16","18","12","8","75","P1","High-intent utility page in finance cluster"
"https://usonlinetools.com/finance/commission-calculator","Commission Calculator","finance","en","US","commission calculator","commission calculator","commission online","online commission calculator","free commission calculator","best commission calculator","commission calculator with steps and formula","commission calculator for accurate results","commission calculator metric and imperial","how to calculate commission","calculate commission easily","How does the commission calculator work?","What formula is used in commission calculator?","Can I copy or export results from this commission calculator?","Commission Calculator; formula; step-by-step; instant calculation; unit options; accuracy; worked example","Commission Calculator; Browser APIs; Web Application; W3C; NIST; SI Units","Utility / Calculator","DATA NOT AVAILABLE","DATA NOT AVAILABLE","DATA NOT AVAILABLE","DATA NOT AVAILABLE","DATA NOT AVAILABLE","Stable","Semrush/KeywordPlanner (Pending API connection)","Semrush/Ahrefs (Pending API connection)","150","28.4","180","24.2","16","18","12","8","75","P1","High-intent utility page in finance cluster"
"https://usonlinetools.com/finance/online-investment-growth-calculator","Investment Growth Calculator","finance","en","US","investment growth calculator","investment growth calculator","investment growth online","online investment growth calculator","free investment growth calculator","best investment growth calculator","investment growth calculator with steps and formula","investment growth calculator for accurate results","investment growth calculator metric and imperial","how to calculate investment growth","calculate investment growth easily","How does the investment growth calculator work?","What formula is used in investment growth calculator?","Can I copy or export results from this investment growth calculator?","Investment Growth Calculator; formula; step-by-step; instant calculation; unit options; accuracy; worked example","Investment Growth Calculator; Browser APIs; Web Application; W3C; NIST; SI Units","Utility / Calculator","DATA NOT AVAILABLE","DATA NOT AVAILABLE","DATA NOT AVAILABLE","DATA NOT AVAILABLE","DATA NOT AVAILABLE","Stable","Semrush/KeywordPlanner (Pending API connection)","Semrush/Ahrefs (Pending API connection)","150","28.4","180","24.2","16","18","12","8","75","P1","High-intent utility page in finance cluster"
"https://usonlinetools.com/finance/online-budget-calculator","Budget Calculator","finance","en","US","budget calculator","budget calculator","budget online","online budget calculator","free budget calculator","best budget calculator","budget calculator with steps and formula","budget calculator for accurate results","budget calculator metric and imperial","how to calculate budget","calculate budget easily","How does the budget calculator work?","What formula is used in budget calculator?","Can I copy or export results from this budget calculator?","Budget Calculator; formula; step-by-step; instant calculation; unit options; accuracy; worked example","Budget Calculator; Browser APIs; Web Application; W3C; NIST; SI Units","Utility / Calculator","DATA NOT AVAILABLE","DATA NOT AVAILABLE","DATA NOT AVAILABLE","DATA NOT AVAILABLE","DATA NOT AVAILABLE","Stable","Semrush/KeywordPlanner (Pending API connection)","Semrush/Ahrefs (Pending API connection)","150","28.4","180","24.2","16","18","12","8","75","P1","High-intent utility page in finance cluster"
"https://usonlinetools.com/finance/expense-calculator","Expense Calculator","finance","en","US","expense calculator","expense calculator","expense online","online expense calculator","free expense calculator","best expense calculator","expense calculator with steps and formula","expense calculator for accurate results","expense calculator metric and imperial","how to calculate expense","calculate expense easily","How does the expense calculator work?","What formula is used in expense calculator?","Can I copy or export results from this expense calculator?","Expense Calculator; formula; step-by-step; instant calculation; unit options; accuracy; worked example","Expense Calculator; Browser APIs; Web Application; W3C; NIST; SI Units","Utility / Calculator","DATA NOT AVAILABLE","DATA NOT AVAILABLE","DATA NOT AVAILABLE","DATA NOT AVAILABLE","DATA NOT AVAILABLE","Stable","Semrush/KeywordPlanner (Pending API connection)","Semrush/Ahrefs (Pending API connection)","150","28.4","180","24.2","16","18","12","8","75","P1","High-intent utility page in finance cluster"
"https://usonlinetools.com/finance/cost-per-unit-calculator","Cost Per Unit Calculator","finance","en","US","cost per unit calculator","cost per unit calculator","cost per unit online","online cost per unit calculator","free cost per unit calculator","best cost per unit calculator","cost per unit calculator with steps and formula","cost per unit calculator for accurate results","cost per unit calculator metric and imperial","how to calculate cost per unit","calculate cost per unit easily","How does the cost per unit calculator work?","What formula is used in cost per unit calculator?","Can I copy or export results from this cost per unit calculator?","Cost Per Unit Calculator; formula; step-by-step; instant calculation; unit options; accuracy; worked example","Cost Per Unit Calculator; Browser APIs; Web Application; W3C; NIST; SI Units","Utility / Calculator","DATA NOT AVAILABLE","DATA NOT AVAILABLE","DATA NOT AVAILABLE","DATA NOT AVAILABLE","DATA NOT AVAILABLE","Stable","Semrush/KeywordPlanner (Pending API connection)","Semrush/Ahrefs (Pending API connection)","150","28.4","180","24.2","16","18","12","8","75","P1","High-intent utility page in finance cluster"
"https://usonlinetools.com/finance/price-per-unit-calculator","Price Per Unit Calculator","finance","en","US","price per unit calculator","price per unit calculator","price per unit online","online price per unit calculator","free price per unit calculator","best price per unit calculator","price per unit calculator with steps and formula","price per unit calculator for accurate results","price per unit calculator metric and imperial","how to calculate price per unit","calculate price per unit easily","How does the price per unit calculator work?","What formula is used in price per unit calculator?","Can I copy or export results from this price per unit calculator?","Price Per Unit Calculator; formula; step-by-step; instant calculation; unit options; accuracy; worked example","Price Per Unit Calculator; Browser APIs; Web Application; W3C; NIST; SI Units","Utility / Calculator","DATA NOT AVAILABLE","DATA NOT AVAILABLE","DATA NOT AVAILABLE","DATA NOT AVAILABLE","DATA NOT AVAILABLE","Stable","Semrush/KeywordPlanner (Pending API connection)","Semrush/Ahrefs (Pending API connection)","150","28.4","180","24.2","16","18","12","8","75","P1","High-intent utility page in finance cluster"
"https://usonlinetools.com/finance/payback-period-calculator","Payback Period Calculator","finance","en","US","payback period calculator","payback period calculator","payback period online","online payback period calculator","free payback period calculator","best payback period calculator","payback period calculator with steps and formula","payback period calculator for accurate results","payback period calculator metric and imperial","how to calculate payback period","calculate payback period easily","How does the payback period calculator work?","What formula is used in payback period calculator?","Can I copy or export results from this payback period calculator?","Payback Period Calculator; formula; step-by-step; instant calculation; unit options; accuracy; worked example","Payback Period Calculator; Browser APIs; Web Application; W3C; NIST; SI Units","Utility / Calculator","DATA NOT AVAILABLE","DATA NOT AVAILABLE","DATA NOT AVAILABLE","DATA NOT AVAILABLE","DATA NOT AVAILABLE","Stable","Semrush/KeywordPlanner (Pending API connection)","Semrush/Ahrefs (Pending API connection)","150","28.4","180","24.2","16","18","12","8","75","P1","High-intent utility page in finance cluster"
"https://usonlinetools.com/finance/loan-interest-calculator","Loan Interest Calculator","finance","en","US","loan interest calculator","loan interest calculator","loan interest online","online loan interest calculator","free loan interest calculator","best loan interest calculator","loan interest calculator with steps and formula","loan interest calculator for accurate results","loan interest calculator metric and imperial","how to calculate loan interest","calculate loan interest easily","How does the loan interest calculator work?","What formula is used in loan interest calculator?","Can I copy or export results from this loan interest calculator?","Loan Interest Calculator; formula; step-by-step; instant calculation; unit options; accuracy; worked example","Loan Interest Calculator; Browser APIs; Web Application; W3C; NIST; SI Units","Utility / Calculator","DATA NOT AVAILABLE","DATA NOT AVAILABLE","DATA NOT AVAILABLE","DATA NOT AVAILABLE","DATA NOT AVAILABLE","Stable","Semrush/KeywordPlanner (Pending API connection)","Semrush/Ahrefs (Pending API connection)","150","28.4","180","24.2","16","18","12","8","75","P1","High-intent utility page in finance cluster"
"https://usonlinetools.com/finance/savings-goal-calculator","Savings Goal Calculator","finance","en","US","savings goal calculator","savings goal calculator","savings goal online","online savings goal calculator","free savings goal calculator","best savings goal calculator","savings goal calculator with steps and formula","savings goal calculator for accurate results","savings goal calculator metric and imperial","how to calculate savings goal","calculate savings goal easily","How does the savings goal calculator work?","What formula is used in savings goal calculator?","Can I copy or export results from this savings goal calculator?","Savings Goal Calculator; formula; step-by-step; instant calculation; unit options; accuracy; worked example","Savings Goal Calculator; Browser APIs; Web Application; W3C; NIST; SI Units","Utility / Calculator","DATA NOT AVAILABLE","DATA NOT AVAILABLE","DATA NOT AVAILABLE","DATA NOT AVAILABLE","DATA NOT AVAILABLE","Stable","Semrush/KeywordPlanner (Pending API connection)","Semrush/Ahrefs (Pending API connection)","150","28.4","180","24.2","16","18","12","8","75","P1","High-intent utility page in finance cluster"
"https://usonlinetools.com/finance/revenue-calculator","Revenue Calculator","finance","en","US","revenue calculator","revenue calculator","revenue online","online revenue calculator","free revenue calculator","best revenue calculator","revenue calculator with steps and formula","revenue calculator for accurate results","revenue calculator metric and imperial","how to calculate revenue","calculate revenue easily","How does the revenue calculator work?","What formula is used in revenue calculator?","Can I copy or export results from this revenue calculator?","Revenue Calculator; formula; step-by-step; instant calculation; unit options; accuracy; worked example","Revenue Calculator; Browser APIs; Web Application; W3C; NIST; SI Units","Utility / Calculator","DATA NOT AVAILABLE","DATA NOT AVAILABLE","DATA NOT AVAILABLE","DATA NOT AVAILABLE","DATA NOT AVAILABLE","Stable","Semrush/KeywordPlanner (Pending API connection)","Semrush/Ahrefs (Pending API connection)","150","28.4","180","24.2","16","18","12","8","75","P1","High-intent utility page in finance cluster"
"https://usonlinetools.com/finance/cost-split-calculator","Cost Split Calculator","finance","en","US","cost split calculator","cost split calculator","cost split online","online cost split calculator","free cost split calculator","best cost split calculator","cost split calculator with steps and formula","cost split calculator for accurate results","cost split calculator metric and imperial","how to calculate cost split","calculate cost split easily","How does the cost split calculator work?","What formula is used in cost split calculator?","Can I copy or export results from this cost split calculator?","Cost Split Calculator; formula; step-by-step; instant calculation; unit options; accuracy; worked example","Cost Split Calculator; Browser APIs; Web Application; W3C; NIST; SI Units","Utility / Calculator","DATA NOT AVAILABLE","DATA NOT AVAILABLE","DATA NOT AVAILABLE","DATA NOT AVAILABLE","DATA NOT AVAILABLE","Stable","Semrush/KeywordPlanner (Pending API connection)","Semrush/Ahrefs (Pending API connection)","150","28.4","180","24.2","16","18","12","8","75","P1","High-intent utility page in finance cluster"
"https://usonlinetools.com/finance/depreciation-calculator","Depreciation Calculator","finance","en","US","depreciation calculator","depreciation calculator","depreciation online","online depreciation calculator","free depreciation calculator","best depreciation calculator","depreciation calculator with steps and formula","depreciation calculator for accurate results","depreciation calculator metric and imperial","how to calculate depreciation","calculate depreciation easily","How does the depreciation calculator work?","What formula is used in depreciation calculator?","Can I copy or export results from this depreciation calculator?","Depreciation Calculator; formula; step-by-step; instant calculation; unit options; accuracy; worked example","Depreciation Calculator; Browser APIs; Web Application; W3C; NIST; SI Units","Utility / Calculator","DATA NOT AVAILABLE","DATA NOT AVAILABLE","DATA NOT AVAILABLE","DATA NOT AVAILABLE","DATA NOT AVAILABLE","Stable","Semrush/KeywordPlanner (Pending API connection)","Semrush/Ahrefs (Pending API connection)","150","28.4","180","24.2","16","18","12","8","75","P1","High-intent utility page in finance cluster"
"https://usonlinetools.com/finance/net-worth-calculator","Net Worth Calculator","finance","en","US","net worth calculator","net worth calculator","net worth online","online net worth calculator","free net worth calculator","best net worth calculator","net worth calculator with steps and formula","net worth calculator for accurate results","net worth calculator metric and imperial","how to calculate net worth","calculate net worth easily","How does the net worth calculator work?","What formula is used in net worth calculator?","Can I copy or export results from this net worth calculator?","Net Worth Calculator; formula; step-by-step; instant calculation; unit options; accuracy; worked example","Net Worth Calculator; Browser APIs; Web Application; W3C; NIST; SI Units","Utility / Calculator","DATA NOT AVAILABLE","DATA NOT AVAILABLE","DATA NOT AVAILABLE","DATA NOT AVAILABLE","DATA NOT AVAILABLE","Stable","Semrush/KeywordPlanner (Pending API connection)","Semrush/Ahrefs (Pending API connection)","150","28.4","180","24.2","16","18","12","8","75","P1","High-intent utility page in finance cluster"
"https://usonlinetools.com/finance/online-retirement-calculator","Retirement Calculator","finance","en","US","retirement calculator","retirement calculator","retirement online","online retirement calculator","free retirement calculator","best retirement calculator","retirement calculator with steps and formula","retirement calculator for accurate results","retirement calculator metric and imperial","how to calculate retirement","calculate retirement easily","How does the retirement calculator work?","What formula is used in retirement calculator?","Can I copy or export results from this retirement calculator?","Retirement Calculator; formula; step-by-step; instant calculation; unit options; accuracy; worked example","Retirement Calculator; Browser APIs; Web Application; W3C; NIST; SI Units","Utility / Calculator","DATA NOT AVAILABLE","DATA NOT AVAILABLE","DATA NOT AVAILABLE","DATA NOT AVAILABLE","DATA NOT AVAILABLE","Stable","Semrush/KeywordPlanner (Pending API connection)","Semrush/Ahrefs (Pending API connection)","150","28.4","180","24.2","16","18","12","8","75","P1","High-intent utility page in finance cluster"
"https://usonlinetools.com/finance/online-car-loan-calculator","Car Loan Calculator","finance","en","US","car loan calculator","car loan calculator","car loan online","online car loan calculator","free car loan calculator","best car loan calculator","car loan calculator with steps and formula","car loan calculator for accurate results","car loan calculator metric and imperial","how to calculate car loan","calculate car loan easily","How does the car loan calculator work?","What formula is used in car loan calculator?","Can I copy or export results from this car loan calculator?","Car Loan Calculator; formula; step-by-step; instant calculation; unit options; accuracy; worked example","Car Loan Calculator; Browser APIs; Web Application; W3C; NIST; SI Units","Utility / Calculator","DATA NOT AVAILABLE","DATA NOT AVAILABLE","DATA NOT AVAILABLE","DATA NOT AVAILABLE","DATA NOT AVAILABLE","Stable","Semrush/KeywordPlanner (Pending API connection)","Semrush/Ahrefs (Pending API connection)","150","28.4","180","24.2","16","18","12","8","75","P1","High-intent utility page in finance cluster"
"https://usonlinetools.com/finance/credit-card-payoff-calculator","Credit Card Payoff Calculator","finance","en","US","credit card payoff calculator","credit card payoff calculator","credit card payoff online","online credit card payoff calculator","free credit card payoff calculator","best credit card payoff calculator","credit card payoff calculator with steps and formula","credit card payoff calculator for accurate results","credit card payoff calculator metric and imperial","how to calculate credit card payoff","calculate credit card payoff easily","How does the credit card payoff calculator work?","What formula is used in credit card payoff calculator?","Can I copy or export results from this credit card payoff calculator?","Credit Card Payoff Calculator; formula; step-by-step; instant calculation; unit options; accuracy; worked example","Credit Card Payoff Calculator; Browser APIs; Web Application; W3C; NIST; SI Units","Utility / Calculator","DATA NOT AVAILABLE","DATA NOT AVAILABLE","DATA NOT AVAILABLE","DATA NOT AVAILABLE","DATA NOT AVAILABLE","Stable","Semrush/KeywordPlanner (Pending API connection)","Semrush/Ahrefs (Pending API connection)","150","28.4","180","24.2","16","18","12","8","75","P1","High-intent utility page in finance cluster"
"https://usonlinetools.com/finance/down-payment-calculator","Down Payment Calculator","finance","en","US","down payment calculator","down payment calculator","down payment online","online down payment calculator","free down payment calculator","best down payment calculator","down payment calculator with steps and formula","down payment calculator for accurate results","down payment calculator metric and imperial","how to calculate down payment","calculate down payment easily","How does the down payment calculator work?","What formula is used in down payment calculator?","Can I copy or export results from this down payment calculator?","Down Payment Calculator; formula; step-by-step; instant calculation; unit options; accuracy; worked example","Down Payment Calculator; Browser APIs; Web Application; W3C; NIST; SI Units","Utility / Calculator","DATA NOT AVAILABLE","DATA NOT AVAILABLE","DATA NOT AVAILABLE","DATA NOT AVAILABLE","DATA NOT AVAILABLE","Stable","Semrush/KeywordPlanner (Pending API connection)","Semrush/Ahrefs (Pending API connection)","150","28.4","180","24.2","16","18","12","8","75","P1","High-intent utility page in finance cluster"
"https://usonlinetools.com/finance/online-amortization-calculator","Amortization Calculator","finance","en","US","amortization calculator","amortization calculator","amortization online","online amortization calculator","free amortization calculator","best amortization calculator","amortization calculator with steps and formula","amortization calculator for accurate results","amortization calculator metric and imperial","how to calculate amortization","calculate amortization easily","How does the amortization calculator work?","What formula is used in amortization calculator?","Can I copy or export results from this amortization calculator?","Amortization Calculator; formula; step-by-step; instant calculation; unit options; accuracy; worked example","Amortization Calculator; Browser APIs; Web Application; W3C; NIST; SI Units","Utility / Calculator","DATA NOT AVAILABLE","DATA NOT AVAILABLE","DATA NOT AVAILABLE","DATA NOT AVAILABLE","DATA NOT AVAILABLE","Stable","Semrush/KeywordPlanner (Pending API connection)","Semrush/Ahrefs (Pending API connection)","150","28.4","180","24.2","16","18","12","8","75","P1","High-intent utility page in finance cluster"
"https://usonlinetools.com/finance/stock-profit-calculator","Stock Profit Calculator","finance","en","US","stock profit calculator","stock profit calculator","stock profit online","online stock profit calculator","free stock profit calculator","best stock profit calculator","stock profit calculator with steps and formula","stock profit calculator for accurate results","stock profit calculator metric and imperial","how to calculate stock profit","calculate stock profit easily","How does the stock profit calculator work?","What formula is used in stock profit calculator?","Can I copy or export results from this stock profit calculator?","Stock Profit Calculator; formula; step-by-step; instant calculation; unit options; accuracy; worked example","Stock Profit Calculator; Browser APIs; Web Application; W3C; NIST; SI Units","Utility / Calculator","DATA NOT AVAILABLE","DATA NOT AVAILABLE","DATA NOT AVAILABLE","DATA NOT AVAILABLE","DATA NOT AVAILABLE","Stable","Semrush/KeywordPlanner (Pending API connection)","Semrush/Ahrefs (Pending API connection)","150","28.4","180","24.2","16","18","12","8","75","P1","High-intent utility page in finance cluster"
"https://usonlinetools.com/finance/dividend-calculator","Dividend Calculator","finance","en","US","dividend calculator","dividend calculator","dividend online","online dividend calculator","free dividend calculator","best dividend calculator","dividend calculator with steps and formula","dividend calculator for accurate results","dividend calculator metric and imperial","how to calculate dividend","calculate dividend easily","How does the dividend calculator work?","What formula is used in dividend calculator?","Can I copy or export results from this dividend calculator?","Dividend Calculator; formula; step-by-step; instant calculation; unit options; accuracy; worked example","Dividend Calculator; Browser APIs; Web Application; W3C; NIST; SI Units","Utility / Calculator","DATA NOT AVAILABLE","DATA NOT AVAILABLE","DATA NOT AVAILABLE","DATA NOT AVAILABLE","DATA NOT AVAILABLE","Stable","Semrush/KeywordPlanner (Pending API connection)","Semrush/Ahrefs (Pending API connection)","150","28.4","180","24.2","16","18","12","8","75","P1","High-intent utility page in finance cluster"
"https://usonlinetools.com/finance/online-currency-exchange-calculator","Currency Exchange Calculator","finance","en","US","currency exchange calculator","currency exchange calculator","currency exchange online","online currency exchange calculator","free currency exchange calculator","best currency exchange calculator","currency exchange calculator with steps and formula","currency exchange calculator for accurate results","currency exchange calculator metric and imperial","how to calculate currency exchange","calculate currency exchange easily","How does the currency exchange calculator work?","What formula is used in currency exchange calculator?","Can I copy or export results from this currency exchange calculator?","Currency Exchange Calculator; formula; step-by-step; instant calculation; unit options; accuracy; worked example","Currency Exchange Calculator; Browser APIs; Web Application; W3C; NIST; SI Units","Utility / Calculator","DATA NOT AVAILABLE","DATA NOT AVAILABLE","DATA NOT AVAILABLE","DATA NOT AVAILABLE","DATA NOT AVAILABLE","Stable","Semrush/KeywordPlanner (Pending API connection)","Semrush/Ahrefs (Pending API connection)","150","28.4","180","24.2","16","18","12","8","75","P1","High-intent utility page in finance cluster"
"https://usonlinetools.com/finance/hourly-to-salary-calculator","Hourly to Salary Calculator","finance","en","US","hourly to salary calculator","hourly to salary calculator","hourly to salary online","online hourly to salary calculator","free hourly to salary calculator","best hourly to salary calculator","hourly to salary calculator with steps and formula","hourly to salary calculator for accurate results","hourly to salary calculator metric and imperial","how to calculate hourly to salary","calculate hourly to salary easily","How does the hourly to salary calculator work?","What formula is used in hourly to salary calculator?","Can I copy or export results from this hourly to salary calculator?","Hourly to Salary Calculator; formula; step-by-step; instant calculation; unit options; accuracy; worked example","Hourly to Salary Calculator; Browser APIs; Web Application; W3C; NIST; SI Units","Utility / Calculator","DATA NOT AVAILABLE","DATA NOT AVAILABLE","DATA NOT AVAILABLE","DATA NOT AVAILABLE","DATA NOT AVAILABLE","Stable","Semrush/KeywordPlanner (Pending API connection)","Semrush/Ahrefs (Pending API connection)","150","28.4","180","24.2","16","18","12","8","75","P1","High-intent utility page in finance cluster"
"https://usonlinetools.com/conversion/online-length-converter","Length Converter","conversion","en","US","length converter","length calculator","length online","online length converter","free length converter","best length converter","length converter with steps and formula","length converter for accurate results","length converter metric and imperial","how to calculate length converter","calculate length converter easily","How does the length converter work?","What formula is used in length converter?","Can I copy or export results from this length converter?","Length Converter; formula; step-by-step; instant calculation; unit options; accuracy; worked example","Length Converter; Browser APIs; Web Application; W3C; NIST; SI Units","Utility / Calculator","DATA NOT AVAILABLE","DATA NOT AVAILABLE","DATA NOT AVAILABLE","DATA NOT AVAILABLE","DATA NOT AVAILABLE","Stable","Semrush/KeywordPlanner (Pending API connection)","Semrush/Ahrefs (Pending API connection)","150","28.4","180","24.2","16","18","12","8","75","P1","High-intent utility page in conversion cluster"
"https://usonlinetools.com/conversion/online-weight-converter","Weight Converter","conversion","en","US","weight converter","weight calculator","weight online","online weight converter","free weight converter","best weight converter","weight converter with steps and formula","weight converter for accurate results","weight converter metric and imperial","how to calculate weight converter","calculate weight converter easily","How does the weight converter work?","What formula is used in weight converter?","Can I copy or export results from this weight converter?","Weight Converter; formula; step-by-step; instant calculation; unit options; accuracy; worked example","Weight Converter; Browser APIs; Web Application; W3C; NIST; SI Units","Utility / Calculator","DATA NOT AVAILABLE","DATA NOT AVAILABLE","DATA NOT AVAILABLE","DATA NOT AVAILABLE","DATA NOT AVAILABLE","Stable","Semrush/KeywordPlanner (Pending API connection)","Semrush/Ahrefs (Pending API connection)","150","28.4","180","24.2","16","18","12","8","75","P1","High-intent utility page in conversion cluster"
"https://usonlinetools.com/conversion/online-temperature-converter","Temperature Converter","conversion","en","US","temperature converter","temperature calculator","temperature online","online temperature converter","free temperature converter","best temperature converter","temperature converter with steps and formula","temperature converter for accurate results","temperature converter metric and imperial","how to calculate temperature converter","calculate temperature converter easily","How does the temperature converter work?","What formula is used in temperature converter?","Can I copy or export results from this temperature converter?","Temperature Converter; formula; step-by-step; instant calculation; unit options; accuracy; worked example","Temperature Converter; Browser APIs; Web Application; W3C; NIST; SI Units","Utility / Calculator","DATA NOT AVAILABLE","DATA NOT AVAILABLE","DATA NOT AVAILABLE","DATA NOT AVAILABLE","DATA NOT AVAILABLE","Stable","Semrush/KeywordPlanner (Pending API connection)","Semrush/Ahrefs (Pending API connection)","150","28.4","180","24.2","16","18","12","8","75","P1","High-intent utility page in conversion cluster"
"https://usonlinetools.com/conversion/online-area-converter","Area Converter","conversion","en","US","area converter","area calculator","area online","online area converter","free area converter","best area converter","area converter with steps and formula","area converter for accurate results","area converter metric and imperial","how to calculate area converter","calculate area converter easily","How does the area converter work?","What formula is used in area converter?","Can I copy or export results from this area converter?","Area Converter; formula; step-by-step; instant calculation; unit options; accuracy; worked example","Area Converter; Browser APIs; Web Application; W3C; NIST; SI Units","Utility / Calculator","DATA NOT AVAILABLE","DATA NOT AVAILABLE","DATA NOT AVAILABLE","DATA NOT AVAILABLE","DATA NOT AVAILABLE","Stable","Semrush/KeywordPlanner (Pending API connection)","Semrush/Ahrefs (Pending API connection)","150","28.4","180","24.2","16","18","12","8","75","P1","High-intent utility page in conversion cluster"
"https://usonlinetools.com/conversion/online-volume-converter","Volume Converter","conversion","en","US","volume converter","volume calculator","volume online","online volume converter","free volume converter","best volume converter","volume converter with steps and formula","volume converter for accurate results","volume converter metric and imperial","how to calculate volume converter","calculate volume converter easily","How does the volume converter work?","What formula is used in volume converter?","Can I copy or export results from this volume converter?","Volume Converter; formula; step-by-step; instant calculation; unit options; accuracy; worked example","Volume Converter; Browser APIs; Web Application; W3C; NIST; SI Units","Utility / Calculator","DATA NOT AVAILABLE","DATA NOT AVAILABLE","DATA NOT AVAILABLE","DATA NOT AVAILABLE","DATA NOT AVAILABLE","Stable","Semrush/KeywordPlanner (Pending API connection)","Semrush/Ahrefs (Pending API connection)","150","28.4","180","24.2","16","18","12","8","75","P1","High-intent utility page in conversion cluster"
"https://usonlinetools.com/conversion/online-speed-converter","Speed Converter","conversion","en","US","speed converter","speed calculator","speed online","online speed converter","free speed converter","best speed converter","speed converter with steps and formula","speed converter for accurate results","speed converter metric and imperial","how to calculate speed converter","calculate speed converter easily","How does the speed converter work?","What formula is used in speed converter?","Can I copy or export results from this speed converter?","Speed Converter; formula; step-by-step; instant calculation; unit options; accuracy; worked example","Speed Converter; Browser APIs; Web Application; W3C; NIST; SI Units","Utility / Calculator","DATA NOT AVAILABLE","DATA NOT AVAILABLE","DATA NOT AVAILABLE","DATA NOT AVAILABLE","DATA NOT AVAILABLE","Stable","Semrush/KeywordPlanner (Pending API connection)","Semrush/Ahrefs (Pending API connection)","150","28.4","180","24.2","16","18","12","8","75","P1","High-intent utility page in conversion cluster"
"https://usonlinetools.com/conversion/color-converter","Color Converter","conversion","en","US","color converter","color calculator","color online","online color converter","free color converter","best color converter","color converter with steps and formula","color converter for accurate results","color converter metric and imperial","how to calculate color converter","calculate color converter easily","How does the color converter work?","What formula is used in color converter?","Can I copy or export results from this color converter?","Color Converter; formula; step-by-step; instant calculation; unit options; accuracy; worked example","Color Converter; Browser APIs; Web Application; W3C; NIST; SI Units","Utility / Calculator","DATA NOT AVAILABLE","DATA NOT AVAILABLE","DATA NOT AVAILABLE","DATA NOT AVAILABLE","DATA NOT AVAILABLE","Stable","Semrush/KeywordPlanner (Pending API connection)","Semrush/Ahrefs (Pending API connection)","150","28.4","180","24.2","16","18","12","8","75","P1","High-intent utility page in conversion cluster"
"https://usonlinetools.com/conversion/online-binary-to-decimal-converter","Binary to Decimal Converter","conversion","en","US","binary to decimal converter","binary to decimal calculator","binary to decimal online","online binary to decimal converter","free binary to decimal converter","best binary to decimal converter","binary to decimal converter with steps and formula","binary to decimal converter for accurate results","binary to decimal converter metric and imperial","how to calculate binary to decimal converter","calculate binary to decimal converter easily","How does the binary to decimal converter work?","What formula is used in binary to decimal converter?","Can I copy or export results from this binary to decimal converter?","Binary to Decimal Converter; formula; step-by-step; instant calculation; unit options; accuracy; worked example","Binary to Decimal Converter; Browser APIs; Web Application; W3C; NIST; SI Units","Utility / Calculator","DATA NOT AVAILABLE","DATA NOT AVAILABLE","DATA NOT AVAILABLE","DATA NOT AVAILABLE","DATA NOT AVAILABLE","Stable","Semrush/KeywordPlanner (Pending API connection)","Semrush/Ahrefs (Pending API connection)","150","28.4","180","24.2","16","18","12","8","75","P1","High-intent utility page in conversion cluster"
"https://usonlinetools.com/conversion/decimal-to-binary-converter","Decimal to Binary Converter","conversion","en","US","decimal to binary converter","decimal to binary calculator","decimal to binary online","online decimal to binary converter","free decimal to binary converter","best decimal to binary converter","decimal to binary converter with steps and formula","decimal to binary converter for accurate results","decimal to binary converter metric and imperial","how to calculate decimal to binary converter","calculate decimal to binary converter easily","How does the decimal to binary converter work?","What formula is used in decimal to binary converter?","Can I copy or export results from this decimal to binary converter?","Decimal to Binary Converter; formula; step-by-step; instant calculation; unit options; accuracy; worked example","Decimal to Binary Converter; Browser APIs; Web Application; W3C; NIST; SI Units","Utility / Calculator","DATA NOT AVAILABLE","DATA NOT AVAILABLE","DATA NOT AVAILABLE","DATA NOT AVAILABLE","DATA NOT AVAILABLE","Stable","Semrush/KeywordPlanner (Pending API connection)","Semrush/Ahrefs (Pending API connection)","150","28.4","180","24.2","16","18","12","8","75","P1","High-intent utility page in conversion cluster"
"https://usonlinetools.com/conversion/hex-to-decimal-converter","Hex to Decimal Converter","conversion","en","US","hex to decimal converter","hex to decimal calculator","hex to decimal online","online hex to decimal converter","free hex to decimal converter","best hex to decimal converter","hex to decimal converter with steps and formula","hex to decimal converter for accurate results","hex to decimal converter metric and imperial","how to calculate hex to decimal converter","calculate hex to decimal converter easily","How does the hex to decimal converter work?","What formula is used in hex to decimal converter?","Can I copy or export results from this hex to decimal converter?","Hex to Decimal Converter; formula; step-by-step; instant calculation; unit options; accuracy; worked example","Hex to Decimal Converter; Browser APIs; Web Application; W3C; NIST; SI Units","Utility / Calculator","DATA NOT AVAILABLE","DATA NOT AVAILABLE","DATA NOT AVAILABLE","DATA NOT AVAILABLE","DATA NOT AVAILABLE","Stable","Semrush/KeywordPlanner (Pending API connection)","Semrush/Ahrefs (Pending API connection)","150","28.4","180","24.2","16","18","12","8","75","P1","High-intent utility page in conversion cluster"
"https://usonlinetools.com/conversion/online-roman-numeral-converter","Roman Numeral Converter","conversion","en","US","roman numeral converter","roman numeral calculator","roman numeral online","online roman numeral converter","free roman numeral converter","best roman numeral converter","roman numeral converter with steps and formula","roman numeral converter for accurate results","roman numeral converter metric and imperial","how to calculate roman numeral converter","calculate roman numeral converter easily","How does the roman numeral converter work?","What formula is used in roman numeral converter?","Can I copy or export results from this roman numeral converter?","Roman Numeral Converter; formula; step-by-step; instant calculation; unit options; accuracy; worked example","Roman Numeral Converter; Browser APIs; Web Application; W3C; NIST; SI Units","Utility / Calculator","DATA NOT AVAILABLE","DATA NOT AVAILABLE","DATA NOT AVAILABLE","DATA NOT AVAILABLE","DATA NOT AVAILABLE","Stable","Semrush/KeywordPlanner (Pending API connection)","Semrush/Ahrefs (Pending API connection)","150","28.4","180","24.2","16","18","12","8","75","P1","High-intent utility page in conversion cluster"
"https://usonlinetools.com/conversion/data-storage-converter","Data Storage Converter","conversion","en","US","data storage converter","data storage calculator","data storage online","online data storage converter","free data storage converter","best data storage converter","data storage converter with steps and formula","data storage converter for accurate results","data storage converter metric and imperial","how to calculate data storage converter","calculate data storage converter easily","How does the data storage converter work?","What formula is used in data storage converter?","Can I copy or export results from this data storage converter?","Data Storage Converter; formula; step-by-step; instant calculation; unit options; accuracy; worked example","Data Storage Converter; Browser APIs; Web Application; W3C; NIST; SI Units","Utility / Calculator","DATA NOT AVAILABLE","DATA NOT AVAILABLE","DATA NOT AVAILABLE","DATA NOT AVAILABLE","DATA NOT AVAILABLE","Stable","Semrush/KeywordPlanner (Pending API connection)","Semrush/Ahrefs (Pending API connection)","150","28.4","180","24.2","16","18","12","8","75","P1","High-intent utility page in conversion cluster"
"https://usonlinetools.com/conversion/energy-converter","Energy Converter","conversion","en","US","energy converter","energy calculator","energy online","online energy converter","free energy converter","best energy converter","energy converter with steps and formula","energy converter for accurate results","energy converter metric and imperial","how to calculate energy converter","calculate energy converter easily","How does the energy converter work?","What formula is used in energy converter?","Can I copy or export results from this energy converter?","Energy Converter; formula; step-by-step; instant calculation; unit options; accuracy; worked example","Energy Converter; Browser APIs; Web Application; W3C; NIST; SI Units","Utility / Calculator","DATA NOT AVAILABLE","DATA NOT AVAILABLE","DATA NOT AVAILABLE","DATA NOT AVAILABLE","DATA NOT AVAILABLE","Stable","Semrush/KeywordPlanner (Pending API connection)","Semrush/Ahrefs (Pending API connection)","150","28.4","180","24.2","16","18","12","8","75","P1","High-intent utility page in conversion cluster"
"https://usonlinetools.com/conversion/pressure-converter","Pressure Converter","conversion","en","US","pressure converter","pressure calculator","pressure online","online pressure converter","free pressure converter","best pressure converter","pressure converter with steps and formula","pressure converter for accurate results","pressure converter metric and imperial","how to calculate pressure converter","calculate pressure converter easily","How does the pressure converter work?","What formula is used in pressure converter?","Can I copy or export results from this pressure converter?","Pressure Converter; formula; step-by-step; instant calculation; unit options; accuracy; worked example","Pressure Converter; Browser APIs; Web Application; W3C; NIST; SI Units","Utility / Calculator","DATA NOT AVAILABLE","DATA NOT AVAILABLE","DATA NOT AVAILABLE","DATA NOT AVAILABLE","DATA NOT AVAILABLE","Stable","Semrush/KeywordPlanner (Pending API connection)","Semrush/Ahrefs (Pending API connection)","150","28.4","180","24.2","16","18","12","8","75","P1","High-intent utility page in conversion cluster"
"https://usonlinetools.com/conversion/time-converter","Time Converter","conversion","en","US","time converter","time calculator","time online","online time converter","free time converter","best time converter","time converter with steps and formula","time converter for accurate results","time converter metric and imperial","how to calculate time converter","calculate time converter easily","How does the time converter work?","What formula is used in time converter?","Can I copy or export results from this time converter?","Time Converter; formula; step-by-step; instant calculation; unit options; accuracy; worked example","Time Converter; Browser APIs; Web Application; W3C; NIST; SI Units","Utility / Calculator","DATA NOT AVAILABLE","DATA NOT AVAILABLE","DATA NOT AVAILABLE","DATA NOT AVAILABLE","DATA NOT AVAILABLE","Stable","Semrush/KeywordPlanner (Pending API connection)","Semrush/Ahrefs (Pending API connection)","150","28.4","180","24.2","16","18","12","8","75","P1","High-intent utility page in conversion cluster"
"https://usonlinetools.com/conversion/angle-converter","Angle Converter","conversion","en","US","angle converter","angle calculator","angle online","online angle converter","free angle converter","best angle converter","angle converter with steps and formula","angle converter for accurate results","angle converter metric and imperial","how to calculate angle converter","calculate angle converter easily","How does the angle converter work?","What formula is used in angle converter?","Can I copy or export results from this angle converter?","Angle Converter; formula; step-by-step; instant calculation; unit options; accuracy; worked example","Angle Converter; Browser APIs; Web Application; W3C; NIST; SI Units","Utility / Calculator","DATA NOT AVAILABLE","DATA NOT AVAILABLE","DATA NOT AVAILABLE","DATA NOT AVAILABLE","DATA NOT AVAILABLE","Stable","Semrush/KeywordPlanner (Pending API connection)","Semrush/Ahrefs (Pending API connection)","150","28.4","180","24.2","16","18","12","8","75","P1","High-intent utility page in conversion cluster"
"https://usonlinetools.com/conversion/frequency-converter","Frequency Converter","conversion","en","US","frequency converter","frequency calculator","frequency online","online frequency converter","free frequency converter","best frequency converter","frequency converter with steps and formula","frequency converter for accurate results","frequency converter metric and imperial","how to calculate frequency converter","calculate frequency converter easily","How does the frequency converter work?","What formula is used in frequency converter?","Can I copy or export results from this frequency converter?","Frequency Converter; formula; step-by-step; instant calculation; unit options; accuracy; worked example","Frequency Converter; Browser APIs; Web Application; W3C; NIST; SI Units","Utility / Calculator","DATA NOT AVAILABLE","DATA NOT AVAILABLE","DATA NOT AVAILABLE","DATA NOT AVAILABLE","DATA NOT AVAILABLE","Stable","Semrush/KeywordPlanner (Pending API connection)","Semrush/Ahrefs (Pending API connection)","150","28.4","180","24.2","16","18","12","8","75","P1","High-intent utility page in conversion cluster"
"https://usonlinetools.com/conversion/fuel-efficiency-converter","Fuel Efficiency Converter","conversion","en","US","fuel efficiency converter","fuel efficiency calculator","fuel efficiency online","online fuel efficiency converter","free fuel efficiency converter","best fuel efficiency converter","fuel efficiency converter with steps and formula","fuel efficiency converter for accurate results","fuel efficiency converter metric and imperial","how to calculate fuel efficiency converter","calculate fuel efficiency converter easily","How does the fuel efficiency converter work?","What formula is used in fuel efficiency converter?","Can I copy or export results from this fuel efficiency converter?","Fuel Efficiency Converter; formula; step-by-step; instant calculation; unit options; accuracy; worked example","Fuel Efficiency Converter; Browser APIs; Web Application; W3C; NIST; SI Units","Utility / Calculator","DATA NOT AVAILABLE","DATA NOT AVAILABLE","DATA NOT AVAILABLE","DATA NOT AVAILABLE","DATA NOT AVAILABLE","Stable","Semrush/KeywordPlanner (Pending API connection)","Semrush/Ahrefs (Pending API connection)","150","28.4","180","24.2","16","18","12","8","75","P1","High-intent utility page in conversion cluster"
"https://usonlinetools.com/conversion/number-to-words-converter","Number to Words Converter","conversion","en","US","number to words converter","number to words calculator","number to words online","online number to words converter","free number to words converter","best number to words converter","number to words converter with steps and formula","number to words converter for accurate results","number to words converter metric and imperial","how to calculate number to words converter","calculate number to words converter easily","How does the number to words converter work?","What formula is used in number to words converter?","Can I copy or export results from this number to words converter?","Number to Words Converter; formula; step-by-step; instant calculation; unit options; accuracy; worked example","Number to Words Converter; Browser APIs; Web Application; W3C; NIST; SI Units","Utility / Calculator","DATA NOT AVAILABLE","DATA NOT AVAILABLE","DATA NOT AVAILABLE","DATA NOT AVAILABLE","DATA NOT AVAILABLE","Stable","Semrush/KeywordPlanner (Pending API connection)","Semrush/Ahrefs (Pending API connection)","150","28.4","180","24.2","16","18","12","8","75","P1","High-intent utility page in conversion cluster"
"https://usonlinetools.com/conversion/words-to-number-converter","Words to Number Converter","conversion","en","US","words to number converter","words to number calculator","words to number online","online words to number converter","free words to number converter","best words to number converter","words to number converter with steps and formula","words to number converter for accurate results","words to number converter metric and imperial","how to calculate words to number converter","calculate words to number converter easily","How does the words to number converter work?","What formula is used in words to number converter?","Can I copy or export results from this words to number converter?","Words to Number Converter; formula; step-by-step; instant calculation; unit options; accuracy; worked example","Words to Number Converter; Browser APIs; Web Application; W3C; NIST; SI Units","Utility / Calculator","DATA NOT AVAILABLE","DATA NOT AVAILABLE","DATA NOT AVAILABLE","DATA NOT AVAILABLE","DATA NOT AVAILABLE","Stable","Semrush/KeywordPlanner (Pending API connection)","Semrush/Ahrefs (Pending API connection)","150","28.4","180","24.2","16","18","12","8","75","P1","High-intent utility page in conversion cluster"
"https://usonlinetools.com/conversion/base-converter","Base Converter","conversion","en","US","base converter","base calculator","base online","online base converter","free base converter","best base converter","base converter with steps and formula","base converter for accurate results","base converter metric and imperial","how to calculate base converter","calculate base converter easily","How does the base converter work?","What formula is used in base converter?","Can I copy or export results from this base converter?","Base Converter; formula; step-by-step; instant calculation; unit options; accuracy; worked example","Base Converter; Browser APIs; Web Application; W3C; NIST; SI Units","Utility / Calculator","DATA NOT AVAILABLE","DATA NOT AVAILABLE","DATA NOT AVAILABLE","DATA NOT AVAILABLE","DATA NOT AVAILABLE","Stable","Semrush/KeywordPlanner (Pending API connection)","Semrush/Ahrefs (Pending API connection)","150","28.4","180","24.2","16","18","12","8","75","P1","High-intent utility page in conversion cluster"
"https://usonlinetools.com/conversion/binary-to-hex-converter","Binary to Hex Converter","conversion","en","US","binary to hex converter","binary to hex calculator","binary to hex online","online binary to hex converter","free binary to hex converter","best binary to hex converter","binary to hex converter with steps and formula","binary to hex converter for accurate results","binary to hex converter metric and imperial","how to calculate binary to hex converter","calculate binary to hex converter easily","How does the binary to hex converter work?","What formula is used in binary to hex converter?","Can I copy or export results from this binary to hex converter?","Binary to Hex Converter; formula; step-by-step; instant calculation; unit options; accuracy; worked example","Binary to Hex Converter; Browser APIs; Web Application; W3C; NIST; SI Units","Utility / Calculator","DATA NOT AVAILABLE","DATA NOT AVAILABLE","DATA NOT AVAILABLE","DATA NOT AVAILABLE","DATA NOT AVAILABLE","Stable","Semrush/KeywordPlanner (Pending API connection)","Semrush/Ahrefs (Pending API connection)","150","28.4","180","24.2","16","18","12","8","75","P1","High-intent utility page in conversion cluster"
"https://usonlinetools.com/conversion/hex-to-binary-converter","Hex to Binary Converter","conversion","en","US","hex to binary converter","hex to binary calculator","hex to binary online","online hex to binary converter","free hex to binary converter","best hex to binary converter","hex to binary converter with steps and formula","hex to binary converter for accurate results","hex to binary converter metric and imperial","how to calculate hex to binary converter","calculate hex to binary converter easily","How does the hex to binary converter work?","What formula is used in hex to binary converter?","Can I copy or export results from this hex to binary converter?","Hex to Binary Converter; formula; step-by-step; instant calculation; unit options; accuracy; worked example","Hex to Binary Converter; Browser APIs; Web Application; W3C; NIST; SI Units","Utility / Calculator","DATA NOT AVAILABLE","DATA NOT AVAILABLE","DATA NOT AVAILABLE","DATA NOT AVAILABLE","DATA NOT AVAILABLE","Stable","Semrush/KeywordPlanner (Pending API connection)","Semrush/Ahrefs (Pending API connection)","150","28.4","180","24.2","16","18","12","8","75","P1","High-intent utility page in conversion cluster"
"https://usonlinetools.com/conversion/octal-converter","Octal Converter","conversion","en","US","octal converter","octal calculator","octal online","online octal converter","free octal converter","best octal converter","octal converter with steps and formula","octal converter for accurate results","octal converter metric and imperial","how to calculate octal converter","calculate octal converter easily","How does the octal converter work?","What formula is used in octal converter?","Can I copy or export results from this octal converter?","Octal Converter; formula; step-by-step; instant calculation; unit options; accuracy; worked example","Octal Converter; Browser APIs; Web Application; W3C; NIST; SI Units","Utility / Calculator","DATA NOT AVAILABLE","DATA NOT AVAILABLE","DATA NOT AVAILABLE","DATA NOT AVAILABLE","DATA NOT AVAILABLE","Stable","Semrush/KeywordPlanner (Pending API connection)","Semrush/Ahrefs (Pending API connection)","150","28.4","180","24.2","16","18","12","8","75","P1","High-intent utility page in conversion cluster"
"https://usonlinetools.com/conversion/unit-price-converter","Unit Price Converter","conversion","en","US","unit price converter","unit price calculator","unit price online","online unit price converter","free unit price converter","best unit price converter","unit price converter with steps and formula","unit price converter for accurate results","unit price converter metric and imperial","how to calculate unit price converter","calculate unit price converter easily","How does the unit price converter work?","What formula is used in unit price converter?","Can I copy or export results from this unit price converter?","Unit Price Converter; formula; step-by-step; instant calculation; unit options; accuracy; worked example","Unit Price Converter; Browser APIs; Web Application; W3C; NIST; SI Units","Utility / Calculator","DATA NOT AVAILABLE","DATA NOT AVAILABLE","DATA NOT AVAILABLE","DATA NOT AVAILABLE","DATA NOT AVAILABLE","Stable","Semrush/KeywordPlanner (Pending API connection)","Semrush/Ahrefs (Pending API connection)","150","28.4","180","24.2","16","18","12","8","75","P1","High-intent utility page in conversion cluster"
"https://usonlinetools.com/conversion/density-converter","Density Converter","conversion","en","US","density converter","density calculator","density online","online density converter","free density converter","best density converter","density converter with steps and formula","density converter for accurate results","density converter metric and imperial","how to calculate density converter","calculate density converter easily","How does the density converter work?","What formula is used in density converter?","Can I copy or export results from this density converter?","Density Converter; formula; step-by-step; instant calculation; unit options; accuracy; worked example","Density Converter; Browser APIs; Web Application; W3C; NIST; SI Units","Utility / Calculator","DATA NOT AVAILABLE","DATA NOT AVAILABLE","DATA NOT AVAILABLE","DATA NOT AVAILABLE","DATA NOT AVAILABLE","Stable","Semrush/KeywordPlanner (Pending API connection)","Semrush/Ahrefs (Pending API connection)","150","28.4","180","24.2","16","18","12","8","75","P1","High-intent utility page in conversion cluster"
"https://usonlinetools.com/conversion/power-converter","Power Converter","conversion","en","US","power converter","power calculator","power online","online power converter","free power converter","best power converter","power converter with steps and formula","power converter for accurate results","power converter metric and imperial","how to calculate power converter","calculate power converter easily","How does the power converter work?","What formula is used in power converter?","Can I copy or export results from this power converter?","Power Converter; formula; step-by-step; instant calculation; unit options; accuracy; worked example","Power Converter; Browser APIs; Web Application; W3C; NIST; SI Units","Utility / Calculator","DATA NOT AVAILABLE","DATA NOT AVAILABLE","DATA NOT AVAILABLE","DATA NOT AVAILABLE","DATA NOT AVAILABLE","Stable","Semrush/KeywordPlanner (Pending API connection)","Semrush/Ahrefs (Pending API connection)","150","28.4","180","24.2","16","18","12","8","75","P1","High-intent utility page in conversion cluster"
"https://usonlinetools.com/conversion/torque-converter","Torque Converter","conversion","en","US","torque converter","torque calculator","torque online","online torque converter","free torque converter","best torque converter","torque converter with steps and formula","torque converter for accurate results","torque converter metric and imperial","how to calculate torque converter","calculate torque converter easily","How does the torque converter work?","What formula is used in torque converter?","Can I copy or export results from this torque converter?","Torque Converter; formula; step-by-step; instant calculation; unit options; accuracy; worked example","Torque Converter; Browser APIs; Web Application; W3C; NIST; SI Units","Utility / Calculator","DATA NOT AVAILABLE","DATA NOT AVAILABLE","DATA NOT AVAILABLE","DATA NOT AVAILABLE","DATA NOT AVAILABLE","Stable","Semrush/KeywordPlanner (Pending API connection)","Semrush/Ahrefs (Pending API connection)","150","28.4","180","24.2","16","18","12","8","75","P1","High-intent utility page in conversion cluster"
"https://usonlinetools.com/conversion/force-converter","Force Converter","conversion","en","US","force converter","force calculator","force online","online force converter","free force converter","best force converter","force converter with steps and formula","force converter for accurate results","force converter metric and imperial","how to calculate force converter","calculate force converter easily","How does the force converter work?","What formula is used in force converter?","Can I copy or export results from this force converter?","Force Converter; formula; step-by-step; instant calculation; unit options; accuracy; worked example","Force Converter; Browser APIs; Web Application; W3C; NIST; SI Units","Utility / Calculator","DATA NOT AVAILABLE","DATA NOT AVAILABLE","DATA NOT AVAILABLE","DATA NOT AVAILABLE","DATA NOT AVAILABLE","Stable","Semrush/KeywordPlanner (Pending API connection)","Semrush/Ahrefs (Pending API connection)","150","28.4","180","24.2","16","18","12","8","75","P1","High-intent utility page in conversion cluster"
"https://usonlinetools.com/conversion/electric-current-converter","Electric Current Converter","conversion","en","US","electric current converter","electric current calculator","electric current online","online electric current converter","free electric current converter","best electric current converter","electric current converter with steps and formula","electric current converter for accurate results","electric current converter metric and imperial","how to calculate electric current converter","calculate electric current converter easily","How does the electric current converter work?","What formula is used in electric current converter?","Can I copy or export results from this electric current converter?","Electric Current Converter; formula; step-by-step; instant calculation; unit options; accuracy; worked example","Electric Current Converter; Browser APIs; Web Application; W3C; NIST; SI Units","Utility / Calculator","DATA NOT AVAILABLE","DATA NOT AVAILABLE","DATA NOT AVAILABLE","DATA NOT AVAILABLE","DATA NOT AVAILABLE","Stable","Semrush/KeywordPlanner (Pending API connection)","Semrush/Ahrefs (Pending API connection)","150","28.4","180","24.2","16","18","12","8","75","P1","High-intent utility page in conversion cluster"
"https://usonlinetools.com/conversion/online-shoe-size-converter","Shoe Size Converter","conversion","en","US","shoe size converter","shoe size calculator","shoe size online","online shoe size converter","free shoe size converter","best shoe size converter","shoe size converter with steps and formula","shoe size converter for accurate results","shoe size converter metric and imperial","how to calculate shoe size converter","calculate shoe size converter easily","How does the shoe size converter work?","What formula is used in shoe size converter?","Can I copy or export results from this shoe size converter?","Shoe Size Converter; formula; step-by-step; instant calculation; unit options; accuracy; worked example","Shoe Size Converter; Browser APIs; Web Application; W3C; NIST; SI Units","Utility / Calculator","DATA NOT AVAILABLE","DATA NOT AVAILABLE","DATA NOT AVAILABLE","DATA NOT AVAILABLE","DATA NOT AVAILABLE","Stable","Semrush/KeywordPlanner (Pending API connection)","Semrush/Ahrefs (Pending API connection)","150","28.4","180","24.2","16","18","12","8","75","P1","High-intent utility page in conversion cluster"
"https://usonlinetools.com/conversion/online-cooking-converter","Cooking Converter","conversion","en","US","cooking converter","cooking calculator","cooking online","online cooking converter","free cooking converter","best cooking converter","cooking converter with steps and formula","cooking converter for accurate results","cooking converter metric and imperial","how to calculate cooking converter","calculate cooking converter easily","How does the cooking converter work?","What formula is used in cooking converter?","Can I copy or export results from this cooking converter?","Cooking Converter; formula; step-by-step; instant calculation; unit options; accuracy; worked example","Cooking Converter; Browser APIs; Web Application; W3C; NIST; SI Units","Utility / Calculator","DATA NOT AVAILABLE","DATA NOT AVAILABLE","DATA NOT AVAILABLE","DATA NOT AVAILABLE","DATA NOT AVAILABLE","Stable","Semrush/KeywordPlanner (Pending API connection)","Semrush/Ahrefs (Pending API connection)","150","28.4","180","24.2","16","18","12","8","75","P1","High-intent utility page in conversion cluster"
"https://usonlinetools.com/time-date/online-age-calculator","Age Calculator","time-date","en","US","age calculator","age calculator","age online","online age calculator","free age calculator","best age calculator","age calculator with steps and formula","age calculator for accurate results","age calculator metric and imperial","how to calculate age","calculate age easily","How does the age calculator work?","What formula is used in age calculator?","Can I copy or export results from this age calculator?","Age Calculator; formula; step-by-step; instant calculation; unit options; accuracy; worked example","Age Calculator; Browser APIs; Web Application; W3C; NIST; SI Units","Utility / Calculator","DATA NOT AVAILABLE","DATA NOT AVAILABLE","DATA NOT AVAILABLE","DATA NOT AVAILABLE","DATA NOT AVAILABLE","Stable","Semrush/KeywordPlanner (Pending API connection)","Semrush/Ahrefs (Pending API connection)","150","28.4","180","24.2","20","20","14","9","84","P1","High-intent utility page in time-date cluster"
"https://usonlinetools.com/time-date/date-difference-calculator","Date Difference Calculator","time-date","en","US","date difference calculator","date difference calculator","date difference online","online date difference calculator","free date difference calculator","best date difference calculator","date difference calculator with steps and formula","date difference calculator for accurate results","date difference calculator metric and imperial","how to calculate date difference","calculate date difference easily","How does the date difference calculator work?","What formula is used in date difference calculator?","Can I copy or export results from this date difference calculator?","Date Difference Calculator; formula; step-by-step; instant calculation; unit options; accuracy; worked example","Date Difference Calculator; Browser APIs; Web Application; W3C; NIST; SI Units","Utility / Calculator","DATA NOT AVAILABLE","DATA NOT AVAILABLE","DATA NOT AVAILABLE","DATA NOT AVAILABLE","DATA NOT AVAILABLE","Stable","Semrush/KeywordPlanner (Pending API connection)","Semrush/Ahrefs (Pending API connection)","150","28.4","180","24.2","20","20","14","9","84","P1","High-intent utility page in time-date cluster"
"https://usonlinetools.com/time-date/online-countdown-timer","Countdown Timer","time-date","en","US","countdown timer","countdown timer calculator","countdown timer online","online countdown timer","free countdown timer","best countdown timer","countdown timer with steps and formula","countdown timer for accurate results","countdown timer metric and imperial","how to calculate countdown timer","calculate countdown timer easily","How does the countdown timer work?","What formula is used in countdown timer?","Can I copy or export results from this countdown timer?","Countdown Timer; formula; step-by-step; instant calculation; unit options; accuracy; worked example","Countdown Timer; Browser APIs; Web Application; W3C; NIST; SI Units","Utility / Calculator","DATA NOT AVAILABLE","DATA NOT AVAILABLE","DATA NOT AVAILABLE","DATA NOT AVAILABLE","DATA NOT AVAILABLE","Stable","Semrush/KeywordPlanner (Pending API connection)","Semrush/Ahrefs (Pending API connection)","150","28.4","180","24.2","20","20","14","9","84","P1","High-intent utility page in time-date cluster"
"https://usonlinetools.com/time-date/time-duration-calculator","Time Duration Calculator","time-date","en","US","time duration calculator","time duration calculator","time duration online","online time duration calculator","free time duration calculator","best time duration calculator","time duration calculator with steps and formula","time duration calculator for accurate results","time duration calculator metric and imperial","how to calculate time duration","calculate time duration easily","How does the time duration calculator work?","What formula is used in time duration calculator?","Can I copy or export results from this time duration calculator?","Time Duration Calculator; formula; step-by-step; instant calculation; unit options; accuracy; worked example","Time Duration Calculator; Browser APIs; Web Application; W3C; NIST; SI Units","Utility / Calculator","DATA NOT AVAILABLE","DATA NOT AVAILABLE","DATA NOT AVAILABLE","DATA NOT AVAILABLE","DATA NOT AVAILABLE","Stable","Semrush/KeywordPlanner (Pending API connection)","Semrush/Ahrefs (Pending API connection)","150","28.4","180","24.2","20","20","14","9","84","P1","High-intent utility page in time-date cluster"
"https://usonlinetools.com/time-date/work-hours-calculator","Work Hours Calculator","time-date","en","US","work hours calculator","work hours calculator","work hours online","online work hours calculator","free work hours calculator","best work hours calculator","work hours calculator with steps and formula","work hours calculator for accurate results","work hours calculator metric and imperial","how to calculate work hours","calculate work hours easily","How does the work hours calculator work?","What formula is used in work hours calculator?","Can I copy or export results from this work hours calculator?","Work Hours Calculator; formula; step-by-step; instant calculation; unit options; accuracy; worked example","Work Hours Calculator; Browser APIs; Web Application; W3C; NIST; SI Units","Utility / Calculator","DATA NOT AVAILABLE","DATA NOT AVAILABLE","DATA NOT AVAILABLE","DATA NOT AVAILABLE","DATA NOT AVAILABLE","Stable","Semrush/KeywordPlanner (Pending API connection)","Semrush/Ahrefs (Pending API connection)","150","28.4","180","24.2","20","20","14","9","84","P1","High-intent utility page in time-date cluster"
"https://usonlinetools.com/time-date/business-days-calculator","Business Days Calculator","time-date","en","US","business days calculator","business days calculator","business days online","online business days calculator","free business days calculator","best business days calculator","business days calculator with steps and formula","business days calculator for accurate results","business days calculator metric and imperial","how to calculate business days","calculate business days easily","How does the business days calculator work?","What formula is used in business days calculator?","Can I copy or export results from this business days calculator?","Business Days Calculator; formula; step-by-step; instant calculation; unit options; accuracy; worked example","Business Days Calculator; Browser APIs; Web Application; W3C; NIST; SI Units","Utility / Calculator","DATA NOT AVAILABLE","DATA NOT AVAILABLE","DATA NOT AVAILABLE","DATA NOT AVAILABLE","DATA NOT AVAILABLE","Stable","Semrush/KeywordPlanner (Pending API connection)","Semrush/Ahrefs (Pending API connection)","150","28.4","180","24.2","20","20","14","9","84","P1","High-intent utility page in time-date cluster"
"https://usonlinetools.com/time-date/leap-year-checker","Leap Year Checker","time-date","en","US","leap year checker","leap year checker calculator","leap year checker online","online leap year checker","free leap year checker","best leap year checker","leap year checker with steps and formula","leap year checker for accurate results","leap year checker metric and imperial","how to calculate leap year checker","calculate leap year checker easily","How does the leap year checker work?","What formula is used in leap year checker?","Can I copy or export results from this leap year checker?","Leap Year Checker; formula; step-by-step; instant calculation; unit options; accuracy; worked example","Leap Year Checker; Browser APIs; Web Application; W3C; NIST; SI Units","Utility / Calculator","DATA NOT AVAILABLE","DATA NOT AVAILABLE","DATA NOT AVAILABLE","DATA NOT AVAILABLE","DATA NOT AVAILABLE","Stable","Semrush/KeywordPlanner (Pending API connection)","Semrush/Ahrefs (Pending API connection)","150","28.4","180","24.2","20","20","14","9","84","P1","High-intent utility page in time-date cluster"
"https://usonlinetools.com/time-date/online-time-zone-converter","Time Zone Converter","time-date","en","US","time zone converter","time zone calculator","time zone online","online time zone converter","free time zone converter","best time zone converter","time zone converter with steps and formula","time zone converter for accurate results","time zone converter metric and imperial","how to calculate time zone converter","calculate time zone converter easily","How does the time zone converter work?","What formula is used in time zone converter?","Can I copy or export results from this time zone converter?","Time Zone Converter; formula; step-by-step; instant calculation; unit options; accuracy; worked example","Time Zone Converter; Browser APIs; Web Application; W3C; NIST; SI Units","Utility / Calculator","DATA NOT AVAILABLE","DATA NOT AVAILABLE","DATA NOT AVAILABLE","DATA NOT AVAILABLE","DATA NOT AVAILABLE","Stable","Semrush/KeywordPlanner (Pending API connection)","Semrush/Ahrefs (Pending API connection)","150","28.4","180","24.2","20","20","14","9","84","P1","High-intent utility page in time-date cluster"
"https://usonlinetools.com/time-date/online-stopwatch","Stopwatch Tool","time-date","en","US","stopwatch tool","stopwatch calculator","stopwatch online","online stopwatch tool","free stopwatch tool","best stopwatch tool","stopwatch tool with steps and formula","stopwatch tool for accurate results","stopwatch tool metric and imperial","how to calculate stopwatch tool","calculate stopwatch tool easily","How does the stopwatch tool work?","What formula is used in stopwatch tool?","Can I copy or export results from this stopwatch tool?","Stopwatch Tool; formula; step-by-step; instant calculation; unit options; accuracy; worked example","Stopwatch Tool; Browser APIs; Web Application; W3C; NIST; SI Units","Utility / Calculator","DATA NOT AVAILABLE","DATA NOT AVAILABLE","DATA NOT AVAILABLE","DATA NOT AVAILABLE","DATA NOT AVAILABLE","Stable","Semrush/KeywordPlanner (Pending API connection)","Semrush/Ahrefs (Pending API connection)","150","28.4","180","24.2","20","20","14","9","84","P1","High-intent utility page in time-date cluster"
"https://usonlinetools.com/time-date/half-birthday-calculator","Half Birthday Calculator","time-date","en","US","half birthday calculator","half birthday calculator","half birthday online","online half birthday calculator","free half birthday calculator","best half birthday calculator","half birthday calculator with steps and formula","half birthday calculator for accurate results","half birthday calculator metric and imperial","how to calculate half birthday","calculate half birthday easily","How does the half birthday calculator work?","What formula is used in half birthday calculator?","Can I copy or export results from this half birthday calculator?","Half Birthday Calculator; formula; step-by-step; instant calculation; unit options; accuracy; worked example","Half Birthday Calculator; Browser APIs; Web Application; W3C; NIST; SI Units","Utility / Calculator","DATA NOT AVAILABLE","DATA NOT AVAILABLE","DATA NOT AVAILABLE","DATA NOT AVAILABLE","DATA NOT AVAILABLE","Stable","Semrush/KeywordPlanner (Pending API connection)","Semrush/Ahrefs (Pending API connection)","150","28.4","180","24.2","20","20","14","9","84","P1","High-intent utility page in time-date cluster"
"https://usonlinetools.com/time-date/week-number-calculator","Week Number Calculator","time-date","en","US","week number calculator","week number calculator","week number online","online week number calculator","free week number calculator","best week number calculator","week number calculator with steps and formula","week number calculator for accurate results","week number calculator metric and imperial","how to calculate week number","calculate week number easily","How does the week number calculator work?","What formula is used in week number calculator?","Can I copy or export results from this week number calculator?","Week Number Calculator; formula; step-by-step; instant calculation; unit options; accuracy; worked example","Week Number Calculator; Browser APIs; Web Application; W3C; NIST; SI Units","Utility / Calculator","DATA NOT AVAILABLE","DATA NOT AVAILABLE","DATA NOT AVAILABLE","DATA NOT AVAILABLE","DATA NOT AVAILABLE","Stable","Semrush/KeywordPlanner (Pending API connection)","Semrush/Ahrefs (Pending API connection)","150","28.4","180","24.2","20","20","14","9","84","P1","High-intent utility page in time-date cluster"
"https://usonlinetools.com/time-date/overtime-calculator","Overtime Calculator","time-date","en","US","overtime calculator","overtime calculator","overtime online","online overtime calculator","free overtime calculator","best overtime calculator","overtime calculator with steps and formula","overtime calculator for accurate results","overtime calculator metric and imperial","how to calculate overtime","calculate overtime easily","How does the overtime calculator work?","What formula is used in overtime calculator?","Can I copy or export results from this overtime calculator?","Overtime Calculator; formula; step-by-step; instant calculation; unit options; accuracy; worked example","Overtime Calculator; Browser APIs; Web Application; W3C; NIST; SI Units","Utility / Calculator","DATA NOT AVAILABLE","DATA NOT AVAILABLE","DATA NOT AVAILABLE","DATA NOT AVAILABLE","DATA NOT AVAILABLE","Stable","Semrush/KeywordPlanner (Pending API connection)","Semrush/Ahrefs (Pending API connection)","150","28.4","180","24.2","20","20","14","9","84","P1","High-intent utility page in time-date cluster"
"https://usonlinetools.com/time-date/days-between-dates-calculator","Days Between Dates Calculator","time-date","en","US","days between dates calculator","days between dates calculator","days between dates online","online days between dates calculator","free days between dates calculator","best days between dates calculator","days between dates calculator with steps and formula","days between dates calculator for accurate results","days between dates calculator metric and imperial","how to calculate days between dates","calculate days between dates easily","How does the days between dates calculator work?","What formula is used in days between dates calculator?","Can I copy or export results from this days between dates calculator?","Days Between Dates Calculator; formula; step-by-step; instant calculation; unit options; accuracy; worked example","Days Between Dates Calculator; Browser APIs; Web Application; W3C; NIST; SI Units","Utility / Calculator","DATA NOT AVAILABLE","DATA NOT AVAILABLE","DATA NOT AVAILABLE","DATA NOT AVAILABLE","DATA NOT AVAILABLE","Stable","Semrush/KeywordPlanner (Pending API connection)","Semrush/Ahrefs (Pending API connection)","150","28.4","180","24.2","20","20","14","9","84","P1","High-intent utility page in time-date cluster"
"https://usonlinetools.com/time-date/working-days-calculator","Working Days Calculator","time-date","en","US","working days calculator","working days calculator","working days online","online working days calculator","free working days calculator","best working days calculator","working days calculator with steps and formula","working days calculator for accurate results","working days calculator metric and imperial","how to calculate working days","calculate working days easily","How does the working days calculator work?","What formula is used in working days calculator?","Can I copy or export results from this working days calculator?","Working Days Calculator; formula; step-by-step; instant calculation; unit options; accuracy; worked example","Working Days Calculator; Browser APIs; Web Application; W3C; NIST; SI Units","Utility / Calculator","DATA NOT AVAILABLE","DATA NOT AVAILABLE","DATA NOT AVAILABLE","DATA NOT AVAILABLE","DATA NOT AVAILABLE","Stable","Semrush/KeywordPlanner (Pending API connection)","Semrush/Ahrefs (Pending API connection)","150","28.4","180","24.2","20","20","14","9","84","P1","High-intent utility page in time-date cluster"
"https://usonlinetools.com/time-date/time-addition-calculator","Time Addition Calculator","time-date","en","US","time addition calculator","time addition calculator","time addition online","online time addition calculator","free time addition calculator","best time addition calculator","time addition calculator with steps and formula","time addition calculator for accurate results","time addition calculator metric and imperial","how to calculate time addition","calculate time addition easily","How does the time addition calculator work?","What formula is used in time addition calculator?","Can I copy or export results from this time addition calculator?","Time Addition Calculator; formula; step-by-step; instant calculation; unit options; accuracy; worked example","Time Addition Calculator; Browser APIs; Web Application; W3C; NIST; SI Units","Utility / Calculator","DATA NOT AVAILABLE","DATA NOT AVAILABLE","DATA NOT AVAILABLE","DATA NOT AVAILABLE","DATA NOT AVAILABLE","Stable","Semrush/KeywordPlanner (Pending API connection)","Semrush/Ahrefs (Pending API connection)","150","28.4","180","24.2","20","20","14","9","84","P1","High-intent utility page in time-date cluster"
"https://usonlinetools.com/time-date/time-subtraction-calculator","Time Subtraction Calculator","time-date","en","US","time subtraction calculator","time subtraction calculator","time subtraction online","online time subtraction calculator","free time subtraction calculator","best time subtraction calculator","time subtraction calculator with steps and formula","time subtraction calculator for accurate results","time subtraction calculator metric and imperial","how to calculate time subtraction","calculate time subtraction easily","How does the time subtraction calculator work?","What formula is used in time subtraction calculator?","Can I copy or export results from this time subtraction calculator?","Time Subtraction Calculator; formula; step-by-step; instant calculation; unit options; accuracy; worked example","Time Subtraction Calculator; Browser APIs; Web Application; W3C; NIST; SI Units","Utility / Calculator","DATA NOT AVAILABLE","DATA NOT AVAILABLE","DATA NOT AVAILABLE","DATA NOT AVAILABLE","DATA NOT AVAILABLE","Stable","Semrush/KeywordPlanner (Pending API connection)","Semrush/Ahrefs (Pending API connection)","150","28.4","180","24.2","20","20","14","9","84","P1","High-intent utility page in time-date cluster"
"https://usonlinetools.com/time-date/meeting-time-calculator","Meeting Time Calculator","time-date","en","US","meeting time calculator","meeting time calculator","meeting time online","online meeting time calculator","free meeting time calculator","best meeting time calculator","meeting time calculator with steps and formula","meeting time calculator for accurate results","meeting time calculator metric and imperial","how to calculate meeting time","calculate meeting time easily","How does the meeting time calculator work?","What formula is used in meeting time calculator?","Can I copy or export results from this meeting time calculator?","Meeting Time Calculator; formula; step-by-step; instant calculation; unit options; accuracy; worked example","Meeting Time Calculator; Browser APIs; Web Application; W3C; NIST; SI Units","Utility / Calculator","DATA NOT AVAILABLE","DATA NOT AVAILABLE","DATA NOT AVAILABLE","DATA NOT AVAILABLE","DATA NOT AVAILABLE","Stable","Semrush/KeywordPlanner (Pending API connection)","Semrush/Ahrefs (Pending API connection)","150","28.4","180","24.2","20","20","14","9","84","P1","High-intent utility page in time-date cluster"
"https://usonlinetools.com/time-date/shift-schedule-calculator","Shift Schedule Calculator","time-date","en","US","shift schedule calculator","shift schedule calculator","shift schedule online","online shift schedule calculator","free shift schedule calculator","best shift schedule calculator","shift schedule calculator with steps and formula","shift schedule calculator for accurate results","shift schedule calculator metric and imperial","how to calculate shift schedule","calculate shift schedule easily","How does the shift schedule calculator work?","What formula is used in shift schedule calculator?","Can I copy or export results from this shift schedule calculator?","Shift Schedule Calculator; formula; step-by-step; instant calculation; unit options; accuracy; worked example","Shift Schedule Calculator; Browser APIs; Web Application; W3C; NIST; SI Units","Utility / Calculator","DATA NOT AVAILABLE","DATA NOT AVAILABLE","DATA NOT AVAILABLE","DATA NOT AVAILABLE","DATA NOT AVAILABLE","Stable","Semrush/KeywordPlanner (Pending API connection)","Semrush/Ahrefs (Pending API connection)","150","28.4","180","24.2","20","20","14","9","84","P1","High-intent utility page in time-date cluster"
"https://usonlinetools.com/time-date/deadline-calculator","Deadline Calculator","time-date","en","US","deadline calculator","deadline calculator","deadline online","online deadline calculator","free deadline calculator","best deadline calculator","deadline calculator with steps and formula","deadline calculator for accurate results","deadline calculator metric and imperial","how to calculate deadline","calculate deadline easily","How does the deadline calculator work?","What formula is used in deadline calculator?","Can I copy or export results from this deadline calculator?","Deadline Calculator; formula; step-by-step; instant calculation; unit options; accuracy; worked example","Deadline Calculator; Browser APIs; Web Application; W3C; NIST; SI Units","Utility / Calculator","DATA NOT AVAILABLE","DATA NOT AVAILABLE","DATA NOT AVAILABLE","DATA NOT AVAILABLE","DATA NOT AVAILABLE","Stable","Semrush/KeywordPlanner (Pending API connection)","Semrush/Ahrefs (Pending API connection)","150","28.4","180","24.2","20","20","14","9","84","P1","High-intent utility page in time-date cluster"
"https://usonlinetools.com/time-date/study-time-calculator","Study Time Calculator","time-date","en","US","study time calculator","study time calculator","study time online","online study time calculator","free study time calculator","best study time calculator","study time calculator with steps and formula","study time calculator for accurate results","study time calculator metric and imperial","how to calculate study time","calculate study time easily","How does the study time calculator work?","What formula is used in study time calculator?","Can I copy or export results from this study time calculator?","Study Time Calculator; formula; step-by-step; instant calculation; unit options; accuracy; worked example","Study Time Calculator; Browser APIs; Web Application; W3C; NIST; SI Units","Utility / Calculator","DATA NOT AVAILABLE","DATA NOT AVAILABLE","DATA NOT AVAILABLE","DATA NOT AVAILABLE","DATA NOT AVAILABLE","Stable","Semrush/KeywordPlanner (Pending API connection)","Semrush/Ahrefs (Pending API connection)","150","28.4","180","24.2","20","20","14","9","84","P1","High-intent utility page in time-date cluster"
"https://usonlinetools.com/time-date/reading-time-calculator","Reading Time Calculator","time-date","en","US","reading time calculator","reading time calculator","reading time online","online reading time calculator","free reading time calculator","best reading time calculator","reading time calculator with steps and formula","reading time calculator for accurate results","reading time calculator metric and imperial","how to calculate reading time","calculate reading time easily","How does the reading time calculator work?","What formula is used in reading time calculator?","Can I copy or export results from this reading time calculator?","Reading Time Calculator; formula; step-by-step; instant calculation; unit options; accuracy; worked example","Reading Time Calculator; Browser APIs; Web Application; W3C; NIST; SI Units","Utility / Calculator","DATA NOT AVAILABLE","DATA NOT AVAILABLE","DATA NOT AVAILABLE","DATA NOT AVAILABLE","DATA NOT AVAILABLE","Stable","Semrush/KeywordPlanner (Pending API connection)","Semrush/Ahrefs (Pending API connection)","150","28.4","180","24.2","20","20","14","9","84","P1","High-intent utility page in time-date cluster"
"https://usonlinetools.com/time-date/event-countdown-timer","Event Countdown Timer","time-date","en","US","event countdown timer","event countdown timer calculator","event countdown timer online","online event countdown timer","free event countdown timer","best event countdown timer","event countdown timer with steps and formula","event countdown timer for accurate results","event countdown timer metric and imperial","how to calculate event countdown timer","calculate event countdown timer easily","How does the event countdown timer work?","What formula is used in event countdown timer?","Can I copy or export results from this event countdown timer?","Event Countdown Timer; formula; step-by-step; instant calculation; unit options; accuracy; worked example","Event Countdown Timer; Browser APIs; Web Application; W3C; NIST; SI Units","Utility / Calculator","DATA NOT AVAILABLE","DATA NOT AVAILABLE","DATA NOT AVAILABLE","DATA NOT AVAILABLE","DATA NOT AVAILABLE","Stable","Semrush/KeywordPlanner (Pending API connection)","Semrush/Ahrefs (Pending API connection)","150","28.4","180","24.2","20","20","14","9","84","P1","High-intent utility page in time-date cluster"
"https://usonlinetools.com/time-date/hourly-time-calculator","Hourly Time Calculator","time-date","en","US","hourly time calculator","hourly time calculator","hourly time online","online hourly time calculator","free hourly time calculator","best hourly time calculator","hourly time calculator with steps and formula","hourly time calculator for accurate results","hourly time calculator metric and imperial","how to calculate hourly time","calculate hourly time easily","How does the hourly time calculator work?","What formula is used in hourly time calculator?","Can I copy or export results from this hourly time calculator?","Hourly Time Calculator; formula; step-by-step; instant calculation; unit options; accuracy; worked example","Hourly Time Calculator; Browser APIs; Web Application; W3C; NIST; SI Units","Utility / Calculator","DATA NOT AVAILABLE","DATA NOT AVAILABLE","DATA NOT AVAILABLE","DATA NOT AVAILABLE","DATA NOT AVAILABLE","Stable","Semrush/KeywordPlanner (Pending API connection)","Semrush/Ahrefs (Pending API connection)","150","28.4","180","24.2","20","20","14","9","84","P1","High-intent utility page in time-date cluster"
"https://usonlinetools.com/time-date/shift-hours-calculator","Shift Hours Calculator","time-date","en","US","shift hours calculator","shift hours calculator","shift hours online","online shift hours calculator","free shift hours calculator","best shift hours calculator","shift hours calculator with steps and formula","shift hours calculator for accurate results","shift hours calculator metric and imperial","how to calculate shift hours","calculate shift hours easily","How does the shift hours calculator work?","What formula is used in shift hours calculator?","Can I copy or export results from this shift hours calculator?","Shift Hours Calculator; formula; step-by-step; instant calculation; unit options; accuracy; worked example","Shift Hours Calculator; Browser APIs; Web Application; W3C; NIST; SI Units","Utility / Calculator","DATA NOT AVAILABLE","DATA NOT AVAILABLE","DATA NOT AVAILABLE","DATA NOT AVAILABLE","DATA NOT AVAILABLE","Stable","Semrush/KeywordPlanner (Pending API connection)","Semrush/Ahrefs (Pending API connection)","150","28.4","180","24.2","20","20","14","9","84","P1","High-intent utility page in time-date cluster"
"https://usonlinetools.com/time-date/time-tracking-calculator","Time Tracking Calculator","time-date","en","US","time tracking calculator","time tracking calculator","time tracking online","online time tracking calculator","free time tracking calculator","best time tracking calculator","time tracking calculator with steps and formula","time tracking calculator for accurate results","time tracking calculator metric and imperial","how to calculate time tracking","calculate time tracking easily","How does the time tracking calculator work?","What formula is used in time tracking calculator?","Can I copy or export results from this time tracking calculator?","Time Tracking Calculator; formula; step-by-step; instant calculation; unit options; accuracy; worked example","Time Tracking Calculator; Browser APIs; Web Application; W3C; NIST; SI Units","Utility / Calculator","DATA NOT AVAILABLE","DATA NOT AVAILABLE","DATA NOT AVAILABLE","DATA NOT AVAILABLE","DATA NOT AVAILABLE","Stable","Semrush/KeywordPlanner (Pending API connection)","Semrush/Ahrefs (Pending API connection)","150","28.4","180","24.2","20","20","14","9","84","P1","High-intent utility page in time-date cluster"
"https://usonlinetools.com/time-date/time-calculator","Time Calculator","time-date","en","US","time calculator","time calculator","time online","online time calculator","free time calculator","best time calculator","time calculator with steps and formula","time calculator for accurate results","time calculator metric and imperial","how to calculate time","calculate time easily","How does the time calculator work?","What formula is used in time calculator?","Can I copy or export results from this time calculator?","Time Calculator; formula; step-by-step; instant calculation; unit options; accuracy; worked example","Time Calculator; Browser APIs; Web Application; W3C; NIST; SI Units","Utility / Calculator","DATA NOT AVAILABLE","DATA NOT AVAILABLE","DATA NOT AVAILABLE","DATA NOT AVAILABLE","DATA NOT AVAILABLE","Stable","Semrush/KeywordPlanner (Pending API connection)","Semrush/Ahrefs (Pending API connection)","150","28.4","180","24.2","20","20","14","9","84","P1","High-intent utility page in time-date cluster"
"https://usonlinetools.com/time-date/online-military-time-converter","Military Time Converter","time-date","en","US","military time converter","military time calculator","military time online","online military time converter","free military time converter","best military time converter","military time converter with steps and formula","military time converter for accurate results","military time converter metric and imperial","how to calculate military time converter","calculate military time converter easily","How does the military time converter work?","What formula is used in military time converter?","Can I copy or export results from this military time converter?","Military Time Converter; formula; step-by-step; instant calculation; unit options; accuracy; worked example","Military Time Converter; Browser APIs; Web Application; W3C; NIST; SI Units","Utility / Calculator","DATA NOT AVAILABLE","DATA NOT AVAILABLE","DATA NOT AVAILABLE","DATA NOT AVAILABLE","DATA NOT AVAILABLE","Stable","Semrush/KeywordPlanner (Pending API connection)","Semrush/Ahrefs (Pending API connection)","150","28.4","180","24.2","20","20","14","9","84","P1","High-intent utility page in time-date cluster"
"https://usonlinetools.com/time-date/era-calculator","Era Calculator","time-date","en","US","era calculator","era calculator","era online","online era calculator","free era calculator","best era calculator","era calculator with steps and formula","era calculator for accurate results","era calculator metric and imperial","how to calculate era","calculate era easily","How does the era calculator work?","What formula is used in era calculator?","Can I copy or export results from this era calculator?","Era Calculator; formula; step-by-step; instant calculation; unit options; accuracy; worked example","Era Calculator; Browser APIs; Web Application; W3C; NIST; SI Units","Utility / Calculator","DATA NOT AVAILABLE","DATA NOT AVAILABLE","DATA NOT AVAILABLE","DATA NOT AVAILABLE","DATA NOT AVAILABLE","Stable","Semrush/KeywordPlanner (Pending API connection)","Semrush/Ahrefs (Pending API connection)","150","28.4","180","24.2","20","20","14","9","84","P1","High-intent utility page in time-date cluster"
"https://usonlinetools.com/time-date/zodiac-sign-calculator","Zodiac Sign Calculator","time-date","en","US","zodiac sign calculator","zodiac sign calculator","zodiac sign online","online zodiac sign calculator","free zodiac sign calculator","best zodiac sign calculator","zodiac sign calculator with steps and formula","zodiac sign calculator for accurate results","zodiac sign calculator metric and imperial","how to calculate zodiac sign","calculate zodiac sign easily","How does the zodiac sign calculator work?","What formula is used in zodiac sign calculator?","Can I copy or export results from this zodiac sign calculator?","Zodiac Sign Calculator; formula; step-by-step; instant calculation; unit options; accuracy; worked example","Zodiac Sign Calculator; Browser APIs; Web Application; W3C; NIST; SI Units","Utility / Calculator","DATA NOT AVAILABLE","DATA NOT AVAILABLE","DATA NOT AVAILABLE","DATA NOT AVAILABLE","DATA NOT AVAILABLE","Stable","Semrush/KeywordPlanner (Pending API connection)","Semrush/Ahrefs (Pending API connection)","150","28.4","180","24.2","20","20","14","9","84","P1","High-intent utility page in time-date cluster"
"https://usonlinetools.com/time-date/chinese-zodiac-calculator","Chinese Zodiac Calculator","time-date","en","US","chinese zodiac calculator","chinese zodiac calculator","chinese zodiac online","online chinese zodiac calculator","free chinese zodiac calculator","best chinese zodiac calculator","chinese zodiac calculator with steps and formula","chinese zodiac calculator for accurate results","chinese zodiac calculator metric and imperial","how to calculate chinese zodiac","calculate chinese zodiac easily","How does the chinese zodiac calculator work?","What formula is used in chinese zodiac calculator?","Can I copy or export results from this chinese zodiac calculator?","Chinese Zodiac Calculator; formula; step-by-step; instant calculation; unit options; accuracy; worked example","Chinese Zodiac Calculator; Browser APIs; Web Application; W3C; NIST; SI Units","Utility / Calculator","DATA NOT AVAILABLE","DATA NOT AVAILABLE","DATA NOT AVAILABLE","DATA NOT AVAILABLE","DATA NOT AVAILABLE","Stable","Semrush/KeywordPlanner (Pending API connection)","Semrush/Ahrefs (Pending API connection)","150","28.4","180","24.2","20","20","14","9","84","P1","High-intent utility page in time-date cluster"
"https://usonlinetools.com/time-date/age-in-days-calculator","Age in Days Calculator","time-date","en","US","age in days calculator","age in days calculator","age in days online","online age in days calculator","free age in days calculator","best age in days calculator","age in days calculator with steps and formula","age in days calculator for accurate results","age in days calculator metric and imperial","how to calculate age in days","calculate age in days easily","How does the age in days calculator work?","What formula is used in age in days calculator?","Can I copy or export results from this age in days calculator?","Age in Days Calculator; formula; step-by-step; instant calculation; unit options; accuracy; worked example","Age in Days Calculator; Browser APIs; Web Application; W3C; NIST; SI Units","Utility / Calculator","DATA NOT AVAILABLE","DATA NOT AVAILABLE","DATA NOT AVAILABLE","DATA NOT AVAILABLE","DATA NOT AVAILABLE","Stable","Semrush/KeywordPlanner (Pending API connection)","Semrush/Ahrefs (Pending API connection)","150","28.4","180","24.2","20","20","14","9","84","P1","High-intent utility page in time-date cluster"
"https://usonlinetools.com/time-date/retirement-age-calculator","Retirement Age Calculator","time-date","en","US","retirement age calculator","retirement age calculator","retirement age online","online retirement age calculator","free retirement age calculator","best retirement age calculator","retirement age calculator with steps and formula","retirement age calculator for accurate results","retirement age calculator metric and imperial","how to calculate retirement age","calculate retirement age easily","How does the retirement age calculator work?","What formula is used in retirement age calculator?","Can I copy or export results from this retirement age calculator?","Retirement Age Calculator; formula; step-by-step; instant calculation; unit options; accuracy; worked example","Retirement Age Calculator; Browser APIs; Web Application; W3C; NIST; SI Units","Utility / Calculator","DATA NOT AVAILABLE","DATA NOT AVAILABLE","DATA NOT AVAILABLE","DATA NOT AVAILABLE","DATA NOT AVAILABLE","Stable","Semrush/KeywordPlanner (Pending API connection)","Semrush/Ahrefs (Pending API connection)","150","28.4","180","24.2","20","20","14","9","84","P1","High-intent utility page in time-date cluster"
"https://usonlinetools.com/health/online-bmi-calculator","BMI Calculator","health","en","US","bmi calculator","bmi calculator","bmi online","online bmi calculator","free bmi calculator","best bmi calculator","bmi calculator with steps and formula","bmi calculator for accurate results","bmi calculator metric and imperial","how to calculate bmi","calculate bmi easily","How does the bmi calculator work?","What formula is used in bmi calculator?","Can I copy or export results from this bmi calculator?","BMI Calculator; formula; step-by-step; instant calculation; unit options; accuracy; worked example","BMI Calculator; Browser APIs; Web Application; W3C; NIST; SI Units","Utility / Calculator","DATA NOT AVAILABLE","DATA NOT AVAILABLE","DATA NOT AVAILABLE","DATA NOT AVAILABLE","DATA NOT AVAILABLE","Stable","Semrush/KeywordPlanner (Pending API connection)","Semrush/Ahrefs (Pending API connection)","150","28.4","180","24.2","16","18","12","8","75","P1","High-intent utility page in health cluster"
"https://usonlinetools.com/health/online-bmr-calculator","BMR Calculator","health","en","US","bmr calculator","bmr calculator","bmr online","online bmr calculator","free bmr calculator","best bmr calculator","bmr calculator with steps and formula","bmr calculator for accurate results","bmr calculator metric and imperial","how to calculate bmr","calculate bmr easily","How does the bmr calculator work?","What formula is used in bmr calculator?","Can I copy or export results from this bmr calculator?","BMR Calculator; formula; step-by-step; instant calculation; unit options; accuracy; worked example","BMR Calculator; Browser APIs; Web Application; W3C; NIST; SI Units","Utility / Calculator","DATA NOT AVAILABLE","DATA NOT AVAILABLE","DATA NOT AVAILABLE","DATA NOT AVAILABLE","DATA NOT AVAILABLE","Stable","Semrush/KeywordPlanner (Pending API connection)","Semrush/Ahrefs (Pending API connection)","150","28.4","180","24.2","16","18","12","8","75","P1","High-intent utility page in health cluster"
"https://usonlinetools.com/health/online-body-surface-area-calculator","Body Surface Area Calculator","health","en","US","body surface area calculator","body surface area calculator","body surface area online","online body surface area calculator","free body surface area calculator","best body surface area calculator","body surface area calculator with steps and formula","body surface area calculator for accurate results","body surface area calculator metric and imperial","how to calculate body surface area","calculate body surface area easily","How does the body surface area calculator work?","What formula is used in body surface area calculator?","Can I copy or export results from this body surface area calculator?","Body Surface Area Calculator; formula; step-by-step; instant calculation; unit options; accuracy; worked example","Body Surface Area Calculator; Browser APIs; Web Application; W3C; NIST; SI Units","Utility / Calculator","DATA NOT AVAILABLE","DATA NOT AVAILABLE","DATA NOT AVAILABLE","DATA NOT AVAILABLE","DATA NOT AVAILABLE","Stable","Semrush/KeywordPlanner (Pending API connection)","Semrush/Ahrefs (Pending API connection)","150","28.4","180","24.2","16","18","12","8","75","P1","High-intent utility page in health cluster"
"https://usonlinetools.com/health/online-tdee-calculator","TDEE Calculator","health","en","US","tdee calculator","tdee calculator","tdee online","online tdee calculator","free tdee calculator","best tdee calculator","tdee calculator with steps and formula","tdee calculator for accurate results","tdee calculator metric and imperial","how to calculate tdee","calculate tdee easily","How does the tdee calculator work?","What formula is used in tdee calculator?","Can I copy or export results from this tdee calculator?","TDEE Calculator; formula; step-by-step; instant calculation; unit options; accuracy; worked example","TDEE Calculator; Browser APIs; Web Application; W3C; NIST; SI Units","Utility / Calculator","DATA NOT AVAILABLE","DATA NOT AVAILABLE","DATA NOT AVAILABLE","DATA NOT AVAILABLE","DATA NOT AVAILABLE","Stable","Semrush/KeywordPlanner (Pending API connection)","Semrush/Ahrefs (Pending API connection)","150","28.4","180","24.2","16","18","12","8","75","P1","High-intent utility page in health cluster"
"https://usonlinetools.com/health/calorie-intake-calculator","Calorie Intake Calculator","health","en","US","calorie intake calculator","calorie intake calculator","calorie intake online","online calorie intake calculator","free calorie intake calculator","best calorie intake calculator","calorie intake calculator with steps and formula","calorie intake calculator for accurate results","calorie intake calculator metric and imperial","how to calculate calorie intake","calculate calorie intake easily","How does the calorie intake calculator work?","What formula is used in calorie intake calculator?","Can I copy or export results from this calorie intake calculator?","Calorie Intake Calculator; formula; step-by-step; instant calculation; unit options; accuracy; worked example","Calorie Intake Calculator; Browser APIs; Web Application; W3C; NIST; SI Units","Utility / Calculator","DATA NOT AVAILABLE","DATA NOT AVAILABLE","DATA NOT AVAILABLE","DATA NOT AVAILABLE","DATA NOT AVAILABLE","Stable","Semrush/KeywordPlanner (Pending API connection)","Semrush/Ahrefs (Pending API connection)","150","28.4","180","24.2","16","18","12","8","75","P1","High-intent utility page in health cluster"
"https://usonlinetools.com/health/water-intake-calculator","Water Intake Calculator","health","en","US","water intake calculator","water intake calculator","water intake online","online water intake calculator","free water intake calculator","best water intake calculator","water intake calculator with steps and formula","water intake calculator for accurate results","water intake calculator metric and imperial","how to calculate water intake","calculate water intake easily","How does the water intake calculator work?","What formula is used in water intake calculator?","Can I copy or export results from this water intake calculator?","Water Intake Calculator; formula; step-by-step; instant calculation; unit options; accuracy; worked example","Water Intake Calculator; Browser APIs; Web Application; W3C; NIST; SI Units","Utility / Calculator","DATA NOT AVAILABLE","DATA NOT AVAILABLE","DATA NOT AVAILABLE","DATA NOT AVAILABLE","DATA NOT AVAILABLE","Stable","Semrush/KeywordPlanner (Pending API connection)","Semrush/Ahrefs (Pending API connection)","150","28.4","180","24.2","16","18","12","8","75","P1","High-intent utility page in health cluster"
"https://usonlinetools.com/health/ideal-weight-calculator","Ideal Weight Calculator","health","en","US","ideal weight calculator","ideal weight calculator","ideal weight online","online ideal weight calculator","free ideal weight calculator","best ideal weight calculator","ideal weight calculator with steps and formula","ideal weight calculator for accurate results","ideal weight calculator metric and imperial","how to calculate ideal weight","calculate ideal weight easily","How does the ideal weight calculator work?","What formula is used in ideal weight calculator?","Can I copy or export results from this ideal weight calculator?","Ideal Weight Calculator; formula; step-by-step; instant calculation; unit options; accuracy; worked example","Ideal Weight Calculator; Browser APIs; Web Application; W3C; NIST; SI Units","Utility / Calculator","DATA NOT AVAILABLE","DATA NOT AVAILABLE","DATA NOT AVAILABLE","DATA NOT AVAILABLE","DATA NOT AVAILABLE","Stable","Semrush/KeywordPlanner (Pending API connection)","Semrush/Ahrefs (Pending API connection)","150","28.4","180","24.2","16","18","12","8","75","P1","High-intent utility page in health cluster"
"https://usonlinetools.com/health/body-fat-calculator","Body Fat Calculator","health","en","US","body fat calculator","body fat calculator","body fat online","online body fat calculator","free body fat calculator","best body fat calculator","body fat calculator with steps and formula","body fat calculator for accurate results","body fat calculator metric and imperial","how to calculate body fat","calculate body fat easily","How does the body fat calculator work?","What formula is used in body fat calculator?","Can I copy or export results from this body fat calculator?","Body Fat Calculator; formula; step-by-step; instant calculation; unit options; accuracy; worked example","Body Fat Calculator; Browser APIs; Web Application; W3C; NIST; SI Units","Utility / Calculator","DATA NOT AVAILABLE","DATA NOT AVAILABLE","DATA NOT AVAILABLE","DATA NOT AVAILABLE","DATA NOT AVAILABLE","Stable","Semrush/KeywordPlanner (Pending API connection)","Semrush/Ahrefs (Pending API connection)","150","28.4","180","24.2","16","18","12","8","75","P1","High-intent utility page in health cluster"
"https://usonlinetools.com/health/protein-intake-calculator","Protein Intake Calculator","health","en","US","protein intake calculator","protein intake calculator","protein intake online","online protein intake calculator","free protein intake calculator","best protein intake calculator","protein intake calculator with steps and formula","protein intake calculator for accurate results","protein intake calculator metric and imperial","how to calculate protein intake","calculate protein intake easily","How does the protein intake calculator work?","What formula is used in protein intake calculator?","Can I copy or export results from this protein intake calculator?","Protein Intake Calculator; formula; step-by-step; instant calculation; unit options; accuracy; worked example","Protein Intake Calculator; Browser APIs; Web Application; W3C; NIST; SI Units","Utility / Calculator","DATA NOT AVAILABLE","DATA NOT AVAILABLE","DATA NOT AVAILABLE","DATA NOT AVAILABLE","DATA NOT AVAILABLE","Stable","Semrush/KeywordPlanner (Pending API connection)","Semrush/Ahrefs (Pending API connection)","150","28.4","180","24.2","16","18","12","8","75","P1","High-intent utility page in health cluster"
"https://usonlinetools.com/health/running-pace-calculator","Running Pace Calculator","health","en","US","running pace calculator","running pace calculator","running pace online","online running pace calculator","free running pace calculator","best running pace calculator","running pace calculator with steps and formula","running pace calculator for accurate results","running pace calculator metric and imperial","how to calculate running pace","calculate running pace easily","How does the running pace calculator work?","What formula is used in running pace calculator?","Can I copy or export results from this running pace calculator?","Running Pace Calculator; formula; step-by-step; instant calculation; unit options; accuracy; worked example","Running Pace Calculator; Browser APIs; Web Application; W3C; NIST; SI Units","Utility / Calculator","DATA NOT AVAILABLE","DATA NOT AVAILABLE","DATA NOT AVAILABLE","DATA NOT AVAILABLE","DATA NOT AVAILABLE","Stable","Semrush/KeywordPlanner (Pending API connection)","Semrush/Ahrefs (Pending API connection)","150","28.4","180","24.2","16","18","12","8","75","P1","High-intent utility page in health cluster"
"https://usonlinetools.com/health/heart-rate-calculator","Heart Rate Calculator","health","en","US","heart rate calculator","heart rate calculator","heart rate online","online heart rate calculator","free heart rate calculator","best heart rate calculator","heart rate calculator with steps and formula","heart rate calculator for accurate results","heart rate calculator metric and imperial","how to calculate heart rate","calculate heart rate easily","How does the heart rate calculator work?","What formula is used in heart rate calculator?","Can I copy or export results from this heart rate calculator?","Heart Rate Calculator; formula; step-by-step; instant calculation; unit options; accuracy; worked example","Heart Rate Calculator; Browser APIs; Web Application; W3C; NIST; SI Units","Utility / Calculator","DATA NOT AVAILABLE","DATA NOT AVAILABLE","DATA NOT AVAILABLE","DATA NOT AVAILABLE","DATA NOT AVAILABLE","Stable","Semrush/KeywordPlanner (Pending API connection)","Semrush/Ahrefs (Pending API connection)","150","28.4","180","24.2","16","18","12","8","75","P1","High-intent utility page in health cluster"
"https://usonlinetools.com/health/sleep-calculator","Sleep Calculator","health","en","US","sleep calculator","sleep calculator","sleep online","online sleep calculator","free sleep calculator","best sleep calculator","sleep calculator with steps and formula","sleep calculator for accurate results","sleep calculator metric and imperial","how to calculate sleep","calculate sleep easily","How does the sleep calculator work?","What formula is used in sleep calculator?","Can I copy or export results from this sleep calculator?","Sleep Calculator; formula; step-by-step; instant calculation; unit options; accuracy; worked example","Sleep Calculator; Browser APIs; Web Application; W3C; NIST; SI Units","Utility / Calculator","DATA NOT AVAILABLE","DATA NOT AVAILABLE","DATA NOT AVAILABLE","DATA NOT AVAILABLE","DATA NOT AVAILABLE","Stable","Semrush/KeywordPlanner (Pending API connection)","Semrush/Ahrefs (Pending API connection)","150","28.4","180","24.2","16","18","12","8","75","P1","High-intent utility page in health cluster"
"https://usonlinetools.com/health/pregnancy-due-date-calculator","Pregnancy Due Date Calculator","health","en","US","pregnancy due date calculator","pregnancy due date calculator","pregnancy due date online","online pregnancy due date calculator","free pregnancy due date calculator","best pregnancy due date calculator","pregnancy due date calculator with steps and formula","pregnancy due date calculator for accurate results","pregnancy due date calculator metric and imperial","how to calculate pregnancy due date","calculate pregnancy due date easily","How does the pregnancy due date calculator work?","What formula is used in pregnancy due date calculator?","Can I copy or export results from this pregnancy due date calculator?","Pregnancy Due Date Calculator; formula; step-by-step; instant calculation; unit options; accuracy; worked example","Pregnancy Due Date Calculator; Browser APIs; Web Application; W3C; NIST; SI Units","Utility / Calculator","DATA NOT AVAILABLE","DATA NOT AVAILABLE","DATA NOT AVAILABLE","DATA NOT AVAILABLE","DATA NOT AVAILABLE","Stable","Semrush/KeywordPlanner (Pending API connection)","Semrush/Ahrefs (Pending API connection)","150","28.4","180","24.2","16","18","12","8","75","P1","High-intent utility page in health cluster"
"https://usonlinetools.com/calculators/ovulation-calculator/","Ovulation Calculator","health","en","US","ovulation calculator","ovulation calculator","ovulation online","online ovulation calculator","free ovulation calculator","best ovulation calculator","ovulation calculator with steps and formula","ovulation calculator for accurate results","ovulation calculator metric and imperial","how to calculate ovulation","calculate ovulation easily","How does the ovulation calculator work?","What formula is used in ovulation calculator?","Can I copy or export results from this ovulation calculator?","Ovulation Calculator; formula; step-by-step; instant calculation; unit options; accuracy; worked example","Ovulation Calculator; Browser APIs; Web Application; W3C; NIST; SI Units","Utility / Calculator","DATA NOT AVAILABLE","DATA NOT AVAILABLE","DATA NOT AVAILABLE","DATA NOT AVAILABLE","DATA NOT AVAILABLE","Stable","Semrush/KeywordPlanner (Pending API connection)","Semrush/Ahrefs (Pending API connection)","150","28.4","180","24.2","16","18","12","8","75","P1","High-intent utility page in health cluster"
"https://usonlinetools.com/health/calorie-deficit-calculator","Calorie Deficit Calculator","health","en","US","calorie deficit calculator","calorie deficit calculator","calorie deficit online","online calorie deficit calculator","free calorie deficit calculator","best calorie deficit calculator","calorie deficit calculator with steps and formula","calorie deficit calculator for accurate results","calorie deficit calculator metric and imperial","how to calculate calorie deficit","calculate calorie deficit easily","How does the calorie deficit calculator work?","What formula is used in calorie deficit calculator?","Can I copy or export results from this calorie deficit calculator?","Calorie Deficit Calculator; formula; step-by-step; instant calculation; unit options; accuracy; worked example","Calorie Deficit Calculator; Browser APIs; Web Application; W3C; NIST; SI Units","Utility / Calculator","DATA NOT AVAILABLE","DATA NOT AVAILABLE","DATA NOT AVAILABLE","DATA NOT AVAILABLE","DATA NOT AVAILABLE","Stable","Semrush/KeywordPlanner (Pending API connection)","Semrush/Ahrefs (Pending API connection)","150","28.4","180","24.2","16","18","12","8","75","P1","High-intent utility page in health cluster"
"https://usonlinetools.com/health/cat-age-calculator","Cat Age Calculator","health","en","US","cat age calculator","cat age calculator","cat age online","online cat age calculator","free cat age calculator","best cat age calculator","cat age calculator with steps and formula","cat age calculator for accurate results","cat age calculator metric and imperial","how to calculate cat age","calculate cat age easily","How does the cat age calculator work?","What formula is used in cat age calculator?","Can I copy or export results from this cat age calculator?","Cat Age Calculator; formula; step-by-step; instant calculation; unit options; accuracy; worked example","Cat Age Calculator; Browser APIs; Web Application; W3C; NIST; SI Units","Utility / Calculator","DATA NOT AVAILABLE","DATA NOT AVAILABLE","DATA NOT AVAILABLE","DATA NOT AVAILABLE","DATA NOT AVAILABLE","Stable","Semrush/KeywordPlanner (Pending API connection)","Semrush/Ahrefs (Pending API connection)","150","28.4","180","24.2","16","18","12","8","75","P1","High-intent utility page in health cluster"
"https://usonlinetools.com/health/dog-age-calculator","Dog Age Calculator","health","en","US","dog age calculator","dog age calculator","dog age online","online dog age calculator","free dog age calculator","best dog age calculator","dog age calculator with steps and formula","dog age calculator for accurate results","dog age calculator metric and imperial","how to calculate dog age","calculate dog age easily","How does the dog age calculator work?","What formula is used in dog age calculator?","Can I copy or export results from this dog age calculator?","Dog Age Calculator; formula; step-by-step; instant calculation; unit options; accuracy; worked example","Dog Age Calculator; Browser APIs; Web Application; W3C; NIST; SI Units","Utility / Calculator","DATA NOT AVAILABLE","DATA NOT AVAILABLE","DATA NOT AVAILABLE","DATA NOT AVAILABLE","DATA NOT AVAILABLE","Stable","Semrush/KeywordPlanner (Pending API connection)","Semrush/Ahrefs (Pending API connection)","150","28.4","180","24.2","16","18","12","8","75","P1","High-intent utility page in health cluster"
"https://usonlinetools.com/health/lean-body-mass-calculator","Lean Body Mass Calculator","health","en","US","lean body mass calculator","lean body mass calculator","lean body mass online","online lean body mass calculator","free lean body mass calculator","best lean body mass calculator","lean body mass calculator with steps and formula","lean body mass calculator for accurate results","lean body mass calculator metric and imperial","how to calculate lean body mass","calculate lean body mass easily","How does the lean body mass calculator work?","What formula is used in lean body mass calculator?","Can I copy or export results from this lean body mass calculator?","Lean Body Mass Calculator; formula; step-by-step; instant calculation; unit options; accuracy; worked example","Lean Body Mass Calculator; Browser APIs; Web Application; W3C; NIST; SI Units","Utility / Calculator","DATA NOT AVAILABLE","DATA NOT AVAILABLE","DATA NOT AVAILABLE","DATA NOT AVAILABLE","DATA NOT AVAILABLE","Stable","Semrush/KeywordPlanner (Pending API connection)","Semrush/Ahrefs (Pending API connection)","150","28.4","180","24.2","16","18","12","8","75","P1","High-intent utility page in health cluster"
"https://usonlinetools.com/health/daily-calories-burn-calculator","Daily Calories Burn Calculator","health","en","US","daily calories burn calculator","daily calories burn calculator","daily calories burn online","online daily calories burn calculator","free daily calories burn calculator","best daily calories burn calculator","daily calories burn calculator with steps and formula","daily calories burn calculator for accurate results","daily calories burn calculator metric and imperial","how to calculate daily calories burn","calculate daily calories burn easily","How does the daily calories burn calculator work?","What formula is used in daily calories burn calculator?","Can I copy or export results from this daily calories burn calculator?","Daily Calories Burn Calculator; formula; step-by-step; instant calculation; unit options; accuracy; worked example","Daily Calories Burn Calculator; Browser APIs; Web Application; W3C; NIST; SI Units","Utility / Calculator","DATA NOT AVAILABLE","DATA NOT AVAILABLE","DATA NOT AVAILABLE","DATA NOT AVAILABLE","DATA NOT AVAILABLE","Stable","Semrush/KeywordPlanner (Pending API connection)","Semrush/Ahrefs (Pending API connection)","150","28.4","180","24.2","16","18","12","8","75","P1","High-intent utility page in health cluster"
"https://usonlinetools.com/health/one-rep-max-calculator","One Rep Max Calculator","health","en","US","one rep max calculator","one rep max calculator","one rep max online","online one rep max calculator","free one rep max calculator","best one rep max calculator","one rep max calculator with steps and formula","one rep max calculator for accurate results","one rep max calculator metric and imperial","how to calculate one rep max","calculate one rep max easily","How does the one rep max calculator work?","What formula is used in one rep max calculator?","Can I copy or export results from this one rep max calculator?","One Rep Max Calculator; formula; step-by-step; instant calculation; unit options; accuracy; worked example","One Rep Max Calculator; Browser APIs; Web Application; W3C; NIST; SI Units","Utility / Calculator","DATA NOT AVAILABLE","DATA NOT AVAILABLE","DATA NOT AVAILABLE","DATA NOT AVAILABLE","DATA NOT AVAILABLE","Stable","Semrush/KeywordPlanner (Pending API connection)","Semrush/Ahrefs (Pending API connection)","150","28.4","180","24.2","16","18","12","8","75","P1","High-intent utility page in health cluster"
"https://usonlinetools.com/health/body-type-calculator","Body Type Calculator","health","en","US","body type calculator","body type calculator","body type online","online body type calculator","free body type calculator","best body type calculator","body type calculator with steps and formula","body type calculator for accurate results","body type calculator metric and imperial","how to calculate body type","calculate body type easily","How does the body type calculator work?","What formula is used in body type calculator?","Can I copy or export results from this body type calculator?","Body Type Calculator; formula; step-by-step; instant calculation; unit options; accuracy; worked example","Body Type Calculator; Browser APIs; Web Application; W3C; NIST; SI Units","Utility / Calculator","DATA NOT AVAILABLE","DATA NOT AVAILABLE","DATA NOT AVAILABLE","DATA NOT AVAILABLE","DATA NOT AVAILABLE","Stable","Semrush/KeywordPlanner (Pending API connection)","Semrush/Ahrefs (Pending API connection)","150","28.4","180","24.2","16","18","12","8","75","P1","High-intent utility page in health cluster"
"https://usonlinetools.com/health/fitness-age-calculator","Fitness Age Calculator","health","en","US","fitness age calculator","fitness age calculator","fitness age online","online fitness age calculator","free fitness age calculator","best fitness age calculator","fitness age calculator with steps and formula","fitness age calculator for accurate results","fitness age calculator metric and imperial","how to calculate fitness age","calculate fitness age easily","How does the fitness age calculator work?","What formula is used in fitness age calculator?","Can I copy or export results from this fitness age calculator?","Fitness Age Calculator; formula; step-by-step; instant calculation; unit options; accuracy; worked example","Fitness Age Calculator; Browser APIs; Web Application; W3C; NIST; SI Units","Utility / Calculator","DATA NOT AVAILABLE","DATA NOT AVAILABLE","DATA NOT AVAILABLE","DATA NOT AVAILABLE","DATA NOT AVAILABLE","Stable","Semrush/KeywordPlanner (Pending API connection)","Semrush/Ahrefs (Pending API connection)","150","28.4","180","24.2","16","18","12","8","75","P1","High-intent utility page in health cluster"
"https://usonlinetools.com/health/walking-calories-calculator","Walking Calories Calculator","health","en","US","walking calories calculator","walking calories calculator","walking calories online","online walking calories calculator","free walking calories calculator","best walking calories calculator","walking calories calculator with steps and formula","walking calories calculator for accurate results","walking calories calculator metric and imperial","how to calculate walking calories","calculate walking calories easily","How does the walking calories calculator work?","What formula is used in walking calories calculator?","Can I copy or export results from this walking calories calculator?","Walking Calories Calculator; formula; step-by-step; instant calculation; unit options; accuracy; worked example","Walking Calories Calculator; Browser APIs; Web Application; W3C; NIST; SI Units","Utility / Calculator","DATA NOT AVAILABLE","DATA NOT AVAILABLE","DATA NOT AVAILABLE","DATA NOT AVAILABLE","DATA NOT AVAILABLE","Stable","Semrush/KeywordPlanner (Pending API connection)","Semrush/Ahrefs (Pending API connection)","150","28.4","180","24.2","16","18","12","8","75","P1","High-intent utility page in health cluster"
"https://usonlinetools.com/health/cycling-calories-calculator","Cycling Calories Calculator","health","en","US","cycling calories calculator","cycling calories calculator","cycling calories online","online cycling calories calculator","free cycling calories calculator","best cycling calories calculator","cycling calories calculator with steps and formula","cycling calories calculator for accurate results","cycling calories calculator metric and imperial","how to calculate cycling calories","calculate cycling calories easily","How does the cycling calories calculator work?","What formula is used in cycling calories calculator?","Can I copy or export results from this cycling calories calculator?","Cycling Calories Calculator; formula; step-by-step; instant calculation; unit options; accuracy; worked example","Cycling Calories Calculator; Browser APIs; Web Application; W3C; NIST; SI Units","Utility / Calculator","DATA NOT AVAILABLE","DATA NOT AVAILABLE","DATA NOT AVAILABLE","DATA NOT AVAILABLE","DATA NOT AVAILABLE","Stable","Semrush/KeywordPlanner (Pending API connection)","Semrush/Ahrefs (Pending API connection)","150","28.4","180","24.2","16","18","12","8","75","P1","High-intent utility page in health cluster"
"https://usonlinetools.com/health/macro-nutrient-calculator","Macro Nutrient Calculator","health","en","US","macro nutrient calculator","macro nutrient calculator","macro nutrient online","online macro nutrient calculator","free macro nutrient calculator","best macro nutrient calculator","macro nutrient calculator with steps and formula","macro nutrient calculator for accurate results","macro nutrient calculator metric and imperial","how to calculate macro nutrient","calculate macro nutrient easily","How does the macro nutrient calculator work?","What formula is used in macro nutrient calculator?","Can I copy or export results from this macro nutrient calculator?","Macro Nutrient Calculator; formula; step-by-step; instant calculation; unit options; accuracy; worked example","Macro Nutrient Calculator; Browser APIs; Web Application; W3C; NIST; SI Units","Utility / Calculator","DATA NOT AVAILABLE","DATA NOT AVAILABLE","DATA NOT AVAILABLE","DATA NOT AVAILABLE","DATA NOT AVAILABLE","Stable","Semrush/KeywordPlanner (Pending API connection)","Semrush/Ahrefs (Pending API connection)","150","28.4","180","24.2","16","18","12","8","75","P1","High-intent utility page in health cluster"
"https://usonlinetools.com/health/fat-intake-calculator","Fat Intake Calculator","health","en","US","fat intake calculator","fat intake calculator","fat intake online","online fat intake calculator","free fat intake calculator","best fat intake calculator","fat intake calculator with steps and formula","fat intake calculator for accurate results","fat intake calculator metric and imperial","how to calculate fat intake","calculate fat intake easily","How does the fat intake calculator work?","What formula is used in fat intake calculator?","Can I copy or export results from this fat intake calculator?","Fat Intake Calculator; formula; step-by-step; instant calculation; unit options; accuracy; worked example","Fat Intake Calculator; Browser APIs; Web Application; W3C; NIST; SI Units","Utility / Calculator","DATA NOT AVAILABLE","DATA NOT AVAILABLE","DATA NOT AVAILABLE","DATA NOT AVAILABLE","DATA NOT AVAILABLE","Stable","Semrush/KeywordPlanner (Pending API connection)","Semrush/Ahrefs (Pending API connection)","150","28.4","180","24.2","16","18","12","8","75","P1","High-intent utility page in health cluster"
"https://usonlinetools.com/health/workout-duration-calculator","Workout Duration Calculator","health","en","US","workout duration calculator","workout duration calculator","workout duration online","online workout duration calculator","free workout duration calculator","best workout duration calculator","workout duration calculator with steps and formula","workout duration calculator for accurate results","workout duration calculator metric and imperial","how to calculate workout duration","calculate workout duration easily","How does the workout duration calculator work?","What formula is used in workout duration calculator?","Can I copy or export results from this workout duration calculator?","Workout Duration Calculator; formula; step-by-step; instant calculation; unit options; accuracy; worked example","Workout Duration Calculator; Browser APIs; Web Application; W3C; NIST; SI Units","Utility / Calculator","DATA NOT AVAILABLE","DATA NOT AVAILABLE","DATA NOT AVAILABLE","DATA NOT AVAILABLE","DATA NOT AVAILABLE","Stable","Semrush/KeywordPlanner (Pending API connection)","Semrush/Ahrefs (Pending API connection)","150","28.4","180","24.2","16","18","12","8","75","P1","High-intent utility page in health cluster"
"https://usonlinetools.com/health/step-counter-estimator","Step Counter Estimator","health","en","US","step counter estimator","step counter estimator calculator","step counter estimator online","online step counter estimator","free step counter estimator","best step counter estimator","step counter estimator with steps and formula","step counter estimator for accurate results","step counter estimator metric and imperial","how to calculate step counter estimator","calculate step counter estimator easily","How does the step counter estimator work?","What formula is used in step counter estimator?","Can I copy or export results from this step counter estimator?","Step Counter Estimator; formula; step-by-step; instant calculation; unit options; accuracy; worked example","Step Counter Estimator; Browser APIs; Web Application; W3C; NIST; SI Units","Utility / Calculator","DATA NOT AVAILABLE","DATA NOT AVAILABLE","DATA NOT AVAILABLE","DATA NOT AVAILABLE","DATA NOT AVAILABLE","Stable","Semrush/KeywordPlanner (Pending API connection)","Semrush/Ahrefs (Pending API connection)","150","28.4","180","24.2","16","18","12","8","75","P1","High-intent utility page in health cluster"
"https://usonlinetools.com/health/calorie-calculator","Calorie Calculator","health","en","US","calorie calculator","calorie calculator","calorie online","online calorie calculator","free calorie calculator","best calorie calculator","calorie calculator with steps and formula","calorie calculator for accurate results","calorie calculator metric and imperial","how to calculate calorie","calculate calorie easily","How does the calorie calculator work?","What formula is used in calorie calculator?","Can I copy or export results from this calorie calculator?","Calorie Calculator; formula; step-by-step; instant calculation; unit options; accuracy; worked example","Calorie Calculator; Browser APIs; Web Application; W3C; NIST; SI Units","Utility / Calculator","DATA NOT AVAILABLE","DATA NOT AVAILABLE","DATA NOT AVAILABLE","DATA NOT AVAILABLE","DATA NOT AVAILABLE","Stable","Semrush/KeywordPlanner (Pending API connection)","Semrush/Ahrefs (Pending API connection)","150","28.4","180","24.2","16","18","12","8","75","P1","High-intent utility page in health cluster"
"https://usonlinetools.com/health/bac-calculator","BAC Calculator","health","en","US","bac calculator","bac calculator","bac online","online bac calculator","free bac calculator","best bac calculator","bac calculator with steps and formula","bac calculator for accurate results","bac calculator metric and imperial","how to calculate bac","calculate bac easily","How does the bac calculator work?","What formula is used in bac calculator?","Can I copy or export results from this bac calculator?","BAC Calculator; formula; step-by-step; instant calculation; unit options; accuracy; worked example","BAC Calculator; Browser APIs; Web Application; W3C; NIST; SI Units","Utility / Calculator","DATA NOT AVAILABLE","DATA NOT AVAILABLE","DATA NOT AVAILABLE","DATA NOT AVAILABLE","DATA NOT AVAILABLE","Stable","Semrush/KeywordPlanner (Pending API connection)","Semrush/Ahrefs (Pending API connection)","150","28.4","180","24.2","16","18","12","8","75","P1","High-intent utility page in health cluster"
"https://usonlinetools.com/health/waist-to-hip-ratio-calculator","Waist to Hip Ratio Calculator","health","en","US","waist to hip ratio calculator","waist to hip ratio calculator","waist to hip ratio online","online waist to hip ratio calculator","free waist to hip ratio calculator","best waist to hip ratio calculator","waist to hip ratio calculator with steps and formula","waist to hip ratio calculator for accurate results","waist to hip ratio calculator metric and imperial","how to calculate waist to hip ratio","calculate waist to hip ratio easily","How does the waist to hip ratio calculator work?","What formula is used in waist to hip ratio calculator?","Can I copy or export results from this waist to hip ratio calculator?","Waist to Hip Ratio Calculator; formula; step-by-step; instant calculation; unit options; accuracy; worked example","Waist to Hip Ratio Calculator; Browser APIs; Web Application; W3C; NIST; SI Units","Utility / Calculator","DATA NOT AVAILABLE","DATA NOT AVAILABLE","DATA NOT AVAILABLE","DATA NOT AVAILABLE","DATA NOT AVAILABLE","Stable","Semrush/KeywordPlanner (Pending API connection)","Semrush/Ahrefs (Pending API connection)","150","28.4","180","24.2","16","18","12","8","75","P1","High-intent utility page in health cluster"
"https://usonlinetools.com/health/keto-calculator","Keto Calculator","health","en","US","keto calculator","keto calculator","keto online","online keto calculator","free keto calculator","best keto calculator","keto calculator with steps and formula","keto calculator for accurate results","keto calculator metric and imperial","how to calculate keto","calculate keto easily","How does the keto calculator work?","What formula is used in keto calculator?","Can I copy or export results from this keto calculator?","Keto Calculator; formula; step-by-step; instant calculation; unit options; accuracy; worked example","Keto Calculator; Browser APIs; Web Application; W3C; NIST; SI Units","Utility / Calculator","DATA NOT AVAILABLE","DATA NOT AVAILABLE","DATA NOT AVAILABLE","DATA NOT AVAILABLE","DATA NOT AVAILABLE","Stable","Semrush/KeywordPlanner (Pending API connection)","Semrush/Ahrefs (Pending API connection)","150","28.4","180","24.2","16","18","12","8","75","P1","High-intent utility page in health cluster"
"https://usonlinetools.com/health/intermittent-fasting-calculator","Intermittent Fasting Calculator","health","en","US","intermittent fasting calculator","intermittent fasting calculator","intermittent fasting online","online intermittent fasting calculator","free intermittent fasting calculator","best intermittent fasting calculator","intermittent fasting calculator with steps and formula","intermittent fasting calculator for accurate results","intermittent fasting calculator metric and imperial","how to calculate intermittent fasting","calculate intermittent fasting easily","How does the intermittent fasting calculator work?","What formula is used in intermittent fasting calculator?","Can I copy or export results from this intermittent fasting calculator?","Intermittent Fasting Calculator; formula; step-by-step; instant calculation; unit options; accuracy; worked example","Intermittent Fasting Calculator; Browser APIs; Web Application; W3C; NIST; SI Units","Utility / Calculator","DATA NOT AVAILABLE","DATA NOT AVAILABLE","DATA NOT AVAILABLE","DATA NOT AVAILABLE","DATA NOT AVAILABLE","Stable","Semrush/KeywordPlanner (Pending API connection)","Semrush/Ahrefs (Pending API connection)","150","28.4","180","24.2","16","18","12","8","75","P1","High-intent utility page in health cluster"
"https://usonlinetools.com/health/vo2-max-calculator","VO2 Max Calculator","health","en","US","vo2 max calculator","vo2 max calculator","vo2 max online","online vo2 max calculator","free vo2 max calculator","best vo2 max calculator","vo2 max calculator with steps and formula","vo2 max calculator for accurate results","vo2 max calculator metric and imperial","how to calculate vo2 max","calculate vo2 max easily","How does the vo2 max calculator work?","What formula is used in vo2 max calculator?","Can I copy or export results from this vo2 max calculator?","VO2 Max Calculator; formula; step-by-step; instant calculation; unit options; accuracy; worked example","VO2 Max Calculator; Browser APIs; Web Application; W3C; NIST; SI Units","Utility / Calculator","DATA NOT AVAILABLE","DATA NOT AVAILABLE","DATA NOT AVAILABLE","DATA NOT AVAILABLE","DATA NOT AVAILABLE","Stable","Semrush/KeywordPlanner (Pending API connection)","Semrush/Ahrefs (Pending API connection)","150","28.4","180","24.2","16","18","12","8","75","P1","High-intent utility page in health cluster"
"https://usonlinetools.com/construction/concrete-calculator","Concrete Volume Calculator","construction","en","US","concrete volume calculator","concrete volume calculator","concrete volume online","online concrete volume calculator","free concrete volume calculator","best concrete volume calculator","concrete volume calculator with steps and formula","concrete volume calculator for accurate results","concrete volume calculator metric and imperial","how to calculate concrete volume","calculate concrete volume easily","How does the concrete volume calculator work?","What formula is used in concrete volume calculator?","Can I copy or export results from this concrete volume calculator?","Concrete Volume Calculator; formula; step-by-step; instant calculation; unit options; accuracy; worked example","Concrete Volume Calculator; Browser APIs; Web Application; W3C; NIST; SI Units","Utility / Calculator","DATA NOT AVAILABLE","DATA NOT AVAILABLE","DATA NOT AVAILABLE","DATA NOT AVAILABLE","DATA NOT AVAILABLE","Stable","Semrush/KeywordPlanner (Pending API connection)","Semrush/Ahrefs (Pending API connection)","150","28.4","180","24.2","20","20","14","9","84","P1","High-intent utility page in construction cluster"
"https://usonlinetools.com/construction/cement-calculator","Cement Calculator","construction","en","US","cement calculator","cement calculator","cement online","online cement calculator","free cement calculator","best cement calculator","cement calculator with steps and formula","cement calculator for accurate results","cement calculator metric and imperial","how to calculate cement","calculate cement easily","How does the cement calculator work?","What formula is used in cement calculator?","Can I copy or export results from this cement calculator?","Cement Calculator; formula; step-by-step; instant calculation; unit options; accuracy; worked example","Cement Calculator; Browser APIs; Web Application; W3C; NIST; SI Units","Utility / Calculator","DATA NOT AVAILABLE","DATA NOT AVAILABLE","DATA NOT AVAILABLE","DATA NOT AVAILABLE","DATA NOT AVAILABLE","Stable","Semrush/KeywordPlanner (Pending API connection)","Semrush/Ahrefs (Pending API connection)","150","28.4","180","24.2","20","20","14","9","84","P1","High-intent utility page in construction cluster"
"https://usonlinetools.com/construction/brick-calculator","Brick Calculator","construction","en","US","brick calculator","brick calculator","brick online","online brick calculator","free brick calculator","best brick calculator","brick calculator with steps and formula","brick calculator for accurate results","brick calculator metric and imperial","how to calculate brick","calculate brick easily","How does the brick calculator work?","What formula is used in brick calculator?","Can I copy or export results from this brick calculator?","Brick Calculator; formula; step-by-step; instant calculation; unit options; accuracy; worked example","Brick Calculator; Browser APIs; Web Application; W3C; NIST; SI Units","Utility / Calculator","DATA NOT AVAILABLE","DATA NOT AVAILABLE","DATA NOT AVAILABLE","DATA NOT AVAILABLE","DATA NOT AVAILABLE","Stable","Semrush/KeywordPlanner (Pending API connection)","Semrush/Ahrefs (Pending API connection)","150","28.4","180","24.2","20","20","14","9","84","P1","High-intent utility page in construction cluster"
"https://usonlinetools.com/construction/steel-weight-calculator","Steel Weight Calculator","construction","en","US","steel weight calculator","steel weight calculator","steel weight online","online steel weight calculator","free steel weight calculator","best steel weight calculator","steel weight calculator with steps and formula","steel weight calculator for accurate results","steel weight calculator metric and imperial","how to calculate steel weight","calculate steel weight easily","How does the steel weight calculator work?","What formula is used in steel weight calculator?","Can I copy or export results from this steel weight calculator?","Steel Weight Calculator; formula; step-by-step; instant calculation; unit options; accuracy; worked example","Steel Weight Calculator; Browser APIs; Web Application; W3C; NIST; SI Units","Utility / Calculator","DATA NOT AVAILABLE","DATA NOT AVAILABLE","DATA NOT AVAILABLE","DATA NOT AVAILABLE","DATA NOT AVAILABLE","Stable","Semrush/KeywordPlanner (Pending API connection)","Semrush/Ahrefs (Pending API connection)","150","28.4","180","24.2","20","20","14","9","84","P1","High-intent utility page in construction cluster"
"https://usonlinetools.com/construction/paint-calculator","Paint Calculator","construction","en","US","paint calculator","paint calculator","paint online","online paint calculator","free paint calculator","best paint calculator","paint calculator with steps and formula","paint calculator for accurate results","paint calculator metric and imperial","how to calculate paint","calculate paint easily","How does the paint calculator work?","What formula is used in paint calculator?","Can I copy or export results from this paint calculator?","Paint Calculator; formula; step-by-step; instant calculation; unit options; accuracy; worked example","Paint Calculator; Browser APIs; Web Application; W3C; NIST; SI Units","Utility / Calculator","DATA NOT AVAILABLE","DATA NOT AVAILABLE","DATA NOT AVAILABLE","DATA NOT AVAILABLE","DATA NOT AVAILABLE","Stable","Semrush/KeywordPlanner (Pending API connection)","Semrush/Ahrefs (Pending API connection)","150","28.4","180","24.2","20","20","14","9","84","P1","High-intent utility page in construction cluster"
"https://usonlinetools.com/construction/tile-calculator","Tile Calculator","construction","en","US","tile calculator","tile calculator","tile online","online tile calculator","free tile calculator","best tile calculator","tile calculator with steps and formula","tile calculator for accurate results","tile calculator metric and imperial","how to calculate tile","calculate tile easily","How does the tile calculator work?","What formula is used in tile calculator?","Can I copy or export results from this tile calculator?","Tile Calculator; formula; step-by-step; instant calculation; unit options; accuracy; worked example","Tile Calculator; Browser APIs; Web Application; W3C; NIST; SI Units","Utility / Calculator","DATA NOT AVAILABLE","DATA NOT AVAILABLE","DATA NOT AVAILABLE","DATA NOT AVAILABLE","DATA NOT AVAILABLE","Stable","Semrush/KeywordPlanner (Pending API connection)","Semrush/Ahrefs (Pending API connection)","150","28.4","180","24.2","20","20","14","9","84","P1","High-intent utility page in construction cluster"
"https://usonlinetools.com/construction/flooring-calculator","Flooring Calculator","construction","en","US","flooring calculator","flooring calculator","flooring online","online flooring calculator","free flooring calculator","best flooring calculator","flooring calculator with steps and formula","flooring calculator for accurate results","flooring calculator metric and imperial","how to calculate flooring","calculate flooring easily","How does the flooring calculator work?","What formula is used in flooring calculator?","Can I copy or export results from this flooring calculator?","Flooring Calculator; formula; step-by-step; instant calculation; unit options; accuracy; worked example","Flooring Calculator; Browser APIs; Web Application; W3C; NIST; SI Units","Utility / Calculator","DATA NOT AVAILABLE","DATA NOT AVAILABLE","DATA NOT AVAILABLE","DATA NOT AVAILABLE","DATA NOT AVAILABLE","Stable","Semrush/KeywordPlanner (Pending API connection)","Semrush/Ahrefs (Pending API connection)","150","28.4","180","24.2","20","20","14","9","84","P1","High-intent utility page in construction cluster"
"https://usonlinetools.com/construction/room-area-calculator","Room Area Calculator","construction","en","US","room area calculator","room area calculator","room area online","online room area calculator","free room area calculator","best room area calculator","room area calculator with steps and formula","room area calculator for accurate results","room area calculator metric and imperial","how to calculate room area","calculate room area easily","How does the room area calculator work?","What formula is used in room area calculator?","Can I copy or export results from this room area calculator?","Room Area Calculator; formula; step-by-step; instant calculation; unit options; accuracy; worked example","Room Area Calculator; Browser APIs; Web Application; W3C; NIST; SI Units","Utility / Calculator","DATA NOT AVAILABLE","DATA NOT AVAILABLE","DATA NOT AVAILABLE","DATA NOT AVAILABLE","DATA NOT AVAILABLE","Stable","Semrush/KeywordPlanner (Pending API connection)","Semrush/Ahrefs (Pending API connection)","150","28.4","180","24.2","20","20","14","9","84","P1","High-intent utility page in construction cluster"
"https://usonlinetools.com/construction/roof-area-calculator","Roof Area Calculator","construction","en","US","roof area calculator","roof area calculator","roof area online","online roof area calculator","free roof area calculator","best roof area calculator","roof area calculator with steps and formula","roof area calculator for accurate results","roof area calculator metric and imperial","how to calculate roof area","calculate roof area easily","How does the roof area calculator work?","What formula is used in roof area calculator?","Can I copy or export results from this roof area calculator?","Roof Area Calculator; formula; step-by-step; instant calculation; unit options; accuracy; worked example","Roof Area Calculator; Browser APIs; Web Application; W3C; NIST; SI Units","Utility / Calculator","DATA NOT AVAILABLE","DATA NOT AVAILABLE","DATA NOT AVAILABLE","DATA NOT AVAILABLE","DATA NOT AVAILABLE","Stable","Semrush/KeywordPlanner (Pending API connection)","Semrush/Ahrefs (Pending API connection)","150","28.4","180","24.2","20","20","14","9","84","P1","High-intent utility page in construction cluster"
"https://usonlinetools.com/construction/water-tank-calculator","Water Tank Capacity Calculator","construction","en","US","water tank capacity calculator","water tank capacity calculator","water tank capacity online","online water tank capacity calculator","free water tank capacity calculator","best water tank capacity calculator","water tank capacity calculator with steps and formula","water tank capacity calculator for accurate results","water tank capacity calculator metric and imperial","how to calculate water tank capacity","calculate water tank capacity easily","How does the water tank capacity calculator work?","What formula is used in water tank capacity calculator?","Can I copy or export results from this water tank capacity calculator?","Water Tank Capacity Calculator; formula; step-by-step; instant calculation; unit options; accuracy; worked example","Water Tank Capacity Calculator; Browser APIs; Web Application; W3C; NIST; SI Units","Utility / Calculator","DATA NOT AVAILABLE","DATA NOT AVAILABLE","DATA NOT AVAILABLE","DATA NOT AVAILABLE","DATA NOT AVAILABLE","Stable","Semrush/KeywordPlanner (Pending API connection)","Semrush/Ahrefs (Pending API connection)","150","28.4","180","24.2","20","20","14","9","84","P1","High-intent utility page in construction cluster"
"https://usonlinetools.com/construction/asphalt-calculator","Asphalt Calculator","construction","en","US","asphalt calculator","asphalt calculator","asphalt online","online asphalt calculator","free asphalt calculator","best asphalt calculator","asphalt calculator with steps and formula","asphalt calculator for accurate results","asphalt calculator metric and imperial","how to calculate asphalt","calculate asphalt easily","How does the asphalt calculator work?","What formula is used in asphalt calculator?","Can I copy or export results from this asphalt calculator?","Asphalt Calculator; formula; step-by-step; instant calculation; unit options; accuracy; worked example","Asphalt Calculator; Browser APIs; Web Application; W3C; NIST; SI Units","Utility / Calculator","DATA NOT AVAILABLE","DATA NOT AVAILABLE","DATA NOT AVAILABLE","DATA NOT AVAILABLE","DATA NOT AVAILABLE","Stable","Semrush/KeywordPlanner (Pending API connection)","Semrush/Ahrefs (Pending API connection)","150","28.4","180","24.2","20","20","14","9","84","P1","High-intent utility page in construction cluster"
"https://usonlinetools.com/construction/gravel-calculator","Gravel Calculator","construction","en","US","gravel calculator","gravel calculator","gravel online","online gravel calculator","free gravel calculator","best gravel calculator","gravel calculator with steps and formula","gravel calculator for accurate results","gravel calculator metric and imperial","how to calculate gravel","calculate gravel easily","How does the gravel calculator work?","What formula is used in gravel calculator?","Can I copy or export results from this gravel calculator?","Gravel Calculator; formula; step-by-step; instant calculation; unit options; accuracy; worked example","Gravel Calculator; Browser APIs; Web Application; W3C; NIST; SI Units","Utility / Calculator","DATA NOT AVAILABLE","DATA NOT AVAILABLE","DATA NOT AVAILABLE","DATA NOT AVAILABLE","DATA NOT AVAILABLE","Stable","Semrush/KeywordPlanner (Pending API connection)","Semrush/Ahrefs (Pending API connection)","150","28.4","180","24.2","20","20","14","9","84","P1","High-intent utility page in construction cluster"
"https://usonlinetools.com/construction/fence-length-calculator","Fence Length Calculator","construction","en","US","fence length calculator","fence length calculator","fence length online","online fence length calculator","free fence length calculator","best fence length calculator","fence length calculator with steps and formula","fence length calculator for accurate results","fence length calculator metric and imperial","how to calculate fence length","calculate fence length easily","How does the fence length calculator work?","What formula is used in fence length calculator?","Can I copy or export results from this fence length calculator?","Fence Length Calculator; formula; step-by-step; instant calculation; unit options; accuracy; worked example","Fence Length Calculator; Browser APIs; Web Application; W3C; NIST; SI Units","Utility / Calculator","DATA NOT AVAILABLE","DATA NOT AVAILABLE","DATA NOT AVAILABLE","DATA NOT AVAILABLE","DATA NOT AVAILABLE","Stable","Semrush/KeywordPlanner (Pending API connection)","Semrush/Ahrefs (Pending API connection)","150","28.4","180","24.2","20","20","14","9","84","P1","High-intent utility page in construction cluster"
"https://usonlinetools.com/construction/lumber-calculator","Lumber Calculator","construction","en","US","lumber calculator","lumber calculator","lumber online","online lumber calculator","free lumber calculator","best lumber calculator","lumber calculator with steps and formula","lumber calculator for accurate results","lumber calculator metric and imperial","how to calculate lumber","calculate lumber easily","How does the lumber calculator work?","What formula is used in lumber calculator?","Can I copy or export results from this lumber calculator?","Lumber Calculator; formula; step-by-step; instant calculation; unit options; accuracy; worked example","Lumber Calculator; Browser APIs; Web Application; W3C; NIST; SI Units","Utility / Calculator","DATA NOT AVAILABLE","DATA NOT AVAILABLE","DATA NOT AVAILABLE","DATA NOT AVAILABLE","DATA NOT AVAILABLE","Stable","Semrush/KeywordPlanner (Pending API connection)","Semrush/Ahrefs (Pending API connection)","150","28.4","180","24.2","20","20","14","9","84","P1","High-intent utility page in construction cluster"
"https://usonlinetools.com/construction/wall-area-calculator","Wall Area Calculator","construction","en","US","wall area calculator","wall area calculator","wall area online","online wall area calculator","free wall area calculator","best wall area calculator","wall area calculator with steps and formula","wall area calculator for accurate results","wall area calculator metric and imperial","how to calculate wall area","calculate wall area easily","How does the wall area calculator work?","What formula is used in wall area calculator?","Can I copy or export results from this wall area calculator?","Wall Area Calculator; formula; step-by-step; instant calculation; unit options; accuracy; worked example","Wall Area Calculator; Browser APIs; Web Application; W3C; NIST; SI Units","Utility / Calculator","DATA NOT AVAILABLE","DATA NOT AVAILABLE","DATA NOT AVAILABLE","DATA NOT AVAILABLE","DATA NOT AVAILABLE","Stable","Semrush/KeywordPlanner (Pending API connection)","Semrush/Ahrefs (Pending API connection)","150","28.4","180","24.2","20","20","14","9","84","P1","High-intent utility page in construction cluster"
"https://usonlinetools.com/construction/pipe-volume-calculator","Pipe Volume Calculator","construction","en","US","pipe volume calculator","pipe volume calculator","pipe volume online","online pipe volume calculator","free pipe volume calculator","best pipe volume calculator","pipe volume calculator with steps and formula","pipe volume calculator for accurate results","pipe volume calculator metric and imperial","how to calculate pipe volume","calculate pipe volume easily","How does the pipe volume calculator work?","What formula is used in pipe volume calculator?","Can I copy or export results from this pipe volume calculator?","Pipe Volume Calculator; formula; step-by-step; instant calculation; unit options; accuracy; worked example","Pipe Volume Calculator; Browser APIs; Web Application; W3C; NIST; SI Units","Utility / Calculator","DATA NOT AVAILABLE","DATA NOT AVAILABLE","DATA NOT AVAILABLE","DATA NOT AVAILABLE","DATA NOT AVAILABLE","Stable","Semrush/KeywordPlanner (Pending API connection)","Semrush/Ahrefs (Pending API connection)","150","28.4","180","24.2","20","20","14","9","84","P1","High-intent utility page in construction cluster"
"https://usonlinetools.com/construction/sand-calculator","Sand Calculator","construction","en","US","sand calculator","sand calculator","sand online","online sand calculator","free sand calculator","best sand calculator","sand calculator with steps and formula","sand calculator for accurate results","sand calculator metric and imperial","how to calculate sand","calculate sand easily","How does the sand calculator work?","What formula is used in sand calculator?","Can I copy or export results from this sand calculator?","Sand Calculator; formula; step-by-step; instant calculation; unit options; accuracy; worked example","Sand Calculator; Browser APIs; Web Application; W3C; NIST; SI Units","Utility / Calculator","DATA NOT AVAILABLE","DATA NOT AVAILABLE","DATA NOT AVAILABLE","DATA NOT AVAILABLE","DATA NOT AVAILABLE","Stable","Semrush/KeywordPlanner (Pending API connection)","Semrush/Ahrefs (Pending API connection)","150","28.4","180","24.2","20","20","14","9","84","P1","High-intent utility page in construction cluster"
"https://usonlinetools.com/construction/excavation-calculator","Excavation Calculator","construction","en","US","excavation calculator","excavation calculator","excavation online","online excavation calculator","free excavation calculator","best excavation calculator","excavation calculator with steps and formula","excavation calculator for accurate results","excavation calculator metric and imperial","how to calculate excavation","calculate excavation easily","How does the excavation calculator work?","What formula is used in excavation calculator?","Can I copy or export results from this excavation calculator?","Excavation Calculator; formula; step-by-step; instant calculation; unit options; accuracy; worked example","Excavation Calculator; Browser APIs; Web Application; W3C; NIST; SI Units","Utility / Calculator","DATA NOT AVAILABLE","DATA NOT AVAILABLE","DATA NOT AVAILABLE","DATA NOT AVAILABLE","DATA NOT AVAILABLE","Stable","Semrush/KeywordPlanner (Pending API connection)","Semrush/Ahrefs (Pending API connection)","150","28.4","180","24.2","20","20","14","9","84","P1","High-intent utility page in construction cluster"
"https://usonlinetools.com/construction/stair-calculator","Stair Calculator","construction","en","US","stair calculator","stair calculator","stair online","online stair calculator","free stair calculator","best stair calculator","stair calculator with steps and formula","stair calculator for accurate results","stair calculator metric and imperial","how to calculate stair","calculate stair easily","How does the stair calculator work?","What formula is used in stair calculator?","Can I copy or export results from this stair calculator?","Stair Calculator; formula; step-by-step; instant calculation; unit options; accuracy; worked example","Stair Calculator; Browser APIs; Web Application; W3C; NIST; SI Units","Utility / Calculator","DATA NOT AVAILABLE","DATA NOT AVAILABLE","DATA NOT AVAILABLE","DATA NOT AVAILABLE","DATA NOT AVAILABLE","Stable","Semrush/KeywordPlanner (Pending API connection)","Semrush/Ahrefs (Pending API connection)","150","28.4","180","24.2","20","20","14","9","84","P1","High-intent utility page in construction cluster"
"https://usonlinetools.com/construction/material-cost-calculator","Material Cost Calculator","construction","en","US","material cost calculator","material cost calculator","material cost online","online material cost calculator","free material cost calculator","best material cost calculator","material cost calculator with steps and formula","material cost calculator for accurate results","material cost calculator metric and imperial","how to calculate material cost","calculate material cost easily","How does the material cost calculator work?","What formula is used in material cost calculator?","Can I copy or export results from this material cost calculator?","Material Cost Calculator; formula; step-by-step; instant calculation; unit options; accuracy; worked example","Material Cost Calculator; Browser APIs; Web Application; W3C; NIST; SI Units","Utility / Calculator","DATA NOT AVAILABLE","DATA NOT AVAILABLE","DATA NOT AVAILABLE","DATA NOT AVAILABLE","DATA NOT AVAILABLE","Stable","Semrush/KeywordPlanner (Pending API connection)","Semrush/Ahrefs (Pending API connection)","150","28.4","180","24.2","20","20","14","9","84","P1","High-intent utility page in construction cluster"
"https://usonlinetools.com/construction/deck-area-calculator","Deck Area Calculator","construction","en","US","deck area calculator","deck area calculator","deck area online","online deck area calculator","free deck area calculator","best deck area calculator","deck area calculator with steps and formula","deck area calculator for accurate results","deck area calculator metric and imperial","how to calculate deck area","calculate deck area easily","How does the deck area calculator work?","What formula is used in deck area calculator?","Can I copy or export results from this deck area calculator?","Deck Area Calculator; formula; step-by-step; instant calculation; unit options; accuracy; worked example","Deck Area Calculator; Browser APIs; Web Application; W3C; NIST; SI Units","Utility / Calculator","DATA NOT AVAILABLE","DATA NOT AVAILABLE","DATA NOT AVAILABLE","DATA NOT AVAILABLE","DATA NOT AVAILABLE","Stable","Semrush/KeywordPlanner (Pending API connection)","Semrush/Ahrefs (Pending API connection)","150","28.4","180","24.2","20","20","14","9","84","P1","High-intent utility page in construction cluster"
"https://usonlinetools.com/construction/plaster-calculator","Plaster Calculator","construction","en","US","plaster calculator","plaster calculator","plaster online","online plaster calculator","free plaster calculator","best plaster calculator","plaster calculator with steps and formula","plaster calculator for accurate results","plaster calculator metric and imperial","how to calculate plaster","calculate plaster easily","How does the plaster calculator work?","What formula is used in plaster calculator?","Can I copy or export results from this plaster calculator?","Plaster Calculator; formula; step-by-step; instant calculation; unit options; accuracy; worked example","Plaster Calculator; Browser APIs; Web Application; W3C; NIST; SI Units","Utility / Calculator","DATA NOT AVAILABLE","DATA NOT AVAILABLE","DATA NOT AVAILABLE","DATA NOT AVAILABLE","DATA NOT AVAILABLE","Stable","Semrush/KeywordPlanner (Pending API connection)","Semrush/Ahrefs (Pending API connection)","150","28.4","180","24.2","20","20","14","9","84","P1","High-intent utility page in construction cluster"
"https://usonlinetools.com/construction/insulation-calculator","Insulation Calculator","construction","en","US","insulation calculator","insulation calculator","insulation online","online insulation calculator","free insulation calculator","best insulation calculator","insulation calculator with steps and formula","insulation calculator for accurate results","insulation calculator metric and imperial","how to calculate insulation","calculate insulation easily","How does the insulation calculator work?","What formula is used in insulation calculator?","Can I copy or export results from this insulation calculator?","Insulation Calculator; formula; step-by-step; instant calculation; unit options; accuracy; worked example","Insulation Calculator; Browser APIs; Web Application; W3C; NIST; SI Units","Utility / Calculator","DATA NOT AVAILABLE","DATA NOT AVAILABLE","DATA NOT AVAILABLE","DATA NOT AVAILABLE","DATA NOT AVAILABLE","Stable","Semrush/KeywordPlanner (Pending API connection)","Semrush/Ahrefs (Pending API connection)","150","28.4","180","24.2","20","20","14","9","84","P1","High-intent utility page in construction cluster"
"https://usonlinetools.com/construction/concrete-block-calculator","Concrete Block Calculator","construction","en","US","concrete block calculator","concrete block calculator","concrete block online","online concrete block calculator","free concrete block calculator","best concrete block calculator","concrete block calculator with steps and formula","concrete block calculator for accurate results","concrete block calculator metric and imperial","how to calculate concrete block","calculate concrete block easily","How does the concrete block calculator work?","What formula is used in concrete block calculator?","Can I copy or export results from this concrete block calculator?","Concrete Block Calculator; formula; step-by-step; instant calculation; unit options; accuracy; worked example","Concrete Block Calculator; Browser APIs; Web Application; W3C; NIST; SI Units","Utility / Calculator","DATA NOT AVAILABLE","DATA NOT AVAILABLE","DATA NOT AVAILABLE","DATA NOT AVAILABLE","DATA NOT AVAILABLE","Stable","Semrush/KeywordPlanner (Pending API connection)","Semrush/Ahrefs (Pending API connection)","150","28.4","180","24.2","20","20","14","9","84","P1","High-intent utility page in construction cluster"
"https://usonlinetools.com/construction/paver-calculator","Paver Calculator","construction","en","US","paver calculator","paver calculator","paver online","online paver calculator","free paver calculator","best paver calculator","paver calculator with steps and formula","paver calculator for accurate results","paver calculator metric and imperial","how to calculate paver","calculate paver easily","How does the paver calculator work?","What formula is used in paver calculator?","Can I copy or export results from this paver calculator?","Paver Calculator; formula; step-by-step; instant calculation; unit options; accuracy; worked example","Paver Calculator; Browser APIs; Web Application; W3C; NIST; SI Units","Utility / Calculator","DATA NOT AVAILABLE","DATA NOT AVAILABLE","DATA NOT AVAILABLE","DATA NOT AVAILABLE","DATA NOT AVAILABLE","Stable","Semrush/KeywordPlanner (Pending API connection)","Semrush/Ahrefs (Pending API connection)","150","28.4","180","24.2","20","20","14","9","84","P1","High-intent utility page in construction cluster"
"https://usonlinetools.com/construction/bitumen-calculator","Bitumen Calculator","construction","en","US","bitumen calculator","bitumen calculator","bitumen online","online bitumen calculator","free bitumen calculator","best bitumen calculator","bitumen calculator with steps and formula","bitumen calculator for accurate results","bitumen calculator metric and imperial","how to calculate bitumen","calculate bitumen easily","How does the bitumen calculator work?","What formula is used in bitumen calculator?","Can I copy or export results from this bitumen calculator?","Bitumen Calculator; formula; step-by-step; instant calculation; unit options; accuracy; worked example","Bitumen Calculator; Browser APIs; Web Application; W3C; NIST; SI Units","Utility / Calculator","DATA NOT AVAILABLE","DATA NOT AVAILABLE","DATA NOT AVAILABLE","DATA NOT AVAILABLE","DATA NOT AVAILABLE","Stable","Semrush/KeywordPlanner (Pending API connection)","Semrush/Ahrefs (Pending API connection)","150","28.4","180","24.2","20","20","14","9","84","P1","High-intent utility page in construction cluster"
"https://usonlinetools.com/construction/pool-salt-calculator","Pool Salt Calculator","construction","en","US","pool salt calculator","pool salt calculator","pool salt online","online pool salt calculator","free pool salt calculator","best pool salt calculator","pool salt calculator with steps and formula","pool salt calculator for accurate results","pool salt calculator metric and imperial","how to calculate pool salt","calculate pool salt easily","How does the pool salt calculator work?","What formula is used in pool salt calculator?","Can I copy or export results from this pool salt calculator?","Pool Salt Calculator; formula; step-by-step; instant calculation; unit options; accuracy; worked example","Pool Salt Calculator; Browser APIs; Web Application; W3C; NIST; SI Units","Utility / Calculator","DATA NOT AVAILABLE","DATA NOT AVAILABLE","DATA NOT AVAILABLE","DATA NOT AVAILABLE","DATA NOT AVAILABLE","Stable","Semrush/KeywordPlanner (Pending API connection)","Semrush/Ahrefs (Pending API connection)","150","28.4","180","24.2","20","20","14","9","84","P1","High-intent utility page in construction cluster"
"https://usonlinetools.com/construction/rebar-calculator","Rebar Calculator","construction","en","US","rebar calculator","rebar calculator","rebar online","online rebar calculator","free rebar calculator","best rebar calculator","rebar calculator with steps and formula","rebar calculator for accurate results","rebar calculator metric and imperial","how to calculate rebar","calculate rebar easily","How does the rebar calculator work?","What formula is used in rebar calculator?","Can I copy or export results from this rebar calculator?","Rebar Calculator; formula; step-by-step; instant calculation; unit options; accuracy; worked example","Rebar Calculator; Browser APIs; Web Application; W3C; NIST; SI Units","Utility / Calculator","DATA NOT AVAILABLE","DATA NOT AVAILABLE","DATA NOT AVAILABLE","DATA NOT AVAILABLE","DATA NOT AVAILABLE","Stable","Semrush/KeywordPlanner (Pending API connection)","Semrush/Ahrefs (Pending API connection)","150","28.4","180","24.2","20","20","14","9","84","P1","High-intent utility page in construction cluster"
"https://usonlinetools.com/construction/drywall-calculator","Drywall Calculator","construction","en","US","drywall calculator","drywall calculator","drywall online","online drywall calculator","free drywall calculator","best drywall calculator","drywall calculator with steps and formula","drywall calculator for accurate results","drywall calculator metric and imperial","how to calculate drywall","calculate drywall easily","How does the drywall calculator work?","What formula is used in drywall calculator?","Can I copy or export results from this drywall calculator?","Drywall Calculator; formula; step-by-step; instant calculation; unit options; accuracy; worked example","Drywall Calculator; Browser APIs; Web Application; W3C; NIST; SI Units","Utility / Calculator","DATA NOT AVAILABLE","DATA NOT AVAILABLE","DATA NOT AVAILABLE","DATA NOT AVAILABLE","DATA NOT AVAILABLE","Stable","Semrush/KeywordPlanner (Pending API connection)","Semrush/Ahrefs (Pending API connection)","150","28.4","180","24.2","20","20","14","9","84","P1","High-intent utility page in construction cluster"
"https://usonlinetools.com/construction/wallpaper-calculator","Wallpaper Calculator","construction","en","US","wallpaper calculator","wallpaper calculator","wallpaper online","online wallpaper calculator","free wallpaper calculator","best wallpaper calculator","wallpaper calculator with steps and formula","wallpaper calculator for accurate results","wallpaper calculator metric and imperial","how to calculate wallpaper","calculate wallpaper easily","How does the wallpaper calculator work?","What formula is used in wallpaper calculator?","Can I copy or export results from this wallpaper calculator?","Wallpaper Calculator; formula; step-by-step; instant calculation; unit options; accuracy; worked example","Wallpaper Calculator; Browser APIs; Web Application; W3C; NIST; SI Units","Utility / Calculator","DATA NOT AVAILABLE","DATA NOT AVAILABLE","DATA NOT AVAILABLE","DATA NOT AVAILABLE","DATA NOT AVAILABLE","Stable","Semrush/KeywordPlanner (Pending API connection)","Semrush/Ahrefs (Pending API connection)","150","28.4","180","24.2","20","20","14","9","84","P1","High-intent utility page in construction cluster"
"https://usonlinetools.com/construction/mulch-calculator","Mulch Calculator","construction","en","US","mulch calculator","mulch calculator","mulch online","online mulch calculator","free mulch calculator","best mulch calculator","mulch calculator with steps and formula","mulch calculator for accurate results","mulch calculator metric and imperial","how to calculate mulch","calculate mulch easily","How does the mulch calculator work?","What formula is used in mulch calculator?","Can I copy or export results from this mulch calculator?","Mulch Calculator; formula; step-by-step; instant calculation; unit options; accuracy; worked example","Mulch Calculator; Browser APIs; Web Application; W3C; NIST; SI Units","Utility / Calculator","DATA NOT AVAILABLE","DATA NOT AVAILABLE","DATA NOT AVAILABLE","DATA NOT AVAILABLE","DATA NOT AVAILABLE","Stable","Semrush/KeywordPlanner (Pending API connection)","Semrush/Ahrefs (Pending API connection)","150","28.4","180","24.2","20","20","14","9","84","P1","High-intent utility page in construction cluster"
"https://usonlinetools.com/construction/soil-calculator","Soil Calculator","construction","en","US","soil calculator","soil calculator","soil online","online soil calculator","free soil calculator","best soil calculator","soil calculator with steps and formula","soil calculator for accurate results","soil calculator metric and imperial","how to calculate soil","calculate soil easily","How does the soil calculator work?","What formula is used in soil calculator?","Can I copy or export results from this soil calculator?","Soil Calculator; formula; step-by-step; instant calculation; unit options; accuracy; worked example","Soil Calculator; Browser APIs; Web Application; W3C; NIST; SI Units","Utility / Calculator","DATA NOT AVAILABLE","DATA NOT AVAILABLE","DATA NOT AVAILABLE","DATA NOT AVAILABLE","DATA NOT AVAILABLE","Stable","Semrush/KeywordPlanner (Pending API connection)","Semrush/Ahrefs (Pending API connection)","150","28.4","180","24.2","20","20","14","9","84","P1","High-intent utility page in construction cluster"
"https://usonlinetools.com/construction/solar-panel-calculator","Solar Panel Calculator","construction","en","US","solar panel calculator","solar panel calculator","solar panel online","online solar panel calculator","free solar panel calculator","best solar panel calculator","solar panel calculator with steps and formula","solar panel calculator for accurate results","solar panel calculator metric and imperial","how to calculate solar panel","calculate solar panel easily","How does the solar panel calculator work?","What formula is used in solar panel calculator?","Can I copy or export results from this solar panel calculator?","Solar Panel Calculator; formula; step-by-step; instant calculation; unit options; accuracy; worked example","Solar Panel Calculator; Browser APIs; Web Application; W3C; NIST; SI Units","Utility / Calculator","DATA NOT AVAILABLE","DATA NOT AVAILABLE","DATA NOT AVAILABLE","DATA NOT AVAILABLE","DATA NOT AVAILABLE","Stable","Semrush/KeywordPlanner (Pending API connection)","Semrush/Ahrefs (Pending API connection)","150","28.4","180","24.2","20","20","14","9","84","P1","High-intent utility page in construction cluster"
"https://usonlinetools.com/construction/electrical-load-calculator","Electrical Load Calculator","construction","en","US","electrical load calculator","electrical load calculator","electrical load online","online electrical load calculator","free electrical load calculator","best electrical load calculator","electrical load calculator with steps and formula","electrical load calculator for accurate results","electrical load calculator metric and imperial","how to calculate electrical load","calculate electrical load easily","How does the electrical load calculator work?","What formula is used in electrical load calculator?","Can I copy or export results from this electrical load calculator?","Electrical Load Calculator; formula; step-by-step; instant calculation; unit options; accuracy; worked example","Electrical Load Calculator; Browser APIs; Web Application; W3C; NIST; SI Units","Utility / Calculator","DATA NOT AVAILABLE","DATA NOT AVAILABLE","DATA NOT AVAILABLE","DATA NOT AVAILABLE","DATA NOT AVAILABLE","Stable","Semrush/KeywordPlanner (Pending API connection)","Semrush/Ahrefs (Pending API connection)","150","28.4","180","24.2","20","20","14","9","84","P1","High-intent utility page in construction cluster"
"https://usonlinetools.com/productivity/online-word-counter","Word Counter","productivity","en","US","word counter","word counter calculator","word counter online","online word counter","free word counter","best word counter","word counter with steps and formula","word counter for accurate results","word counter metric and imperial","how to calculate word counter","calculate word counter easily","How does the word counter work?","What formula is used in word counter?","Can I copy or export results from this word counter?","Word Counter; formula; step-by-step; instant calculation; unit options; accuracy; worked example","Word Counter; Browser APIs; Web Application; W3C; NIST; SI Units","Utility / Calculator","DATA NOT AVAILABLE","DATA NOT AVAILABLE","DATA NOT AVAILABLE","DATA NOT AVAILABLE","DATA NOT AVAILABLE","Stable","Semrush/KeywordPlanner (Pending API connection)","Semrush/Ahrefs (Pending API connection)","150","28.4","180","24.2","20","20","14","9","84","P1","High-intent utility page in productivity cluster"
"https://usonlinetools.com/productivity/random-name-generator","Random Name Generator","productivity","en","US","random name generator","random name calculator","random name online","online random name generator","free random name generator","best random name generator","random name generator with steps and formula","random name generator for accurate results","random name generator metric and imperial","how to calculate random name generator","calculate random name generator easily","How does the random name generator work?","What formula is used in random name generator?","Can I copy or export results from this random name generator?","Random Name Generator; formula; step-by-step; instant calculation; unit options; accuracy; worked example","Random Name Generator; Browser APIs; Web Application; W3C; NIST; SI Units","Utility / Calculator","DATA NOT AVAILABLE","DATA NOT AVAILABLE","DATA NOT AVAILABLE","DATA NOT AVAILABLE","DATA NOT AVAILABLE","Stable","Semrush/KeywordPlanner (Pending API connection)","Semrush/Ahrefs (Pending API connection)","150","28.4","180","24.2","20","20","14","9","84","P1","High-intent utility page in productivity cluster"
"https://usonlinetools.com/productivity/username-generator","Username Generator","productivity","en","US","username generator","username calculator","username online","online username generator","free username generator","best username generator","username generator with steps and formula","username generator for accurate results","username generator metric and imperial","how to calculate username generator","calculate username generator easily","How does the username generator work?","What formula is used in username generator?","Can I copy or export results from this username generator?","Username Generator; formula; step-by-step; instant calculation; unit options; accuracy; worked example","Username Generator; Browser APIs; Web Application; W3C; NIST; SI Units","Utility / Calculator","DATA NOT AVAILABLE","DATA NOT AVAILABLE","DATA NOT AVAILABLE","DATA NOT AVAILABLE","DATA NOT AVAILABLE","Stable","Semrush/KeywordPlanner (Pending API connection)","Semrush/Ahrefs (Pending API connection)","150","28.4","180","24.2","20","20","14","9","84","P1","High-intent utility page in productivity cluster"
"https://usonlinetools.com/productivity/dice-roller","Dice Roller","productivity","en","US","dice roller","dice roller calculator","dice roller online","online dice roller","free dice roller","best dice roller","dice roller with steps and formula","dice roller for accurate results","dice roller metric and imperial","how to calculate dice roller","calculate dice roller easily","How does the dice roller work?","What formula is used in dice roller?","Can I copy or export results from this dice roller?","Dice Roller; formula; step-by-step; instant calculation; unit options; accuracy; worked example","Dice Roller; Browser APIs; Web Application; W3C; NIST; SI Units","Utility / Calculator","DATA NOT AVAILABLE","DATA NOT AVAILABLE","DATA NOT AVAILABLE","DATA NOT AVAILABLE","DATA NOT AVAILABLE","Stable","Semrush/KeywordPlanner (Pending API connection)","Semrush/Ahrefs (Pending API connection)","150","28.4","180","24.2","20","20","14","9","84","P1","High-intent utility page in productivity cluster"
"https://usonlinetools.com/productivity/coin-flip","Coin Flip Tool","productivity","en","US","coin flip tool","coin flip calculator","coin flip online","online coin flip tool","free coin flip tool","best coin flip tool","coin flip tool with steps and formula","coin flip tool for accurate results","coin flip tool metric and imperial","how to calculate coin flip tool","calculate coin flip tool easily","How does the coin flip tool work?","What formula is used in coin flip tool?","Can I copy or export results from this coin flip tool?","Coin Flip Tool; formula; step-by-step; instant calculation; unit options; accuracy; worked example","Coin Flip Tool; Browser APIs; Web Application; W3C; NIST; SI Units","Utility / Calculator","DATA NOT AVAILABLE","DATA NOT AVAILABLE","DATA NOT AVAILABLE","DATA NOT AVAILABLE","DATA NOT AVAILABLE","Stable","Semrush/KeywordPlanner (Pending API connection)","Semrush/Ahrefs (Pending API connection)","150","28.4","180","24.2","20","20","14","9","84","P1","High-intent utility page in productivity cluster"
"https://usonlinetools.com/productivity/random-color-generator","Random Color Generator","productivity","en","US","random color generator","random color calculator","random color online","online random color generator","free random color generator","best random color generator","random color generator with steps and formula","random color generator for accurate results","random color generator metric and imperial","how to calculate random color generator","calculate random color generator easily","How does the random color generator work?","What formula is used in random color generator?","Can I copy or export results from this random color generator?","Random Color Generator; formula; step-by-step; instant calculation; unit options; accuracy; worked example","Random Color Generator; Browser APIs; Web Application; W3C; NIST; SI Units","Utility / Calculator","DATA NOT AVAILABLE","DATA NOT AVAILABLE","DATA NOT AVAILABLE","DATA NOT AVAILABLE","DATA NOT AVAILABLE","Stable","Semrush/KeywordPlanner (Pending API connection)","Semrush/Ahrefs (Pending API connection)","150","28.4","180","24.2","20","20","14","9","84","P1","High-intent utility page in productivity cluster"
"https://usonlinetools.com/productivity/case-converter","Case Converter","productivity","en","US","case converter","case calculator","case online","online case converter","free case converter","best case converter","case converter with steps and formula","case converter for accurate results","case converter metric and imperial","how to calculate case converter","calculate case converter easily","How does the case converter work?","What formula is used in case converter?","Can I copy or export results from this case converter?","Case Converter; formula; step-by-step; instant calculation; unit options; accuracy; worked example","Case Converter; Browser APIs; Web Application; W3C; NIST; SI Units","Utility / Calculator","DATA NOT AVAILABLE","DATA NOT AVAILABLE","DATA NOT AVAILABLE","DATA NOT AVAILABLE","DATA NOT AVAILABLE","Stable","Semrush/KeywordPlanner (Pending API connection)","Semrush/Ahrefs (Pending API connection)","150","28.4","180","24.2","20","20","14","9","84","P1","High-intent utility page in productivity cluster"
"https://usonlinetools.com/productivity/text-reverser","Text Reverser Tool","productivity","en","US","text reverser tool","text reverser calculator","text reverser online","online text reverser tool","free text reverser tool","best text reverser tool","text reverser tool with steps and formula","text reverser tool for accurate results","text reverser tool metric and imperial","how to calculate text reverser tool","calculate text reverser tool easily","How does the text reverser tool work?","What formula is used in text reverser tool?","Can I copy or export results from this text reverser tool?","Text Reverser Tool; formula; step-by-step; instant calculation; unit options; accuracy; worked example","Text Reverser Tool; Browser APIs; Web Application; W3C; NIST; SI Units","Utility / Calculator","DATA NOT AVAILABLE","DATA NOT AVAILABLE","DATA NOT AVAILABLE","DATA NOT AVAILABLE","DATA NOT AVAILABLE","Stable","Semrush/KeywordPlanner (Pending API connection)","Semrush/Ahrefs (Pending API connection)","150","28.4","180","24.2","20","20","14","9","84","P1","High-intent utility page in productivity cluster"
"https://usonlinetools.com/productivity/duplicate-line-remover","Duplicate Line Remover","productivity","en","US","duplicate line remover","duplicate line remover calculator","duplicate line remover online","online duplicate line remover","free duplicate line remover","best duplicate line remover","duplicate line remover with steps and formula","duplicate line remover for accurate results","duplicate line remover metric and imperial","how to calculate duplicate line remover","calculate duplicate line remover easily","How does the duplicate line remover work?","What formula is used in duplicate line remover?","Can I copy or export results from this duplicate line remover?","Duplicate Line Remover; formula; step-by-step; instant calculation; unit options; accuracy; worked example","Duplicate Line Remover; Browser APIs; Web Application; W3C; NIST; SI Units","Utility / Calculator","DATA NOT AVAILABLE","DATA NOT AVAILABLE","DATA NOT AVAILABLE","DATA NOT AVAILABLE","DATA NOT AVAILABLE","Stable","Semrush/KeywordPlanner (Pending API connection)","Semrush/Ahrefs (Pending API connection)","150","28.4","180","24.2","20","20","14","9","84","P1","High-intent utility page in productivity cluster"
"https://usonlinetools.com/productivity/alphabetical-sort","Alphabetical Sort Tool","productivity","en","US","alphabetical sort tool","alphabetical sort calculator","alphabetical sort online","online alphabetical sort tool","free alphabetical sort tool","best alphabetical sort tool","alphabetical sort tool with steps and formula","alphabetical sort tool for accurate results","alphabetical sort tool metric and imperial","how to calculate alphabetical sort tool","calculate alphabetical sort tool easily","How does the alphabetical sort tool work?","What formula is used in alphabetical sort tool?","Can I copy or export results from this alphabetical sort tool?","Alphabetical Sort Tool; formula; step-by-step; instant calculation; unit options; accuracy; worked example","Alphabetical Sort Tool; Browser APIs; Web Application; W3C; NIST; SI Units","Utility / Calculator","DATA NOT AVAILABLE","DATA NOT AVAILABLE","DATA NOT AVAILABLE","DATA NOT AVAILABLE","DATA NOT AVAILABLE","Stable","Semrush/KeywordPlanner (Pending API connection)","Semrush/Ahrefs (Pending API connection)","150","28.4","180","24.2","20","20","14","9","84","P1","High-intent utility page in productivity cluster"
"https://usonlinetools.com/productivity/palindrome-checker","Palindrome Checker","productivity","en","US","palindrome checker","palindrome checker calculator","palindrome checker online","online palindrome checker","free palindrome checker","best palindrome checker","palindrome checker with steps and formula","palindrome checker for accurate results","palindrome checker metric and imperial","how to calculate palindrome checker","calculate palindrome checker easily","How does the palindrome checker work?","What formula is used in palindrome checker?","Can I copy or export results from this palindrome checker?","Palindrome Checker; formula; step-by-step; instant calculation; unit options; accuracy; worked example","Palindrome Checker; Browser APIs; Web Application; W3C; NIST; SI Units","Utility / Calculator","DATA NOT AVAILABLE","DATA NOT AVAILABLE","DATA NOT AVAILABLE","DATA NOT AVAILABLE","DATA NOT AVAILABLE","Stable","Semrush/KeywordPlanner (Pending API connection)","Semrush/Ahrefs (Pending API connection)","150","28.4","180","24.2","20","20","14","9","84","P1","High-intent utility page in productivity cluster"
"https://usonlinetools.com/productivity/hashtag-generator","Hashtag Generator Tool","productivity","en","US","hashtag generator tool","hashtag calculator","hashtag online","online hashtag generator tool","free hashtag generator tool","best hashtag generator tool","hashtag generator tool with steps and formula","hashtag generator tool for accurate results","hashtag generator tool metric and imperial","how to calculate hashtag generator tool","calculate hashtag generator tool easily","How does the hashtag generator tool work?","What formula is used in hashtag generator tool?","Can I copy or export results from this hashtag generator tool?","Hashtag Generator Tool; formula; step-by-step; instant calculation; unit options; accuracy; worked example","Hashtag Generator Tool; Browser APIs; Web Application; W3C; NIST; SI Units","Utility / Calculator","DATA NOT AVAILABLE","DATA NOT AVAILABLE","DATA NOT AVAILABLE","DATA NOT AVAILABLE","DATA NOT AVAILABLE","Stable","Semrush/KeywordPlanner (Pending API connection)","Semrush/Ahrefs (Pending API connection)","150","28.4","180","24.2","20","20","14","9","84","P1","High-intent utility page in productivity cluster"
"https://usonlinetools.com/productivity/word-frequency-counter","Word Frequency Counter","productivity","en","US","word frequency counter","word frequency counter calculator","word frequency counter online","online word frequency counter","free word frequency counter","best word frequency counter","word frequency counter with steps and formula","word frequency counter for accurate results","word frequency counter metric and imperial","how to calculate word frequency counter","calculate word frequency counter easily","How does the word frequency counter work?","What formula is used in word frequency counter?","Can I copy or export results from this word frequency counter?","Word Frequency Counter; formula; step-by-step; instant calculation; unit options; accuracy; worked example","Word Frequency Counter; Browser APIs; Web Application; W3C; NIST; SI Units","Utility / Calculator","DATA NOT AVAILABLE","DATA NOT AVAILABLE","DATA NOT AVAILABLE","DATA NOT AVAILABLE","DATA NOT AVAILABLE","Stable","Semrush/KeywordPlanner (Pending API connection)","Semrush/Ahrefs (Pending API connection)","150","28.4","180","24.2","20","20","14","9","84","P1","High-intent utility page in productivity cluster"
"https://usonlinetools.com/productivity/random-letter-generator","Random Letter Generator","productivity","en","US","random letter generator","random letter calculator","random letter online","online random letter generator","free random letter generator","best random letter generator","random letter generator with steps and formula","random letter generator for accurate results","random letter generator metric and imperial","how to calculate random letter generator","calculate random letter generator easily","How does the random letter generator work?","What formula is used in random letter generator?","Can I copy or export results from this random letter generator?","Random Letter Generator; formula; step-by-step; instant calculation; unit options; accuracy; worked example","Random Letter Generator; Browser APIs; Web Application; W3C; NIST; SI Units","Utility / Calculator","DATA NOT AVAILABLE","DATA NOT AVAILABLE","DATA NOT AVAILABLE","DATA NOT AVAILABLE","DATA NOT AVAILABLE","Stable","Semrush/KeywordPlanner (Pending API connection)","Semrush/Ahrefs (Pending API connection)","150","28.4","180","24.2","20","20","14","9","84","P1","High-intent utility page in productivity cluster"
"https://usonlinetools.com/productivity/random-picker-tool","Random Picker Tool","productivity","en","US","random picker tool","random picker calculator","random picker online","online random picker tool","free random picker tool","best random picker tool","random picker tool with steps and formula","random picker tool for accurate results","random picker tool metric and imperial","how to calculate random picker tool","calculate random picker tool easily","How does the random picker tool work?","What formula is used in random picker tool?","Can I copy or export results from this random picker tool?","Random Picker Tool; formula; step-by-step; instant calculation; unit options; accuracy; worked example","Random Picker Tool; Browser APIs; Web Application; W3C; NIST; SI Units","Utility / Calculator","DATA NOT AVAILABLE","DATA NOT AVAILABLE","DATA NOT AVAILABLE","DATA NOT AVAILABLE","DATA NOT AVAILABLE","Stable","Semrush/KeywordPlanner (Pending API connection)","Semrush/Ahrefs (Pending API connection)","150","28.4","180","24.2","20","20","14","9","84","P1","High-intent utility page in productivity cluster"
"https://usonlinetools.com/productivity/spin-wheel-generator","Spin Wheel Generator","productivity","en","US","spin wheel generator","spin wheel calculator","spin wheel online","online spin wheel generator","free spin wheel generator","best spin wheel generator","spin wheel generator with steps and formula","spin wheel generator for accurate results","spin wheel generator metric and imperial","how to calculate spin wheel generator","calculate spin wheel generator easily","How does the spin wheel generator work?","What formula is used in spin wheel generator?","Can I copy or export results from this spin wheel generator?","Spin Wheel Generator; formula; step-by-step; instant calculation; unit options; accuracy; worked example","Spin Wheel Generator; Browser APIs; Web Application; W3C; NIST; SI Units","Utility / Calculator","DATA NOT AVAILABLE","DATA NOT AVAILABLE","DATA NOT AVAILABLE","DATA NOT AVAILABLE","DATA NOT AVAILABLE","Stable","Semrush/KeywordPlanner (Pending API connection)","Semrush/Ahrefs (Pending API connection)","150","28.4","180","24.2","20","20","14","9","84","P1","High-intent utility page in productivity cluster"
"https://usonlinetools.com/productivity/character-counter-tool","Character Counter Tool","productivity","en","US","character counter tool","character counter calculator","character counter online","online character counter tool","free character counter tool","best character counter tool","character counter tool with steps and formula","character counter tool for accurate results","character counter tool metric and imperial","how to calculate character counter tool","calculate character counter tool easily","How does the character counter tool work?","What formula is used in character counter tool?","Can I copy or export results from this character counter tool?","Character Counter Tool; formula; step-by-step; instant calculation; unit options; accuracy; worked example","Character Counter Tool; Browser APIs; Web Application; W3C; NIST; SI Units","Utility / Calculator","DATA NOT AVAILABLE","DATA NOT AVAILABLE","DATA NOT AVAILABLE","DATA NOT AVAILABLE","DATA NOT AVAILABLE","Stable","Semrush/KeywordPlanner (Pending API connection)","Semrush/Ahrefs (Pending API connection)","150","28.4","180","24.2","20","20","14","9","84","P1","High-intent utility page in productivity cluster"
"https://usonlinetools.com/productivity/line-counter-tool","Line Counter Tool","productivity","en","US","line counter tool","line counter calculator","line counter online","online line counter tool","free line counter tool","best line counter tool","line counter tool with steps and formula","line counter tool for accurate results","line counter tool metric and imperial","how to calculate line counter tool","calculate line counter tool easily","How does the line counter tool work?","What formula is used in line counter tool?","Can I copy or export results from this line counter tool?","Line Counter Tool; formula; step-by-step; instant calculation; unit options; accuracy; worked example","Line Counter Tool; Browser APIs; Web Application; W3C; NIST; SI Units","Utility / Calculator","DATA NOT AVAILABLE","DATA NOT AVAILABLE","DATA NOT AVAILABLE","DATA NOT AVAILABLE","DATA NOT AVAILABLE","Stable","Semrush/KeywordPlanner (Pending API connection)","Semrush/Ahrefs (Pending API connection)","150","28.4","180","24.2","20","20","14","9","84","P1","High-intent utility page in productivity cluster"
"https://usonlinetools.com/productivity/remove-extra-spaces-tool","Remove Extra Spaces Tool","productivity","en","US","remove extra spaces tool","remove extra spaces calculator","remove extra spaces online","online remove extra spaces tool","free remove extra spaces tool","best remove extra spaces tool","remove extra spaces tool with steps and formula","remove extra spaces tool for accurate results","remove extra spaces tool metric and imperial","how to calculate remove extra spaces tool","calculate remove extra spaces tool easily","How does the remove extra spaces tool work?","What formula is used in remove extra spaces tool?","Can I copy or export results from this remove extra spaces tool?","Remove Extra Spaces Tool; formula; step-by-step; instant calculation; unit options; accuracy; worked example","Remove Extra Spaces Tool; Browser APIs; Web Application; W3C; NIST; SI Units","Utility / Calculator","DATA NOT AVAILABLE","DATA NOT AVAILABLE","DATA NOT AVAILABLE","DATA NOT AVAILABLE","DATA NOT AVAILABLE","Stable","Semrush/KeywordPlanner (Pending API connection)","Semrush/Ahrefs (Pending API connection)","150","28.4","180","24.2","20","20","14","9","84","P1","High-intent utility page in productivity cluster"
"https://usonlinetools.com/productivity/sort-text-lines-tool","Sort Text Lines Tool","productivity","en","US","sort text lines tool","sort text lines calculator","sort text lines online","online sort text lines tool","free sort text lines tool","best sort text lines tool","sort text lines tool with steps and formula","sort text lines tool for accurate results","sort text lines tool metric and imperial","how to calculate sort text lines tool","calculate sort text lines tool easily","How does the sort text lines tool work?","What formula is used in sort text lines tool?","Can I copy or export results from this sort text lines tool?","Sort Text Lines Tool; formula; step-by-step; instant calculation; unit options; accuracy; worked example","Sort Text Lines Tool; Browser APIs; Web Application; W3C; NIST; SI Units","Utility / Calculator","DATA NOT AVAILABLE","DATA NOT AVAILABLE","DATA NOT AVAILABLE","DATA NOT AVAILABLE","DATA NOT AVAILABLE","Stable","Semrush/KeywordPlanner (Pending API connection)","Semrush/Ahrefs (Pending API connection)","150","28.4","180","24.2","20","20","14","9","84","P1","High-intent utility page in productivity cluster"
"https://usonlinetools.com/productivity/list-randomizer-tool","List Randomizer Tool","productivity","en","US","list randomizer tool","list randomizer calculator","list randomizer online","online list randomizer tool","free list randomizer tool","best list randomizer tool","list randomizer tool with steps and formula","list randomizer tool for accurate results","list randomizer tool metric and imperial","how to calculate list randomizer tool","calculate list randomizer tool easily","How does the list randomizer tool work?","What formula is used in list randomizer tool?","Can I copy or export results from this list randomizer tool?","List Randomizer Tool; formula; step-by-step; instant calculation; unit options; accuracy; worked example","List Randomizer Tool; Browser APIs; Web Application; W3C; NIST; SI Units","Utility / Calculator","DATA NOT AVAILABLE","DATA NOT AVAILABLE","DATA NOT AVAILABLE","DATA NOT AVAILABLE","DATA NOT AVAILABLE","Stable","Semrush/KeywordPlanner (Pending API connection)","Semrush/Ahrefs (Pending API connection)","150","28.4","180","24.2","20","20","14","9","84","P1","High-intent utility page in productivity cluster"
"https://usonlinetools.com/productivity/text-formatter-tool","Text Formatter Tool","productivity","en","US","text formatter tool","text formatter calculator","text formatter online","online text formatter tool","free text formatter tool","best text formatter tool","text formatter tool with steps and formula","text formatter tool for accurate results","text formatter tool metric and imperial","how to calculate text formatter tool","calculate text formatter tool easily","How does the text formatter tool work?","What formula is used in text formatter tool?","Can I copy or export results from this text formatter tool?","Text Formatter Tool; formula; step-by-step; instant calculation; unit options; accuracy; worked example","Text Formatter Tool; Browser APIs; Web Application; W3C; NIST; SI Units","Utility / Calculator","DATA NOT AVAILABLE","DATA NOT AVAILABLE","DATA NOT AVAILABLE","DATA NOT AVAILABLE","DATA NOT AVAILABLE","Stable","Semrush/KeywordPlanner (Pending API connection)","Semrush/Ahrefs (Pending API connection)","150","28.4","180","24.2","20","20","14","9","84","P1","High-intent utility page in productivity cluster"
"https://usonlinetools.com/productivity/json-formatter","JSON Formatter","productivity","en","US","json formatter","json formatter calculator","json formatter online","online json formatter","free json formatter","best json formatter","json formatter with steps and formula","json formatter for accurate results","json formatter metric and imperial","how to calculate json formatter","calculate json formatter easily","How does the json formatter work?","What formula is used in json formatter?","Can I copy or export results from this json formatter?","JSON Formatter; formula; step-by-step; instant calculation; unit options; accuracy; worked example","JSON Formatter; Browser APIs; Web Application; W3C; NIST; SI Units","Utility / Calculator","DATA NOT AVAILABLE","DATA NOT AVAILABLE","DATA NOT AVAILABLE","DATA NOT AVAILABLE","DATA NOT AVAILABLE","Stable","Semrush/KeywordPlanner (Pending API connection)","Semrush/Ahrefs (Pending API connection)","150","28.4","180","24.2","20","20","14","9","84","P1","High-intent utility page in productivity cluster"
"https://usonlinetools.com/productivity/base64-encoder-decoder","Base64 Encoder Decoder","productivity","en","US","base64 encoder decoder","base64 encoder decoder calculator","base64 encoder decoder online","online base64 encoder decoder","free base64 encoder decoder","best base64 encoder decoder","base64 encoder decoder with steps and formula","base64 encoder decoder for accurate results","base64 encoder decoder metric and imperial","how to calculate base64 encoder decoder","calculate base64 encoder decoder easily","How does the base64 encoder decoder work?","What formula is used in base64 encoder decoder?","Can I copy or export results from this base64 encoder decoder?","Base64 Encoder Decoder; formula; step-by-step; instant calculation; unit options; accuracy; worked example","Base64 Encoder Decoder; Browser APIs; Web Application; W3C; NIST; SI Units","Utility / Calculator","DATA NOT AVAILABLE","DATA NOT AVAILABLE","DATA NOT AVAILABLE","DATA NOT AVAILABLE","DATA NOT AVAILABLE","Stable","Semrush/KeywordPlanner (Pending API connection)","Semrush/Ahrefs (Pending API connection)","150","28.4","180","24.2","20","20","14","9","84","P1","High-intent utility page in productivity cluster"
"https://usonlinetools.com/productivity/love-calculator","Love Calculator","productivity","en","US","love calculator","love calculator","love online","online love calculator","free love calculator","best love calculator","love calculator with steps and formula","love calculator for accurate results","love calculator metric and imperial","how to calculate love","calculate love easily","How does the love calculator work?","What formula is used in love calculator?","Can I copy or export results from this love calculator?","Love Calculator; formula; step-by-step; instant calculation; unit options; accuracy; worked example","Love Calculator; Browser APIs; Web Application; W3C; NIST; SI Units","Utility / Calculator","DATA NOT AVAILABLE","DATA NOT AVAILABLE","DATA NOT AVAILABLE","DATA NOT AVAILABLE","DATA NOT AVAILABLE","Stable","Semrush/KeywordPlanner (Pending API connection)","Semrush/Ahrefs (Pending API connection)","150","28.4","180","24.2","20","20","14","9","84","P1","High-intent utility page in productivity cluster"
"https://usonlinetools.com/education/online-gpa-calculator","GPA Calculator","education","en","US","gpa calculator","gpa calculator","gpa online","online gpa calculator","free gpa calculator","best gpa calculator","gpa calculator with steps and formula","gpa calculator for accurate results","gpa calculator metric and imperial","how to calculate gpa","calculate gpa easily","How does the gpa calculator work?","What formula is used in gpa calculator?","Can I copy or export results from this gpa calculator?","GPA Calculator; formula; step-by-step; instant calculation; unit options; accuracy; worked example","GPA Calculator; Browser APIs; Web Application; W3C; NIST; SI Units","Utility / Calculator","DATA NOT AVAILABLE","DATA NOT AVAILABLE","DATA NOT AVAILABLE","DATA NOT AVAILABLE","DATA NOT AVAILABLE","Stable","Semrush/KeywordPlanner (Pending API connection)","Semrush/Ahrefs (Pending API connection)","150","28.4","180","24.2","16","18","12","8","75","P1","High-intent utility page in education cluster"
"https://usonlinetools.com/education/grade-calculator","Grade Calculator","education","en","US","grade calculator","grade calculator","grade online","online grade calculator","free grade calculator","best grade calculator","grade calculator with steps and formula","grade calculator for accurate results","grade calculator metric and imperial","how to calculate grade","calculate grade easily","How does the grade calculator work?","What formula is used in grade calculator?","Can I copy or export results from this grade calculator?","Grade Calculator; formula; step-by-step; instant calculation; unit options; accuracy; worked example","Grade Calculator; Browser APIs; Web Application; W3C; NIST; SI Units","Utility / Calculator","DATA NOT AVAILABLE","DATA NOT AVAILABLE","DATA NOT AVAILABLE","DATA NOT AVAILABLE","DATA NOT AVAILABLE","Stable","Semrush/KeywordPlanner (Pending API connection)","Semrush/Ahrefs (Pending API connection)","150","28.4","180","24.2","16","18","12","8","75","P1","High-intent utility page in education cluster"
"https://usonlinetools.com/education/weighted-grade-calculator","Weighted Grade Calculator","education","en","US","weighted grade calculator","weighted grade calculator","weighted grade online","online weighted grade calculator","free weighted grade calculator","best weighted grade calculator","weighted grade calculator with steps and formula","weighted grade calculator for accurate results","weighted grade calculator metric and imperial","how to calculate weighted grade","calculate weighted grade easily","How does the weighted grade calculator work?","What formula is used in weighted grade calculator?","Can I copy or export results from this weighted grade calculator?","Weighted Grade Calculator; formula; step-by-step; instant calculation; unit options; accuracy; worked example","Weighted Grade Calculator; Browser APIs; Web Application; W3C; NIST; SI Units","Utility / Calculator","DATA NOT AVAILABLE","DATA NOT AVAILABLE","DATA NOT AVAILABLE","DATA NOT AVAILABLE","DATA NOT AVAILABLE","Stable","Semrush/KeywordPlanner (Pending API connection)","Semrush/Ahrefs (Pending API connection)","150","28.4","180","24.2","16","18","12","8","75","P1","High-intent utility page in education cluster"
"https://usonlinetools.com/education/final-grade-calculator","Final Grade Calculator","education","en","US","final grade calculator","final grade calculator","final grade online","online final grade calculator","free final grade calculator","best final grade calculator","final grade calculator with steps and formula","final grade calculator for accurate results","final grade calculator metric and imperial","how to calculate final grade","calculate final grade easily","How does the final grade calculator work?","What formula is used in final grade calculator?","Can I copy or export results from this final grade calculator?","Final Grade Calculator; formula; step-by-step; instant calculation; unit options; accuracy; worked example","Final Grade Calculator; Browser APIs; Web Application; W3C; NIST; SI Units","Utility / Calculator","DATA NOT AVAILABLE","DATA NOT AVAILABLE","DATA NOT AVAILABLE","DATA NOT AVAILABLE","DATA NOT AVAILABLE","Stable","Semrush/KeywordPlanner (Pending API connection)","Semrush/Ahrefs (Pending API connection)","150","28.4","180","24.2","16","18","12","8","75","P1","High-intent utility page in education cluster"
"https://usonlinetools.com/education/percentage-grade-calculator","Percentage Grade Calculator","education","en","US","percentage grade calculator","percentage grade calculator","percentage grade online","online percentage grade calculator","free percentage grade calculator","best percentage grade calculator","percentage grade calculator with steps and formula","percentage grade calculator for accurate results","percentage grade calculator metric and imperial","how to calculate percentage grade","calculate percentage grade easily","How does the percentage grade calculator work?","What formula is used in percentage grade calculator?","Can I copy or export results from this percentage grade calculator?","Percentage Grade Calculator; formula; step-by-step; instant calculation; unit options; accuracy; worked example","Percentage Grade Calculator; Browser APIs; Web Application; W3C; NIST; SI Units","Utility / Calculator","DATA NOT AVAILABLE","DATA NOT AVAILABLE","DATA NOT AVAILABLE","DATA NOT AVAILABLE","DATA NOT AVAILABLE","Stable","Semrush/KeywordPlanner (Pending API connection)","Semrush/Ahrefs (Pending API connection)","150","28.4","180","24.2","16","18","12","8","75","P1","High-intent utility page in education cluster"
"https://usonlinetools.com/education/attendance-percentage-calculator","Attendance Percentage Calculator","education","en","US","attendance percentage calculator","attendance percentage calculator","attendance percentage online","online attendance percentage calculator","free attendance percentage calculator","best attendance percentage calculator","attendance percentage calculator with steps and formula","attendance percentage calculator for accurate results","attendance percentage calculator metric and imperial","how to calculate attendance percentage","calculate attendance percentage easily","How does the attendance percentage calculator work?","What formula is used in attendance percentage calculator?","Can I copy or export results from this attendance percentage calculator?","Attendance Percentage Calculator; formula; step-by-step; instant calculation; unit options; accuracy; worked example","Attendance Percentage Calculator; Browser APIs; Web Application; W3C; NIST; SI Units","Utility / Calculator","DATA NOT AVAILABLE","DATA NOT AVAILABLE","DATA NOT AVAILABLE","DATA NOT AVAILABLE","DATA NOT AVAILABLE","Stable","Semrush/KeywordPlanner (Pending API connection)","Semrush/Ahrefs (Pending API connection)","150","28.4","180","24.2","16","18","12","8","75","P1","High-intent utility page in education cluster"
"https://usonlinetools.com/education/reading-speed-calculator","Reading Speed Calculator","education","en","US","reading speed calculator","reading speed calculator","reading speed online","online reading speed calculator","free reading speed calculator","best reading speed calculator","reading speed calculator with steps and formula","reading speed calculator for accurate results","reading speed calculator metric and imperial","how to calculate reading speed","calculate reading speed easily","How does the reading speed calculator work?","What formula is used in reading speed calculator?","Can I copy or export results from this reading speed calculator?","Reading Speed Calculator; formula; step-by-step; instant calculation; unit options; accuracy; worked example","Reading Speed Calculator; Browser APIs; Web Application; W3C; NIST; SI Units","Utility / Calculator","DATA NOT AVAILABLE","DATA NOT AVAILABLE","DATA NOT AVAILABLE","DATA NOT AVAILABLE","DATA NOT AVAILABLE","Stable","Semrush/KeywordPlanner (Pending API connection)","Semrush/Ahrefs (Pending API connection)","150","28.4","180","24.2","16","18","12","8","75","P1","High-intent utility page in education cluster"
"https://usonlinetools.com/education/marks-percentage-calculator","Marks Percentage Calculator","education","en","US","marks percentage calculator","marks percentage calculator","marks percentage online","online marks percentage calculator","free marks percentage calculator","best marks percentage calculator","marks percentage calculator with steps and formula","marks percentage calculator for accurate results","marks percentage calculator metric and imperial","how to calculate marks percentage","calculate marks percentage easily","How does the marks percentage calculator work?","What formula is used in marks percentage calculator?","Can I copy or export results from this marks percentage calculator?","Marks Percentage Calculator; formula; step-by-step; instant calculation; unit options; accuracy; worked example","Marks Percentage Calculator; Browser APIs; Web Application; W3C; NIST; SI Units","Utility / Calculator","DATA NOT AVAILABLE","DATA NOT AVAILABLE","DATA NOT AVAILABLE","DATA NOT AVAILABLE","DATA NOT AVAILABLE","Stable","Semrush/KeywordPlanner (Pending API connection)","Semrush/Ahrefs (Pending API connection)","150","28.4","180","24.2","16","18","12","8","75","P1","High-intent utility page in education cluster"
"https://usonlinetools.com/education/marks-to-gpa-converter","Marks to GPA Converter","education","en","US","marks to gpa converter","marks to gpa calculator","marks to gpa online","online marks to gpa converter","free marks to gpa converter","best marks to gpa converter","marks to gpa converter with steps and formula","marks to gpa converter for accurate results","marks to gpa converter metric and imperial","how to calculate marks to gpa converter","calculate marks to gpa converter easily","How does the marks to gpa converter work?","What formula is used in marks to gpa converter?","Can I copy or export results from this marks to gpa converter?","Marks to GPA Converter; formula; step-by-step; instant calculation; unit options; accuracy; worked example","Marks to GPA Converter; Browser APIs; Web Application; W3C; NIST; SI Units","Utility / Calculator","DATA NOT AVAILABLE","DATA NOT AVAILABLE","DATA NOT AVAILABLE","DATA NOT AVAILABLE","DATA NOT AVAILABLE","Stable","Semrush/KeywordPlanner (Pending API connection)","Semrush/Ahrefs (Pending API connection)","150","28.4","180","24.2","16","18","12","8","75","P1","High-intent utility page in education cluster"
"https://usonlinetools.com/education/class-average-calculator","Class Average Calculator","education","en","US","class average calculator","class average calculator","class average online","online class average calculator","free class average calculator","best class average calculator","class average calculator with steps and formula","class average calculator for accurate results","class average calculator metric and imperial","how to calculate class average","calculate class average easily","How does the class average calculator work?","What formula is used in class average calculator?","Can I copy or export results from this class average calculator?","Class Average Calculator; formula; step-by-step; instant calculation; unit options; accuracy; worked example","Class Average Calculator; Browser APIs; Web Application; W3C; NIST; SI Units","Utility / Calculator","DATA NOT AVAILABLE","DATA NOT AVAILABLE","DATA NOT AVAILABLE","DATA NOT AVAILABLE","DATA NOT AVAILABLE","Stable","Semrush/KeywordPlanner (Pending API connection)","Semrush/Ahrefs (Pending API connection)","150","28.4","180","24.2","16","18","12","8","75","P1","High-intent utility page in education cluster"
"https://usonlinetools.com/education/score-calculator","Score Calculator","education","en","US","score calculator","score calculator","score online","online score calculator","free score calculator","best score calculator","score calculator with steps and formula","score calculator for accurate results","score calculator metric and imperial","how to calculate score","calculate score easily","How does the score calculator work?","What formula is used in score calculator?","Can I copy or export results from this score calculator?","Score Calculator; formula; step-by-step; instant calculation; unit options; accuracy; worked example","Score Calculator; Browser APIs; Web Application; W3C; NIST; SI Units","Utility / Calculator","DATA NOT AVAILABLE","DATA NOT AVAILABLE","DATA NOT AVAILABLE","DATA NOT AVAILABLE","DATA NOT AVAILABLE","Stable","Semrush/KeywordPlanner (Pending API connection)","Semrush/Ahrefs (Pending API connection)","150","28.4","180","24.2","16","18","12","8","75","P1","High-intent utility page in education cluster"
"https://usonlinetools.com/education/study-planner-calculator","Study Planner Calculator","education","en","US","study planner calculator","study planner calculator","study planner online","online study planner calculator","free study planner calculator","best study planner calculator","study planner calculator with steps and formula","study planner calculator for accurate results","study planner calculator metric and imperial","how to calculate study planner","calculate study planner easily","How does the study planner calculator work?","What formula is used in study planner calculator?","Can I copy or export results from this study planner calculator?","Study Planner Calculator; formula; step-by-step; instant calculation; unit options; accuracy; worked example","Study Planner Calculator; Browser APIs; Web Application; W3C; NIST; SI Units","Utility / Calculator","DATA NOT AVAILABLE","DATA NOT AVAILABLE","DATA NOT AVAILABLE","DATA NOT AVAILABLE","DATA NOT AVAILABLE","Stable","Semrush/KeywordPlanner (Pending API connection)","Semrush/Ahrefs (Pending API connection)","150","28.4","180","24.2","16","18","12","8","75","P1","High-intent utility page in education cluster"
"https://usonlinetools.com/education/homework-time-calculator","Homework Time Calculator","education","en","US","homework time calculator","homework time calculator","homework time online","online homework time calculator","free homework time calculator","best homework time calculator","homework time calculator with steps and formula","homework time calculator for accurate results","homework time calculator metric and imperial","how to calculate homework time","calculate homework time easily","How does the homework time calculator work?","What formula is used in homework time calculator?","Can I copy or export results from this homework time calculator?","Homework Time Calculator; formula; step-by-step; instant calculation; unit options; accuracy; worked example","Homework Time Calculator; Browser APIs; Web Application; W3C; NIST; SI Units","Utility / Calculator","DATA NOT AVAILABLE","DATA NOT AVAILABLE","DATA NOT AVAILABLE","DATA NOT AVAILABLE","DATA NOT AVAILABLE","Stable","Semrush/KeywordPlanner (Pending API connection)","Semrush/Ahrefs (Pending API connection)","150","28.4","180","24.2","16","18","12","8","75","P1","High-intent utility page in education cluster"
"https://usonlinetools.com/education/exam-countdown-timer","Exam Countdown Timer","education","en","US","exam countdown timer","exam countdown timer calculator","exam countdown timer online","online exam countdown timer","free exam countdown timer","best exam countdown timer","exam countdown timer with steps and formula","exam countdown timer for accurate results","exam countdown timer metric and imperial","how to calculate exam countdown timer","calculate exam countdown timer easily","How does the exam countdown timer work?","What formula is used in exam countdown timer?","Can I copy or export results from this exam countdown timer?","Exam Countdown Timer; formula; step-by-step; instant calculation; unit options; accuracy; worked example","Exam Countdown Timer; Browser APIs; Web Application; W3C; NIST; SI Units","Utility / Calculator","DATA NOT AVAILABLE","DATA NOT AVAILABLE","DATA NOT AVAILABLE","DATA NOT AVAILABLE","DATA NOT AVAILABLE","Stable","Semrush/KeywordPlanner (Pending API connection)","Semrush/Ahrefs (Pending API connection)","150","28.4","180","24.2","16","18","12","8","75","P1","High-intent utility page in education cluster"
"https://usonlinetools.com/education/assignment-grade-calculator","Assignment Grade Calculator","education","en","US","assignment grade calculator","assignment grade calculator","assignment grade online","online assignment grade calculator","free assignment grade calculator","best assignment grade calculator","assignment grade calculator with steps and formula","assignment grade calculator for accurate results","assignment grade calculator metric and imperial","how to calculate assignment grade","calculate assignment grade easily","How does the assignment grade calculator work?","What formula is used in assignment grade calculator?","Can I copy or export results from this assignment grade calculator?","Assignment Grade Calculator; formula; step-by-step; instant calculation; unit options; accuracy; worked example","Assignment Grade Calculator; Browser APIs; Web Application; W3C; NIST; SI Units","Utility / Calculator","DATA NOT AVAILABLE","DATA NOT AVAILABLE","DATA NOT AVAILABLE","DATA NOT AVAILABLE","DATA NOT AVAILABLE","Stable","Semrush/KeywordPlanner (Pending API connection)","Semrush/Ahrefs (Pending API connection)","150","28.4","180","24.2","16","18","12","8","75","P1","High-intent utility page in education cluster"
"https://usonlinetools.com/education/semester-planner-tool","Semester Planner Tool","education","en","US","semester planner tool","semester planner calculator","semester planner online","online semester planner tool","free semester planner tool","best semester planner tool","semester planner tool with steps and formula","semester planner tool for accurate results","semester planner tool metric and imperial","how to calculate semester planner tool","calculate semester planner tool easily","How does the semester planner tool work?","What formula is used in semester planner tool?","Can I copy or export results from this semester planner tool?","Semester Planner Tool; formula; step-by-step; instant calculation; unit options; accuracy; worked example","Semester Planner Tool; Browser APIs; Web Application; W3C; NIST; SI Units","Utility / Calculator","DATA NOT AVAILABLE","DATA NOT AVAILABLE","DATA NOT AVAILABLE","DATA NOT AVAILABLE","DATA NOT AVAILABLE","Stable","Semrush/KeywordPlanner (Pending API connection)","Semrush/Ahrefs (Pending API connection)","150","28.4","180","24.2","16","18","12","8","75","P1","High-intent utility page in education cluster"
"https://usonlinetools.com/education/quiz-score-calculator","Quiz Score Calculator","education","en","US","quiz score calculator","quiz score calculator","quiz score online","online quiz score calculator","free quiz score calculator","best quiz score calculator","quiz score calculator with steps and formula","quiz score calculator for accurate results","quiz score calculator metric and imperial","how to calculate quiz score","calculate quiz score easily","How does the quiz score calculator work?","What formula is used in quiz score calculator?","Can I copy or export results from this quiz score calculator?","Quiz Score Calculator; formula; step-by-step; instant calculation; unit options; accuracy; worked example","Quiz Score Calculator; Browser APIs; Web Application; W3C; NIST; SI Units","Utility / Calculator","DATA NOT AVAILABLE","DATA NOT AVAILABLE","DATA NOT AVAILABLE","DATA NOT AVAILABLE","DATA NOT AVAILABLE","Stable","Semrush/KeywordPlanner (Pending API connection)","Semrush/Ahrefs (Pending API connection)","150","28.4","180","24.2","16","18","12","8","75","P1","High-intent utility page in education cluster"
"https://usonlinetools.com/education/flashcard-timer-tool","Flashcard Timer Tool","education","en","US","flashcard timer tool","flashcard timer calculator","flashcard timer online","online flashcard timer tool","free flashcard timer tool","best flashcard timer tool","flashcard timer tool with steps and formula","flashcard timer tool for accurate results","flashcard timer tool metric and imperial","how to calculate flashcard timer tool","calculate flashcard timer tool easily","How does the flashcard timer tool work?","What formula is used in flashcard timer tool?","Can I copy or export results from this flashcard timer tool?","Flashcard Timer Tool; formula; step-by-step; instant calculation; unit options; accuracy; worked example","Flashcard Timer Tool; Browser APIs; Web Application; W3C; NIST; SI Units","Utility / Calculator","DATA NOT AVAILABLE","DATA NOT AVAILABLE","DATA NOT AVAILABLE","DATA NOT AVAILABLE","DATA NOT AVAILABLE","Stable","Semrush/KeywordPlanner (Pending API connection)","Semrush/Ahrefs (Pending API connection)","150","28.4","180","24.2","16","18","12","8","75","P1","High-intent utility page in education cluster"
"https://usonlinetools.com/education/exam-score-predictor","Exam Score Predictor","education","en","US","exam score predictor","exam score predictor calculator","exam score predictor online","online exam score predictor","free exam score predictor","best exam score predictor","exam score predictor with steps and formula","exam score predictor for accurate results","exam score predictor metric and imperial","how to calculate exam score predictor","calculate exam score predictor easily","How does the exam score predictor work?","What formula is used in exam score predictor?","Can I copy or export results from this exam score predictor?","Exam Score Predictor; formula; step-by-step; instant calculation; unit options; accuracy; worked example","Exam Score Predictor; Browser APIs; Web Application; W3C; NIST; SI Units","Utility / Calculator","DATA NOT AVAILABLE","DATA NOT AVAILABLE","DATA NOT AVAILABLE","DATA NOT AVAILABLE","DATA NOT AVAILABLE","Stable","Semrush/KeywordPlanner (Pending API connection)","Semrush/Ahrefs (Pending API connection)","150","28.4","180","24.2","16","18","12","8","75","P1","High-intent utility page in education cluster"
"https://usonlinetools.com/education/study-hours-tracker","Study Hours Tracker","education","en","US","study hours tracker","study hours tracker calculator","study hours tracker online","online study hours tracker","free study hours tracker","best study hours tracker","study hours tracker with steps and formula","study hours tracker for accurate results","study hours tracker metric and imperial","how to calculate study hours tracker","calculate study hours tracker easily","How does the study hours tracker work?","What formula is used in study hours tracker?","Can I copy or export results from this study hours tracker?","Study Hours Tracker; formula; step-by-step; instant calculation; unit options; accuracy; worked example","Study Hours Tracker; Browser APIs; Web Application; W3C; NIST; SI Units","Utility / Calculator","DATA NOT AVAILABLE","DATA NOT AVAILABLE","DATA NOT AVAILABLE","DATA NOT AVAILABLE","DATA NOT AVAILABLE","Stable","Semrush/KeywordPlanner (Pending API connection)","Semrush/Ahrefs (Pending API connection)","150","28.4","180","24.2","16","18","12","8","75","P1","High-intent utility page in education cluster"
"https://usonlinetools.com/education/grade-improvement-calculator","Grade Improvement Calculator","education","en","US","grade improvement calculator","grade improvement calculator","grade improvement online","online grade improvement calculator","free grade improvement calculator","best grade improvement calculator","grade improvement calculator with steps and formula","grade improvement calculator for accurate results","grade improvement calculator metric and imperial","how to calculate grade improvement","calculate grade improvement easily","How does the grade improvement calculator work?","What formula is used in grade improvement calculator?","Can I copy or export results from this grade improvement calculator?","Grade Improvement Calculator; formula; step-by-step; instant calculation; unit options; accuracy; worked example","Grade Improvement Calculator; Browser APIs; Web Application; W3C; NIST; SI Units","Utility / Calculator","DATA NOT AVAILABLE","DATA NOT AVAILABLE","DATA NOT AVAILABLE","DATA NOT AVAILABLE","DATA NOT AVAILABLE","Stable","Semrush/KeywordPlanner (Pending API connection)","Semrush/Ahrefs (Pending API connection)","150","28.4","180","24.2","16","18","12","8","75","P1","High-intent utility page in education cluster"
"https://usonlinetools.com/education/test-score-analyzer","Test Score Analyzer","education","en","US","test score analyzer","test score analyzer calculator","test score analyzer online","online test score analyzer","free test score analyzer","best test score analyzer","test score analyzer with steps and formula","test score analyzer for accurate results","test score analyzer metric and imperial","how to calculate test score analyzer","calculate test score analyzer easily","How does the test score analyzer work?","What formula is used in test score analyzer?","Can I copy or export results from this test score analyzer?","Test Score Analyzer; formula; step-by-step; instant calculation; unit options; accuracy; worked example","Test Score Analyzer; Browser APIs; Web Application; W3C; NIST; SI Units","Utility / Calculator","DATA NOT AVAILABLE","DATA NOT AVAILABLE","DATA NOT AVAILABLE","DATA NOT AVAILABLE","DATA NOT AVAILABLE","Stable","Semrush/KeywordPlanner (Pending API connection)","Semrush/Ahrefs (Pending API connection)","150","28.4","180","24.2","16","18","12","8","75","P1","High-intent utility page in education cluster"
"https://usonlinetools.com/education/learning-time-calculator","Learning Time Calculator","education","en","US","learning time calculator","learning time calculator","learning time online","online learning time calculator","free learning time calculator","best learning time calculator","learning time calculator with steps and formula","learning time calculator for accurate results","learning time calculator metric and imperial","how to calculate learning time","calculate learning time easily","How does the learning time calculator work?","What formula is used in learning time calculator?","Can I copy or export results from this learning time calculator?","Learning Time Calculator; formula; step-by-step; instant calculation; unit options; accuracy; worked example","Learning Time Calculator; Browser APIs; Web Application; W3C; NIST; SI Units","Utility / Calculator","DATA NOT AVAILABLE","DATA NOT AVAILABLE","DATA NOT AVAILABLE","DATA NOT AVAILABLE","DATA NOT AVAILABLE","Stable","Semrush/KeywordPlanner (Pending API connection)","Semrush/Ahrefs (Pending API connection)","150","28.4","180","24.2","16","18","12","8","75","P1","High-intent utility page in education cluster"
"https://usonlinetools.com/education/school-schedule-planner","School Schedule Planner","education","en","US","school schedule planner","school schedule planner calculator","school schedule planner online","online school schedule planner","free school schedule planner","best school schedule planner","school schedule planner with steps and formula","school schedule planner for accurate results","school schedule planner metric and imperial","how to calculate school schedule planner","calculate school schedule planner easily","How does the school schedule planner work?","What formula is used in school schedule planner?","Can I copy or export results from this school schedule planner?","School Schedule Planner; formula; step-by-step; instant calculation; unit options; accuracy; worked example","School Schedule Planner; Browser APIs; Web Application; W3C; NIST; SI Units","Utility / Calculator","DATA NOT AVAILABLE","DATA NOT AVAILABLE","DATA NOT AVAILABLE","DATA NOT AVAILABLE","DATA NOT AVAILABLE","Stable","Semrush/KeywordPlanner (Pending API connection)","Semrush/Ahrefs (Pending API connection)","150","28.4","180","24.2","16","18","12","8","75","P1","High-intent utility page in education cluster"
"https://usonlinetools.com/education/revision-planner-tool","Revision Planner Tool","education","en","US","revision planner tool","revision planner calculator","revision planner online","online revision planner tool","free revision planner tool","best revision planner tool","revision planner tool with steps and formula","revision planner tool for accurate results","revision planner tool metric and imperial","how to calculate revision planner tool","calculate revision planner tool easily","How does the revision planner tool work?","What formula is used in revision planner tool?","Can I copy or export results from this revision planner tool?","Revision Planner Tool; formula; step-by-step; instant calculation; unit options; accuracy; worked example","Revision Planner Tool; Browser APIs; Web Application; W3C; NIST; SI Units","Utility / Calculator","DATA NOT AVAILABLE","DATA NOT AVAILABLE","DATA NOT AVAILABLE","DATA NOT AVAILABLE","DATA NOT AVAILABLE","Stable","Semrush/KeywordPlanner (Pending API connection)","Semrush/Ahrefs (Pending API connection)","150","28.4","180","24.2","16","18","12","8","75","P1","High-intent utility page in education cluster"
"https://usonlinetools.com/education/cgpa-calculator","CGPA Calculator","education","en","US","cgpa calculator","cgpa calculator","cgpa online","online cgpa calculator","free cgpa calculator","best cgpa calculator","cgpa calculator with steps and formula","cgpa calculator for accurate results","cgpa calculator metric and imperial","how to calculate cgpa","calculate cgpa easily","How does the cgpa calculator work?","What formula is used in cgpa calculator?","Can I copy or export results from this cgpa calculator?","CGPA Calculator; formula; step-by-step; instant calculation; unit options; accuracy; worked example","CGPA Calculator; Browser APIs; Web Application; W3C; NIST; SI Units","Utility / Calculator","DATA NOT AVAILABLE","DATA NOT AVAILABLE","DATA NOT AVAILABLE","DATA NOT AVAILABLE","DATA NOT AVAILABLE","Stable","Semrush/KeywordPlanner (Pending API connection)","Semrush/Ahrefs (Pending API connection)","150","28.4","180","24.2","16","18","12","8","75","P1","High-intent utility page in education cluster"
"https://usonlinetools.com/education/sat-score-calculator","SAT Score Calculator","education","en","US","sat score calculator","sat score calculator","sat score online","online sat score calculator","free sat score calculator","best sat score calculator","sat score calculator with steps and formula","sat score calculator for accurate results","sat score calculator metric and imperial","how to calculate sat score","calculate sat score easily","How does the sat score calculator work?","What formula is used in sat score calculator?","Can I copy or export results from this sat score calculator?","SAT Score Calculator; formula; step-by-step; instant calculation; unit options; accuracy; worked example","SAT Score Calculator; Browser APIs; Web Application; W3C; NIST; SI Units","Utility / Calculator","DATA NOT AVAILABLE","DATA NOT AVAILABLE","DATA NOT AVAILABLE","DATA NOT AVAILABLE","DATA NOT AVAILABLE","Stable","Semrush/KeywordPlanner (Pending API connection)","Semrush/Ahrefs (Pending API connection)","150","28.4","180","24.2","16","18","12","8","75","P1","High-intent utility page in education cluster"
"https://usonlinetools.com/education/typing-speed-test","Typing Speed Test","education","en","US","typing speed test","typing speed test calculator","typing speed test online","online typing speed test","free typing speed test","best typing speed test","typing speed test with steps and formula","typing speed test for accurate results","typing speed test metric and imperial","how to calculate typing speed test","calculate typing speed test easily","How does the typing speed test work?","What formula is used in typing speed test?","Can I copy or export results from this typing speed test?","Typing Speed Test; formula; step-by-step; instant calculation; unit options; accuracy; worked example","Typing Speed Test; Browser APIs; Web Application; W3C; NIST; SI Units","Utility / Calculator","DATA NOT AVAILABLE","DATA NOT AVAILABLE","DATA NOT AVAILABLE","DATA NOT AVAILABLE","DATA NOT AVAILABLE","Stable","Semrush/KeywordPlanner (Pending API connection)","Semrush/Ahrefs (Pending API connection)","150","28.4","180","24.2","16","18","12","8","75","P1","High-intent utility page in education cluster"
"https://usonlinetools.com/education/scholarship-calculator","Scholarship Calculator","education","en","US","scholarship calculator","scholarship calculator","scholarship online","online scholarship calculator","free scholarship calculator","best scholarship calculator","scholarship calculator with steps and formula","scholarship calculator for accurate results","scholarship calculator metric and imperial","how to calculate scholarship","calculate scholarship easily","How does the scholarship calculator work?","What formula is used in scholarship calculator?","Can I copy or export results from this scholarship calculator?","Scholarship Calculator; formula; step-by-step; instant calculation; unit options; accuracy; worked example","Scholarship Calculator; Browser APIs; Web Application; W3C; NIST; SI Units","Utility / Calculator","DATA NOT AVAILABLE","DATA NOT AVAILABLE","DATA NOT AVAILABLE","DATA NOT AVAILABLE","DATA NOT AVAILABLE","Stable","Semrush/KeywordPlanner (Pending API connection)","Semrush/Ahrefs (Pending API connection)","150","28.4","180","24.2","16","18","12","8","75","P1","High-intent utility page in education cluster"
"https://usonlinetools.com/education/college-gpa-calculator","College GPA Calculator","education","en","US","college gpa calculator","college gpa calculator","college gpa online","online college gpa calculator","free college gpa calculator","best college gpa calculator","college gpa calculator with steps and formula","college gpa calculator for accurate results","college gpa calculator metric and imperial","how to calculate college gpa","calculate college gpa easily","How does the college gpa calculator work?","What formula is used in college gpa calculator?","Can I copy or export results from this college gpa calculator?","College GPA Calculator; formula; step-by-step; instant calculation; unit options; accuracy; worked example","College GPA Calculator; Browser APIs; Web Application; W3C; NIST; SI Units","Utility / Calculator","DATA NOT AVAILABLE","DATA NOT AVAILABLE","DATA NOT AVAILABLE","DATA NOT AVAILABLE","DATA NOT AVAILABLE","Stable","Semrush/KeywordPlanner (Pending API connection)","Semrush/Ahrefs (Pending API connection)","150","28.4","180","24.2","16","18","12","8","75","P1","High-intent utility page in education cluster"
"https://usonlinetools.com/education/snow-day-calculator","Snow Day Calculator","education","en","US","snow day calculator","snow day calculator","snow day online","online snow day calculator","free snow day calculator","best snow day calculator","snow day calculator with steps and formula","snow day calculator for accurate results","snow day calculator metric and imperial","how to calculate snow day","calculate snow day easily","How does the snow day calculator work?","What formula is used in snow day calculator?","Can I copy or export results from this snow day calculator?","Snow Day Calculator; formula; step-by-step; instant calculation; unit options; accuracy; worked example","Snow Day Calculator; Browser APIs; Web Application; W3C; NIST; SI Units","Utility / Calculator","DATA NOT AVAILABLE","DATA NOT AVAILABLE","DATA NOT AVAILABLE","DATA NOT AVAILABLE","DATA NOT AVAILABLE","Stable","Semrush/KeywordPlanner (Pending API connection)","Semrush/Ahrefs (Pending API connection)","150","28.4","180","24.2","16","18","12","8","75","P1","High-intent utility page in education cluster"
"https://usonlinetools.com/gaming/blox-fruits-calculator","Blox Fruits Calculator","gaming","en","US","blox fruits calculator","blox fruits calculator","blox fruits online","online blox fruits calculator","free blox fruits calculator","best blox fruits calculator","blox fruits calculator with steps and formula","blox fruits calculator for accurate results","blox fruits calculator metric and imperial","how to calculate blox fruits","calculate blox fruits easily","How does the blox fruits calculator work?","What formula is used in blox fruits calculator?","Can I copy or export results from this blox fruits calculator?","Blox Fruits Calculator; formula; step-by-step; instant calculation; unit options; accuracy; worked example","Blox Fruits Calculator; Browser APIs; Web Application; W3C; NIST; SI Units","Utility / Calculator","DATA NOT AVAILABLE","DATA NOT AVAILABLE","DATA NOT AVAILABLE","DATA NOT AVAILABLE","DATA NOT AVAILABLE","Stable","Semrush/KeywordPlanner (Pending API connection)","Semrush/Ahrefs (Pending API connection)","150","28.4","180","24.2","12","18","12","5","62","P2","High-intent utility page in gaming cluster"
"https://usonlinetools.com/gaming/blox-fruits-trade-calculator","Blox Fruits Trade Calculator","gaming","en","US","blox fruits trade calculator","blox fruits trade calculator","blox fruits trade online","online blox fruits trade calculator","free blox fruits trade calculator","best blox fruits trade calculator","blox fruits trade calculator with steps and formula","blox fruits trade calculator for accurate results","blox fruits trade calculator metric and imperial","how to calculate blox fruits trade","calculate blox fruits trade easily","How does the blox fruits trade calculator work?","What formula is used in blox fruits trade calculator?","Can I copy or export results from this blox fruits trade calculator?","Blox Fruits Trade Calculator; formula; step-by-step; instant calculation; unit options; accuracy; worked example","Blox Fruits Trade Calculator; Browser APIs; Web Application; W3C; NIST; SI Units","Utility / Calculator","DATA NOT AVAILABLE","DATA NOT AVAILABLE","DATA NOT AVAILABLE","DATA NOT AVAILABLE","DATA NOT AVAILABLE","Stable","Semrush/KeywordPlanner (Pending API connection)","Semrush/Ahrefs (Pending API connection)","150","28.4","180","24.2","12","18","12","5","62","P2","High-intent utility page in gaming cluster"
"https://usonlinetools.com/gaming/roblox-tax-calculator","Roblox Tax Calculator","gaming","en","US","roblox tax calculator","roblox tax calculator","roblox tax online","online roblox tax calculator","free roblox tax calculator","best roblox tax calculator","roblox tax calculator with steps and formula","roblox tax calculator for accurate results","roblox tax calculator metric and imperial","how to calculate roblox tax","calculate roblox tax easily","How does the roblox tax calculator work?","What formula is used in roblox tax calculator?","Can I copy or export results from this roblox tax calculator?","Roblox Tax Calculator; formula; step-by-step; instant calculation; unit options; accuracy; worked example","Roblox Tax Calculator; Browser APIs; Web Application; W3C; NIST; SI Units","Utility / Calculator","DATA NOT AVAILABLE","DATA NOT AVAILABLE","DATA NOT AVAILABLE","DATA NOT AVAILABLE","DATA NOT AVAILABLE","Stable","Semrush/KeywordPlanner (Pending API connection)","Semrush/Ahrefs (Pending API connection)","150","28.4","180","24.2","12","18","12","5","62","P2","High-intent utility page in gaming cluster"
"https://usonlinetools.com/gaming/minecraft-circle-calculator","Minecraft Circle Calculator","gaming","en","US","minecraft circle calculator","minecraft circle calculator","minecraft circle online","online minecraft circle calculator","free minecraft circle calculator","best minecraft circle calculator","minecraft circle calculator with steps and formula","minecraft circle calculator for accurate results","minecraft circle calculator metric and imperial","how to calculate minecraft circle","calculate minecraft circle easily","How does the minecraft circle calculator work?","What formula is used in minecraft circle calculator?","Can I copy or export results from this minecraft circle calculator?","Minecraft Circle Calculator; formula; step-by-step; instant calculation; unit options; accuracy; worked example","Minecraft Circle Calculator; Browser APIs; Web Application; W3C; NIST; SI Units","Utility / Calculator","DATA NOT AVAILABLE","DATA NOT AVAILABLE","DATA NOT AVAILABLE","DATA NOT AVAILABLE","DATA NOT AVAILABLE","Stable","Semrush/KeywordPlanner (Pending API connection)","Semrush/Ahrefs (Pending API connection)","150","28.4","180","24.2","12","18","12","5","62","P2","High-intent utility page in gaming cluster"
"https://usonlinetools.com/gaming/valorant-sensitivity-calculator","Valorant Sensitivity Calculator","gaming","en","US","valorant sensitivity calculator","valorant sensitivity calculator","valorant sensitivity online","online valorant sensitivity calculator","free valorant sensitivity calculator","best valorant sensitivity calculator","valorant sensitivity calculator with steps and formula","valorant sensitivity calculator for accurate results","valorant sensitivity calculator metric and imperial","how to calculate valorant sensitivity","calculate valorant sensitivity easily","How does the valorant sensitivity calculator work?","What formula is used in valorant sensitivity calculator?","Can I copy or export results from this valorant sensitivity calculator?","Valorant Sensitivity Calculator; formula; step-by-step; instant calculation; unit options; accuracy; worked example","Valorant Sensitivity Calculator; Browser APIs; Web Application; W3C; NIST; SI Units","Utility / Calculator","DATA NOT AVAILABLE","DATA NOT AVAILABLE","DATA NOT AVAILABLE","DATA NOT AVAILABLE","DATA NOT AVAILABLE","Stable","Semrush/KeywordPlanner (Pending API connection)","Semrush/Ahrefs (Pending API connection)","150","28.4","180","24.2","12","18","12","5","62","P2","High-intent utility page in gaming cluster"
"https://usonlinetools.com/gaming/fortnite-dpi-calculator","Fortnite DPI Calculator","gaming","en","US","fortnite dpi calculator","fortnite dpi calculator","fortnite dpi online","online fortnite dpi calculator","free fortnite dpi calculator","best fortnite dpi calculator","fortnite dpi calculator with steps and formula","fortnite dpi calculator for accurate results","fortnite dpi calculator metric and imperial","how to calculate fortnite dpi","calculate fortnite dpi easily","How does the fortnite dpi calculator work?","What formula is used in fortnite dpi calculator?","Can I copy or export results from this fortnite dpi calculator?","Fortnite DPI Calculator; formula; step-by-step; instant calculation; unit options; accuracy; worked example","Fortnite DPI Calculator; Browser APIs; Web Application; W3C; NIST; SI Units","Utility / Calculator","DATA NOT AVAILABLE","DATA NOT AVAILABLE","DATA NOT AVAILABLE","DATA NOT AVAILABLE","DATA NOT AVAILABLE","Stable","Semrush/KeywordPlanner (Pending API connection)","Semrush/Ahrefs (Pending API connection)","150","28.4","180","24.2","12","18","12","5","62","P2","High-intent utility page in gaming cluster"
"https://usonlinetools.com/gaming/xp-level-calculator","XP Level Calculator","gaming","en","US","xp level calculator","xp level calculator","xp level online","online xp level calculator","free xp level calculator","best xp level calculator","xp level calculator with steps and formula","xp level calculator for accurate results","xp level calculator metric and imperial","how to calculate xp level","calculate xp level easily","How does the xp level calculator work?","What formula is used in xp level calculator?","Can I copy or export results from this xp level calculator?","XP Level Calculator; formula; step-by-step; instant calculation; unit options; accuracy; worked example","XP Level Calculator; Browser APIs; Web Application; W3C; NIST; SI Units","Utility / Calculator","DATA NOT AVAILABLE","DATA NOT AVAILABLE","DATA NOT AVAILABLE","DATA NOT AVAILABLE","DATA NOT AVAILABLE","Stable","Semrush/KeywordPlanner (Pending API connection)","Semrush/Ahrefs (Pending API connection)","150","28.4","180","24.2","12","18","12","5","62","P2","High-intent utility page in gaming cluster"
"https://usonlinetools.com/gaming/clash-of-clans-upgrade-calculator","Clash of Clans Upgrade Calculator","gaming","en","US","clash of clans upgrade calculator","clash of clans upgrade calculator","clash of clans upgrade online","online clash of clans upgrade calculator","free clash of clans upgrade calculator","best clash of clans upgrade calculator","clash of clans upgrade calculator with steps and formula","clash of clans upgrade calculator for accurate results","clash of clans upgrade calculator metric and imperial","how to calculate clash of clans upgrade","calculate clash of clans upgrade easily","How does the clash of clans upgrade calculator work?","What formula is used in clash of clans upgrade calculator?","Can I copy or export results from this clash of clans upgrade calculator?","Clash of Clans Upgrade Calculator; formula; step-by-step; instant calculation; unit options; accuracy; worked example","Clash of Clans Upgrade Calculator; Browser APIs; Web Application; W3C; NIST; SI Units","Utility / Calculator","DATA NOT AVAILABLE","DATA NOT AVAILABLE","DATA NOT AVAILABLE","DATA NOT AVAILABLE","DATA NOT AVAILABLE","Stable","Semrush/KeywordPlanner (Pending API connection)","Semrush/Ahrefs (Pending API connection)","150","28.4","180","24.2","12","18","12","5","62","P2","High-intent utility page in gaming cluster"
"https://usonlinetools.com/gaming/damage-calculator","Damage Calculator","gaming","en","US","damage calculator","damage calculator","damage online","online damage calculator","free damage calculator","best damage calculator","damage calculator with steps and formula","damage calculator for accurate results","damage calculator metric and imperial","how to calculate damage","calculate damage easily","How does the damage calculator work?","What formula is used in damage calculator?","Can I copy or export results from this damage calculator?","Damage Calculator; formula; step-by-step; instant calculation; unit options; accuracy; worked example","Damage Calculator; Browser APIs; Web Application; W3C; NIST; SI Units","Utility / Calculator","DATA NOT AVAILABLE","DATA NOT AVAILABLE","DATA NOT AVAILABLE","DATA NOT AVAILABLE","DATA NOT AVAILABLE","Stable","Semrush/KeywordPlanner (Pending API connection)","Semrush/Ahrefs (Pending API connection)","150","28.4","180","24.2","12","18","12","5","62","P2","High-intent utility page in gaming cluster"
"https://usonlinetools.com/gaming/game-currency-converter","Game Currency Converter","gaming","en","US","game currency converter","game currency calculator","game currency online","online game currency converter","free game currency converter","best game currency converter","game currency converter with steps and formula","game currency converter for accurate results","game currency converter metric and imperial","how to calculate game currency converter","calculate game currency converter easily","How does the game currency converter work?","What formula is used in game currency converter?","Can I copy or export results from this game currency converter?","Game Currency Converter; formula; step-by-step; instant calculation; unit options; accuracy; worked example","Game Currency Converter; Browser APIs; Web Application; W3C; NIST; SI Units","Utility / Calculator","DATA NOT AVAILABLE","DATA NOT AVAILABLE","DATA NOT AVAILABLE","DATA NOT AVAILABLE","DATA NOT AVAILABLE","Stable","Semrush/KeywordPlanner (Pending API connection)","Semrush/Ahrefs (Pending API connection)","150","28.4","180","24.2","12","18","12","5","62","P2","High-intent utility page in gaming cluster"
"https://usonlinetools.com/gaming/genshin-impact-calculator","Genshin Impact Calculator","gaming","en","US","genshin impact calculator","genshin impact calculator","genshin impact online","online genshin impact calculator","free genshin impact calculator","best genshin impact calculator","genshin impact calculator with steps and formula","genshin impact calculator for accurate results","genshin impact calculator metric and imperial","how to calculate genshin impact","calculate genshin impact easily","How does the genshin impact calculator work?","What formula is used in genshin impact calculator?","Can I copy or export results from this genshin impact calculator?","Genshin Impact Calculator; formula; step-by-step; instant calculation; unit options; accuracy; worked example","Genshin Impact Calculator; Browser APIs; Web Application; W3C; NIST; SI Units","Utility / Calculator","DATA NOT AVAILABLE","DATA NOT AVAILABLE","DATA NOT AVAILABLE","DATA NOT AVAILABLE","DATA NOT AVAILABLE","Stable","Semrush/KeywordPlanner (Pending API connection)","Semrush/Ahrefs (Pending API connection)","150","28.4","180","24.2","12","18","12","5","62","P2","High-intent utility page in gaming cluster"
"https://usonlinetools.com/gaming/cs2-sensitivity-calculator","CS2 Sensitivity Calculator","gaming","en","US","cs2 sensitivity calculator","cs2 sensitivity calculator","cs2 sensitivity online","online cs2 sensitivity calculator","free cs2 sensitivity calculator","best cs2 sensitivity calculator","cs2 sensitivity calculator with steps and formula","cs2 sensitivity calculator for accurate results","cs2 sensitivity calculator metric and imperial","how to calculate cs2 sensitivity","calculate cs2 sensitivity easily","How does the cs2 sensitivity calculator work?","What formula is used in cs2 sensitivity calculator?","Can I copy or export results from this cs2 sensitivity calculator?","CS2 Sensitivity Calculator; formula; step-by-step; instant calculation; unit options; accuracy; worked example","CS2 Sensitivity Calculator; Browser APIs; Web Application; W3C; NIST; SI Units","Utility / Calculator","DATA NOT AVAILABLE","DATA NOT AVAILABLE","DATA NOT AVAILABLE","DATA NOT AVAILABLE","DATA NOT AVAILABLE","Stable","Semrush/KeywordPlanner (Pending API connection)","Semrush/Ahrefs (Pending API connection)","150","28.4","180","24.2","12","18","12","5","62","P2","High-intent utility page in gaming cluster"
"https://usonlinetools.com/gaming/pokemon-iv-calculator","Pokemon IV Calculator","gaming","en","US","pokemon iv calculator","pokemon iv calculator","pokemon iv online","online pokemon iv calculator","free pokemon iv calculator","best pokemon iv calculator","pokemon iv calculator with steps and formula","pokemon iv calculator for accurate results","pokemon iv calculator metric and imperial","how to calculate pokemon iv","calculate pokemon iv easily","How does the pokemon iv calculator work?","What formula is used in pokemon iv calculator?","Can I copy or export results from this pokemon iv calculator?","Pokemon IV Calculator; formula; step-by-step; instant calculation; unit options; accuracy; worked example","Pokemon IV Calculator; Browser APIs; Web Application; W3C; NIST; SI Units","Utility / Calculator","DATA NOT AVAILABLE","DATA NOT AVAILABLE","DATA NOT AVAILABLE","DATA NOT AVAILABLE","DATA NOT AVAILABLE","Stable","Semrush/KeywordPlanner (Pending API connection)","Semrush/Ahrefs (Pending API connection)","150","28.4","180","24.2","12","18","12","5","62","P2","High-intent utility page in gaming cluster"
"https://usonlinetools.com/gaming/dnd-dice-roller","D&D Dice Roller","gaming","en","US","d&d dice roller","d&d dice roller calculator","d&d dice roller online","online d&d dice roller","free d&d dice roller","best d&d dice roller","d&d dice roller with steps and formula","d&d dice roller for accurate results","d&d dice roller metric and imperial","how to calculate d&d dice roller","calculate d&d dice roller easily","How does the d&d dice roller work?","What formula is used in d&d dice roller?","Can I copy or export results from this d&d dice roller?","D&D Dice Roller; formula; step-by-step; instant calculation; unit options; accuracy; worked example","D&D Dice Roller; Browser APIs; Web Application; W3C; NIST; SI Units","Utility / Calculator","DATA NOT AVAILABLE","DATA NOT AVAILABLE","DATA NOT AVAILABLE","DATA NOT AVAILABLE","DATA NOT AVAILABLE","Stable","Semrush/KeywordPlanner (Pending API connection)","Semrush/Ahrefs (Pending API connection)","150","28.4","180","24.2","12","18","12","5","62","P2","High-intent utility page in gaming cluster"
"https://usonlinetools.com/gaming/gaming-fps-calculator","Gaming FPS Calculator","gaming","en","US","gaming fps calculator","gaming fps calculator","gaming fps online","online gaming fps calculator","free gaming fps calculator","best gaming fps calculator","gaming fps calculator with steps and formula","gaming fps calculator for accurate results","gaming fps calculator metric and imperial","how to calculate gaming fps","calculate gaming fps easily","How does the gaming fps calculator work?","What formula is used in gaming fps calculator?","Can I copy or export results from this gaming fps calculator?","Gaming FPS Calculator; formula; step-by-step; instant calculation; unit options; accuracy; worked example","Gaming FPS Calculator; Browser APIs; Web Application; W3C; NIST; SI Units","Utility / Calculator","DATA NOT AVAILABLE","DATA NOT AVAILABLE","DATA NOT AVAILABLE","DATA NOT AVAILABLE","DATA NOT AVAILABLE","Stable","Semrush/KeywordPlanner (Pending API connection)","Semrush/Ahrefs (Pending API connection)","150","28.4","180","24.2","12","18","12","5","62","P2","High-intent utility page in gaming cluster"
"https://usonlinetools.com/gaming/esports-earnings-calculator","Esports Earnings Calculator","gaming","en","US","esports earnings calculator","esports earnings calculator","esports earnings online","online esports earnings calculator","free esports earnings calculator","best esports earnings calculator","esports earnings calculator with steps and formula","esports earnings calculator for accurate results","esports earnings calculator metric and imperial","how to calculate esports earnings","calculate esports earnings easily","How does the esports earnings calculator work?","What formula is used in esports earnings calculator?","Can I copy or export results from this esports earnings calculator?","Esports Earnings Calculator; formula; step-by-step; instant calculation; unit options; accuracy; worked example","Esports Earnings Calculator; Browser APIs; Web Application; W3C; NIST; SI Units","Utility / Calculator","DATA NOT AVAILABLE","DATA NOT AVAILABLE","DATA NOT AVAILABLE","DATA NOT AVAILABLE","DATA NOT AVAILABLE","Stable","Semrush/KeywordPlanner (Pending API connection)","Semrush/Ahrefs (Pending API connection)","150","28.4","180","24.2","12","18","12","5","62","P2","High-intent utility page in gaming cluster"
"https://usonlinetools.com/image/online-image-resizer","Image Resizer","image","en","US","image resizer","image resizer calculator","image resizer online","online image resizer","free image resizer","best image resizer","image resizer with steps and formula","image resizer for accurate results","image resizer metric and imperial","how to calculate image resizer","calculate image resizer easily","How does the image resizer work?","What formula is used in image resizer?","Can I copy or export results from this image resizer?","Image Resizer; formula; step-by-step; instant calculation; unit options; accuracy; worked example","Image Resizer; Browser APIs; Web Application; W3C; NIST; SI Units","Utility / Calculator","DATA NOT AVAILABLE","DATA NOT AVAILABLE","DATA NOT AVAILABLE","DATA NOT AVAILABLE","DATA NOT AVAILABLE","Stable","Semrush/KeywordPlanner (Pending API connection)","Semrush/Ahrefs (Pending API connection)","150","28.4","180","24.2","16","18","12","8","75","P1","High-intent utility page in image cluster"
"https://usonlinetools.com/image/online-image-compressor","Image Compressor","image","en","US","image compressor","image compressor calculator","image compressor online","online image compressor","free image compressor","best image compressor","image compressor with steps and formula","image compressor for accurate results","image compressor metric and imperial","how to calculate image compressor","calculate image compressor easily","How does the image compressor work?","What formula is used in image compressor?","Can I copy or export results from this image compressor?","Image Compressor; formula; step-by-step; instant calculation; unit options; accuracy; worked example","Image Compressor; Browser APIs; Web Application; W3C; NIST; SI Units","Utility / Calculator","DATA NOT AVAILABLE","DATA NOT AVAILABLE","DATA NOT AVAILABLE","DATA NOT AVAILABLE","DATA NOT AVAILABLE","Stable","Semrush/KeywordPlanner (Pending API connection)","Semrush/Ahrefs (Pending API connection)","150","28.4","180","24.2","16","18","12","8","75","P1","High-intent utility page in image cluster"
"https://usonlinetools.com/image/online-image-cropper","Image Cropper","image","en","US","image cropper","image cropper calculator","image cropper online","online image cropper","free image cropper","best image cropper","image cropper with steps and formula","image cropper for accurate results","image cropper metric and imperial","how to calculate image cropper","calculate image cropper easily","How does the image cropper work?","What formula is used in image cropper?","Can I copy or export results from this image cropper?","Image Cropper; formula; step-by-step; instant calculation; unit options; accuracy; worked example","Image Cropper; Browser APIs; Web Application; W3C; NIST; SI Units","Utility / Calculator","DATA NOT AVAILABLE","DATA NOT AVAILABLE","DATA NOT AVAILABLE","DATA NOT AVAILABLE","DATA NOT AVAILABLE","Stable","Semrush/KeywordPlanner (Pending API connection)","Semrush/Ahrefs (Pending API connection)","150","28.4","180","24.2","16","18","12","8","75","P1","High-intent utility page in image cluster"
"https://usonlinetools.com/image/online-image-format-converter","Image Format Converter","image","en","US","image format converter","image format calculator","image format online","online image format converter","free image format converter","best image format converter","image format converter with steps and formula","image format converter for accurate results","image format converter metric and imperial","how to calculate image format converter","calculate image format converter easily","How does the image format converter work?","What formula is used in image format converter?","Can I copy or export results from this image format converter?","Image Format Converter; formula; step-by-step; instant calculation; unit options; accuracy; worked example","Image Format Converter; Browser APIs; Web Application; W3C; NIST; SI Units","Utility / Calculator","DATA NOT AVAILABLE","DATA NOT AVAILABLE","DATA NOT AVAILABLE","DATA NOT AVAILABLE","DATA NOT AVAILABLE","Stable","Semrush/KeywordPlanner (Pending API connection)","Semrush/Ahrefs (Pending API connection)","150","28.4","180","24.2","16","18","12","8","75","P1","High-intent utility page in image cluster"
"https://usonlinetools.com/image/online-image-to-base64","Image to Base64 Converter","image","en","US","image to base64 converter","image to base64 calculator","image to base64 online","online image to base64 converter","free image to base64 converter","best image to base64 converter","image to base64 converter with steps and formula","image to base64 converter for accurate results","image to base64 converter metric and imperial","how to calculate image to base64 converter","calculate image to base64 converter easily","How does the image to base64 converter work?","What formula is used in image to base64 converter?","Can I copy or export results from this image to base64 converter?","Image to Base64 Converter; formula; step-by-step; instant calculation; unit options; accuracy; worked example","Image to Base64 Converter; Browser APIs; Web Application; W3C; NIST; SI Units","Utility / Calculator","DATA NOT AVAILABLE","DATA NOT AVAILABLE","DATA NOT AVAILABLE","DATA NOT AVAILABLE","DATA NOT AVAILABLE","Stable","Semrush/KeywordPlanner (Pending API connection)","Semrush/Ahrefs (Pending API connection)","150","28.4","180","24.2","16","18","12","8","75","P1","High-intent utility page in image cluster"
"https://usonlinetools.com/image/online-base64-to-image","Base64 to Image Converter","image","en","US","base64 to image converter","base64 to image calculator","base64 to image online","online base64 to image converter","free base64 to image converter","best base64 to image converter","base64 to image converter with steps and formula","base64 to image converter for accurate results","base64 to image converter metric and imperial","how to calculate base64 to image converter","calculate base64 to image converter easily","How does the base64 to image converter work?","What formula is used in base64 to image converter?","Can I copy or export results from this base64 to image converter?","Base64 to Image Converter; formula; step-by-step; instant calculation; unit options; accuracy; worked example","Base64 to Image Converter; Browser APIs; Web Application; W3C; NIST; SI Units","Utility / Calculator","DATA NOT AVAILABLE","DATA NOT AVAILABLE","DATA NOT AVAILABLE","DATA NOT AVAILABLE","DATA NOT AVAILABLE","Stable","Semrush/KeywordPlanner (Pending API connection)","Semrush/Ahrefs (Pending API connection)","150","28.4","180","24.2","16","18","12","8","75","P1","High-intent utility page in image cluster"
"https://usonlinetools.com/image/online-image-rotate-flip","Image Rotate & Flip","image","en","US","image rotate & flip","image rotate & flip calculator","image rotate & flip online","online image rotate & flip","free image rotate & flip","best image rotate & flip","image rotate & flip with steps and formula","image rotate & flip for accurate results","image rotate & flip metric and imperial","how to calculate image rotate & flip","calculate image rotate & flip easily","How does the image rotate & flip work?","What formula is used in image rotate & flip?","Can I copy or export results from this image rotate & flip?","Image Rotate & Flip; formula; step-by-step; instant calculation; unit options; accuracy; worked example","Image Rotate & Flip; Browser APIs; Web Application; W3C; NIST; SI Units","Utility / Calculator","DATA NOT AVAILABLE","DATA NOT AVAILABLE","DATA NOT AVAILABLE","DATA NOT AVAILABLE","DATA NOT AVAILABLE","Stable","Semrush/KeywordPlanner (Pending API connection)","Semrush/Ahrefs (Pending API connection)","150","28.4","180","24.2","16","18","12","8","75","P1","High-intent utility page in image cluster"
"https://usonlinetools.com/image/online-image-color-picker","Image Color Picker","image","en","US","image color picker","image color picker calculator","image color picker online","online image color picker","free image color picker","best image color picker","image color picker with steps and formula","image color picker for accurate results","image color picker metric and imperial","how to calculate image color picker","calculate image color picker easily","How does the image color picker work?","What formula is used in image color picker?","Can I copy or export results from this image color picker?","Image Color Picker; formula; step-by-step; instant calculation; unit options; accuracy; worked example","Image Color Picker; Browser APIs; Web Application; W3C; NIST; SI Units","Utility / Calculator","DATA NOT AVAILABLE","DATA NOT AVAILABLE","DATA NOT AVAILABLE","DATA NOT AVAILABLE","DATA NOT AVAILABLE","Stable","Semrush/KeywordPlanner (Pending API connection)","Semrush/Ahrefs (Pending API connection)","150","28.4","180","24.2","16","18","12","8","75","P1","High-intent utility page in image cluster"
"https://usonlinetools.com/image/online-image-watermark-tool","Image Watermark Tool","image","en","US","image watermark tool","image watermark calculator","image watermark online","online image watermark tool","free image watermark tool","best image watermark tool","image watermark tool with steps and formula","image watermark tool for accurate results","image watermark tool metric and imperial","how to calculate image watermark tool","calculate image watermark tool easily","How does the image watermark tool work?","What formula is used in image watermark tool?","Can I copy or export results from this image watermark tool?","Image Watermark Tool; formula; step-by-step; instant calculation; unit options; accuracy; worked example","Image Watermark Tool; Browser APIs; Web Application; W3C; NIST; SI Units","Utility / Calculator","DATA NOT AVAILABLE","DATA NOT AVAILABLE","DATA NOT AVAILABLE","DATA NOT AVAILABLE","DATA NOT AVAILABLE","Stable","Semrush/KeywordPlanner (Pending API connection)","Semrush/Ahrefs (Pending API connection)","150","28.4","180","24.2","16","18","12","8","75","P1","High-intent utility page in image cluster"
"https://usonlinetools.com/image/online-image-filter-editor","Image Filter Editor","image","en","US","image filter editor","image filter editor calculator","image filter editor online","online image filter editor","free image filter editor","best image filter editor","image filter editor with steps and formula","image filter editor for accurate results","image filter editor metric and imperial","how to calculate image filter editor","calculate image filter editor easily","How does the image filter editor work?","What formula is used in image filter editor?","Can I copy or export results from this image filter editor?","Image Filter Editor; formula; step-by-step; instant calculation; unit options; accuracy; worked example","Image Filter Editor; Browser APIs; Web Application; W3C; NIST; SI Units","Utility / Calculator","DATA NOT AVAILABLE","DATA NOT AVAILABLE","DATA NOT AVAILABLE","DATA NOT AVAILABLE","DATA NOT AVAILABLE","Stable","Semrush/KeywordPlanner (Pending API connection)","Semrush/Ahrefs (Pending API connection)","150","28.4","180","24.2","16","18","12","8","75","P1","High-intent utility page in image cluster"
"https://usonlinetools.com/image/online-image-to-png","Image to PNG Converter","image","en","US","image to png converter","image to png calculator","image to png online","online image to png converter","free image to png converter","best image to png converter","image to png converter with steps and formula","image to png converter for accurate results","image to png converter metric and imperial","how to calculate image to png converter","calculate image to png converter easily","How does the image to png converter work?","What formula is used in image to png converter?","Can I copy or export results from this image to png converter?","Image to PNG Converter; formula; step-by-step; instant calculation; unit options; accuracy; worked example","Image to PNG Converter; Browser APIs; Web Application; W3C; NIST; SI Units","Utility / Calculator","DATA NOT AVAILABLE","DATA NOT AVAILABLE","DATA NOT AVAILABLE","DATA NOT AVAILABLE","DATA NOT AVAILABLE","Stable","Semrush/KeywordPlanner (Pending API connection)","Semrush/Ahrefs (Pending API connection)","150","28.4","180","24.2","16","18","12","8","75","P1","High-intent utility page in image cluster"
"https://usonlinetools.com/image/online-image-to-jpg","Image to JPG Converter","image","en","US","image to jpg converter","image to jpg calculator","image to jpg online","online image to jpg converter","free image to jpg converter","best image to jpg converter","image to jpg converter with steps and formula","image to jpg converter for accurate results","image to jpg converter metric and imperial","how to calculate image to jpg converter","calculate image to jpg converter easily","How does the image to jpg converter work?","What formula is used in image to jpg converter?","Can I copy or export results from this image to jpg converter?","Image to JPG Converter; formula; step-by-step; instant calculation; unit options; accuracy; worked example","Image to JPG Converter; Browser APIs; Web Application; W3C; NIST; SI Units","Utility / Calculator","DATA NOT AVAILABLE","DATA NOT AVAILABLE","DATA NOT AVAILABLE","DATA NOT AVAILABLE","DATA NOT AVAILABLE","Stable","Semrush/KeywordPlanner (Pending API connection)","Semrush/Ahrefs (Pending API connection)","150","28.4","180","24.2","16","18","12","8","75","P1","High-intent utility page in image cluster"
"https://usonlinetools.com/image/online-png-to-webp","PNG to WebP Converter","image","en","US","png to webp converter","png to webp calculator","png to webp online","online png to webp converter","free png to webp converter","best png to webp converter","png to webp converter with steps and formula","png to webp converter for accurate results","png to webp converter metric and imperial","how to calculate png to webp converter","calculate png to webp converter easily","How does the png to webp converter work?","What formula is used in png to webp converter?","Can I copy or export results from this png to webp converter?","PNG to WebP Converter; formula; step-by-step; instant calculation; unit options; accuracy; worked example","PNG to WebP Converter; Browser APIs; Web Application; W3C; NIST; SI Units","Utility / Calculator","DATA NOT AVAILABLE","DATA NOT AVAILABLE","DATA NOT AVAILABLE","DATA NOT AVAILABLE","DATA NOT AVAILABLE","Stable","Semrush/KeywordPlanner (Pending API connection)","Semrush/Ahrefs (Pending API connection)","150","28.4","180","24.2","16","18","12","8","75","P1","High-intent utility page in image cluster"
"https://usonlinetools.com/image/online-svg-to-png","SVG to PNG Converter","image","en","US","svg to png converter","svg to png calculator","svg to png online","online svg to png converter","free svg to png converter","best svg to png converter","svg to png converter with steps and formula","svg to png converter for accurate results","svg to png converter metric and imperial","how to calculate svg to png converter","calculate svg to png converter easily","How does the svg to png converter work?","What formula is used in svg to png converter?","Can I copy or export results from this svg to png converter?","SVG to PNG Converter; formula; step-by-step; instant calculation; unit options; accuracy; worked example","SVG to PNG Converter; Browser APIs; Web Application; W3C; NIST; SI Units","Utility / Calculator","DATA NOT AVAILABLE","DATA NOT AVAILABLE","DATA NOT AVAILABLE","DATA NOT AVAILABLE","DATA NOT AVAILABLE","Stable","Semrush/KeywordPlanner (Pending API connection)","Semrush/Ahrefs (Pending API connection)","150","28.4","180","24.2","16","18","12","8","75","P1","High-intent utility page in image cluster"
"https://usonlinetools.com/image/online-image-background-remover","Background Remover","image","en","US","background remover","background remover calculator","background remover online","online background remover","free background remover","best background remover","background remover with steps and formula","background remover for accurate results","background remover metric and imperial","how to calculate background remover","calculate background remover easily","How does the background remover work?","What formula is used in background remover?","Can I copy or export results from this background remover?","Background Remover; formula; step-by-step; instant calculation; unit options; accuracy; worked example","Background Remover; Browser APIs; Web Application; W3C; NIST; SI Units","Utility / Calculator","DATA NOT AVAILABLE","DATA NOT AVAILABLE","DATA NOT AVAILABLE","DATA NOT AVAILABLE","DATA NOT AVAILABLE","Stable","Semrush/KeywordPlanner (Pending API connection)","Semrush/Ahrefs (Pending API connection)","150","28.4","180","24.2","16","18","12","8","75","P1","High-intent utility page in image cluster"
"https://usonlinetools.com/image/online-image-collage-maker","Image Collage Maker","image","en","US","image collage maker","image collage maker calculator","image collage maker online","online image collage maker","free image collage maker","best image collage maker","image collage maker with steps and formula","image collage maker for accurate results","image collage maker metric and imperial","how to calculate image collage maker","calculate image collage maker easily","How does the image collage maker work?","What formula is used in image collage maker?","Can I copy or export results from this image collage maker?","Image Collage Maker; formula; step-by-step; instant calculation; unit options; accuracy; worked example","Image Collage Maker; Browser APIs; Web Application; W3C; NIST; SI Units","Utility / Calculator","DATA NOT AVAILABLE","DATA NOT AVAILABLE","DATA NOT AVAILABLE","DATA NOT AVAILABLE","DATA NOT AVAILABLE","Stable","Semrush/KeywordPlanner (Pending API connection)","Semrush/Ahrefs (Pending API connection)","150","28.4","180","24.2","16","18","12","8","75","P1","High-intent utility page in image cluster"
"https://usonlinetools.com/image/online-qr-code-generator","QR Code Generator","image","en","US","qr code generator","qr code calculator","qr code online","online qr code generator","free qr code generator","best qr code generator","qr code generator with steps and formula","qr code generator for accurate results","qr code generator metric and imperial","how to calculate qr code generator","calculate qr code generator easily","How does the qr code generator work?","What formula is used in qr code generator?","Can I copy or export results from this qr code generator?","QR Code Generator; formula; step-by-step; instant calculation; unit options; accuracy; worked example","QR Code Generator; Browser APIs; Web Application; W3C; NIST; SI Units","Utility / Calculator","DATA NOT AVAILABLE","DATA NOT AVAILABLE","DATA NOT AVAILABLE","DATA NOT AVAILABLE","DATA NOT AVAILABLE","Stable","Semrush/KeywordPlanner (Pending API connection)","Semrush/Ahrefs (Pending API connection)","150","28.4","180","24.2","16","18","12","8","75","P1","High-intent utility page in image cluster"
"https://usonlinetools.com/image/online-meme-generator","Meme Generator","image","en","US","meme generator","meme calculator","meme online","online meme generator","free meme generator","best meme generator","meme generator with steps and formula","meme generator for accurate results","meme generator metric and imperial","how to calculate meme generator","calculate meme generator easily","How does the meme generator work?","What formula is used in meme generator?","Can I copy or export results from this meme generator?","Meme Generator; formula; step-by-step; instant calculation; unit options; accuracy; worked example","Meme Generator; Browser APIs; Web Application; W3C; NIST; SI Units","Utility / Calculator","DATA NOT AVAILABLE","DATA NOT AVAILABLE","DATA NOT AVAILABLE","DATA NOT AVAILABLE","DATA NOT AVAILABLE","Stable","Semrush/KeywordPlanner (Pending API connection)","Semrush/Ahrefs (Pending API connection)","150","28.4","180","24.2","16","18","12","8","75","P1","High-intent utility page in image cluster"
"https://usonlinetools.com/image/online-favicon-generator","Favicon Generator","image","en","US","favicon generator","favicon calculator","favicon online","online favicon generator","free favicon generator","best favicon generator","favicon generator with steps and formula","favicon generator for accurate results","favicon generator metric and imperial","how to calculate favicon generator","calculate favicon generator easily","How does the favicon generator work?","What formula is used in favicon generator?","Can I copy or export results from this favicon generator?","Favicon Generator; formula; step-by-step; instant calculation; unit options; accuracy; worked example","Favicon Generator; Browser APIs; Web Application; W3C; NIST; SI Units","Utility / Calculator","DATA NOT AVAILABLE","DATA NOT AVAILABLE","DATA NOT AVAILABLE","DATA NOT AVAILABLE","DATA NOT AVAILABLE","Stable","Semrush/KeywordPlanner (Pending API connection)","Semrush/Ahrefs (Pending API connection)","150","28.4","180","24.2","16","18","12","8","75","P1","High-intent utility page in image cluster"
"https://usonlinetools.com/image/online-image-pixel-counter","Image Pixel Counter","image","en","US","image pixel counter","image pixel counter calculator","image pixel counter online","online image pixel counter","free image pixel counter","best image pixel counter","image pixel counter with steps and formula","image pixel counter for accurate results","image pixel counter metric and imperial","how to calculate image pixel counter","calculate image pixel counter easily","How does the image pixel counter work?","What formula is used in image pixel counter?","Can I copy or export results from this image pixel counter?","Image Pixel Counter; formula; step-by-step; instant calculation; unit options; accuracy; worked example","Image Pixel Counter; Browser APIs; Web Application; W3C; NIST; SI Units","Utility / Calculator","DATA NOT AVAILABLE","DATA NOT AVAILABLE","DATA NOT AVAILABLE","DATA NOT AVAILABLE","DATA NOT AVAILABLE","Stable","Semrush/KeywordPlanner (Pending API connection)","Semrush/Ahrefs (Pending API connection)","150","28.4","180","24.2","16","18","12","8","75","P1","High-intent utility page in image cluster"
"https://usonlinetools.com/pdf/online-pdf-merge","PDF Merge","pdf","en","US","pdf merge","pdf merge calculator","pdf merge online","online pdf merge","free pdf merge","best pdf merge","pdf merge with steps and formula","pdf merge for accurate results","pdf merge metric and imperial","how to calculate pdf merge","calculate pdf merge easily","How does the pdf merge work?","What formula is used in pdf merge?","Can I copy or export results from this pdf merge?","PDF Merge; formula; step-by-step; instant calculation; unit options; accuracy; worked example","PDF Merge; Browser APIs; Web Application; W3C; NIST; SI Units","Utility / Calculator","DATA NOT AVAILABLE","DATA NOT AVAILABLE","DATA NOT AVAILABLE","DATA NOT AVAILABLE","DATA NOT AVAILABLE","Stable","Semrush/KeywordPlanner (Pending API connection)","Semrush/Ahrefs (Pending API connection)","150","28.4","180","24.2","16","18","12","8","75","P1","High-intent utility page in pdf cluster"
"https://usonlinetools.com/pdf/online-pdf-split","PDF Split","pdf","en","US","pdf split","pdf split calculator","pdf split online","online pdf split","free pdf split","best pdf split","pdf split with steps and formula","pdf split for accurate results","pdf split metric and imperial","how to calculate pdf split","calculate pdf split easily","How does the pdf split work?","What formula is used in pdf split?","Can I copy or export results from this pdf split?","PDF Split; formula; step-by-step; instant calculation; unit options; accuracy; worked example","PDF Split; Browser APIs; Web Application; W3C; NIST; SI Units","Utility / Calculator","DATA NOT AVAILABLE","DATA NOT AVAILABLE","DATA NOT AVAILABLE","DATA NOT AVAILABLE","DATA NOT AVAILABLE","Stable","Semrush/KeywordPlanner (Pending API connection)","Semrush/Ahrefs (Pending API connection)","150","28.4","180","24.2","16","18","12","8","75","P1","High-intent utility page in pdf cluster"
"https://usonlinetools.com/pdf/online-pdf-compress","PDF Compressor","pdf","en","US","pdf compressor","pdf compressor calculator","pdf compressor online","online pdf compressor","free pdf compressor","best pdf compressor","pdf compressor with steps and formula","pdf compressor for accurate results","pdf compressor metric and imperial","how to calculate pdf compressor","calculate pdf compressor easily","How does the pdf compressor work?","What formula is used in pdf compressor?","Can I copy or export results from this pdf compressor?","PDF Compressor; formula; step-by-step; instant calculation; unit options; accuracy; worked example","PDF Compressor; Browser APIs; Web Application; W3C; NIST; SI Units","Utility / Calculator","DATA NOT AVAILABLE","DATA NOT AVAILABLE","DATA NOT AVAILABLE","DATA NOT AVAILABLE","DATA NOT AVAILABLE","Stable","Semrush/KeywordPlanner (Pending API connection)","Semrush/Ahrefs (Pending API connection)","150","28.4","180","24.2","16","18","12","8","75","P1","High-intent utility page in pdf cluster"
"https://usonlinetools.com/pdf/online-image-to-pdf","Image to PDF Converter","pdf","en","US","image to pdf converter","image to pdf calculator","image to pdf online","online image to pdf converter","free image to pdf converter","best image to pdf converter","image to pdf converter with steps and formula","image to pdf converter for accurate results","image to pdf converter metric and imperial","how to calculate image to pdf converter","calculate image to pdf converter easily","How does the image to pdf converter work?","What formula is used in image to pdf converter?","Can I copy or export results from this image to pdf converter?","Image to PDF Converter; formula; step-by-step; instant calculation; unit options; accuracy; worked example","Image to PDF Converter; Browser APIs; Web Application; W3C; NIST; SI Units","Utility / Calculator","DATA NOT AVAILABLE","DATA NOT AVAILABLE","DATA NOT AVAILABLE","DATA NOT AVAILABLE","DATA NOT AVAILABLE","Stable","Semrush/KeywordPlanner (Pending API connection)","Semrush/Ahrefs (Pending API connection)","150","28.4","180","24.2","16","18","12","8","75","P1","High-intent utility page in pdf cluster"
"https://usonlinetools.com/pdf/online-pdf-to-image","PDF to Image Converter","pdf","en","US","pdf to image converter","pdf to image calculator","pdf to image online","online pdf to image converter","free pdf to image converter","best pdf to image converter","pdf to image converter with steps and formula","pdf to image converter for accurate results","pdf to image converter metric and imperial","how to calculate pdf to image converter","calculate pdf to image converter easily","How does the pdf to image converter work?","What formula is used in pdf to image converter?","Can I copy or export results from this pdf to image converter?","PDF to Image Converter; formula; step-by-step; instant calculation; unit options; accuracy; worked example","PDF to Image Converter; Browser APIs; Web Application; W3C; NIST; SI Units","Utility / Calculator","DATA NOT AVAILABLE","DATA NOT AVAILABLE","DATA NOT AVAILABLE","DATA NOT AVAILABLE","DATA NOT AVAILABLE","Stable","Semrush/KeywordPlanner (Pending API connection)","Semrush/Ahrefs (Pending API connection)","150","28.4","180","24.2","16","18","12","8","75","P1","High-intent utility page in pdf cluster"
"https://usonlinetools.com/pdf/online-pdf-rotate","PDF Page Rotator","pdf","en","US","pdf page rotator","pdf page rotator calculator","pdf page rotator online","online pdf page rotator","free pdf page rotator","best pdf page rotator","pdf page rotator with steps and formula","pdf page rotator for accurate results","pdf page rotator metric and imperial","how to calculate pdf page rotator","calculate pdf page rotator easily","How does the pdf page rotator work?","What formula is used in pdf page rotator?","Can I copy or export results from this pdf page rotator?","PDF Page Rotator; formula; step-by-step; instant calculation; unit options; accuracy; worked example","PDF Page Rotator; Browser APIs; Web Application; W3C; NIST; SI Units","Utility / Calculator","DATA NOT AVAILABLE","DATA NOT AVAILABLE","DATA NOT AVAILABLE","DATA NOT AVAILABLE","DATA NOT AVAILABLE","Stable","Semrush/KeywordPlanner (Pending API connection)","Semrush/Ahrefs (Pending API connection)","150","28.4","180","24.2","16","18","12","8","75","P1","High-intent utility page in pdf cluster"
"https://usonlinetools.com/pdf/online-pdf-page-remover","PDF Page Remover","pdf","en","US","pdf page remover","pdf page remover calculator","pdf page remover online","online pdf page remover","free pdf page remover","best pdf page remover","pdf page remover with steps and formula","pdf page remover for accurate results","pdf page remover metric and imperial","how to calculate pdf page remover","calculate pdf page remover easily","How does the pdf page remover work?","What formula is used in pdf page remover?","Can I copy or export results from this pdf page remover?","PDF Page Remover; formula; step-by-step; instant calculation; unit options; accuracy; worked example","PDF Page Remover; Browser APIs; Web Application; W3C; NIST; SI Units","Utility / Calculator","DATA NOT AVAILABLE","DATA NOT AVAILABLE","DATA NOT AVAILABLE","DATA NOT AVAILABLE","DATA NOT AVAILABLE","Stable","Semrush/KeywordPlanner (Pending API connection)","Semrush/Ahrefs (Pending API connection)","150","28.4","180","24.2","16","18","12","8","75","P1","High-intent utility page in pdf cluster"
"https://usonlinetools.com/pdf/online-pdf-page-reorder","PDF Page Reorder","pdf","en","US","pdf page reorder","pdf page reorder calculator","pdf page reorder online","online pdf page reorder","free pdf page reorder","best pdf page reorder","pdf page reorder with steps and formula","pdf page reorder for accurate results","pdf page reorder metric and imperial","how to calculate pdf page reorder","calculate pdf page reorder easily","How does the pdf page reorder work?","What formula is used in pdf page reorder?","Can I copy or export results from this pdf page reorder?","PDF Page Reorder; formula; step-by-step; instant calculation; unit options; accuracy; worked example","PDF Page Reorder; Browser APIs; Web Application; W3C; NIST; SI Units","Utility / Calculator","DATA NOT AVAILABLE","DATA NOT AVAILABLE","DATA NOT AVAILABLE","DATA NOT AVAILABLE","DATA NOT AVAILABLE","Stable","Semrush/KeywordPlanner (Pending API connection)","Semrush/Ahrefs (Pending API connection)","150","28.4","180","24.2","16","18","12","8","75","P1","High-intent utility page in pdf cluster"
"https://usonlinetools.com/pdf/online-pdf-watermark","PDF Watermark Tool","pdf","en","US","pdf watermark tool","pdf watermark calculator","pdf watermark online","online pdf watermark tool","free pdf watermark tool","best pdf watermark tool","pdf watermark tool with steps and formula","pdf watermark tool for accurate results","pdf watermark tool metric and imperial","how to calculate pdf watermark tool","calculate pdf watermark tool easily","How does the pdf watermark tool work?","What formula is used in pdf watermark tool?","Can I copy or export results from this pdf watermark tool?","PDF Watermark Tool; formula; step-by-step; instant calculation; unit options; accuracy; worked example","PDF Watermark Tool; Browser APIs; Web Application; W3C; NIST; SI Units","Utility / Calculator","DATA NOT AVAILABLE","DATA NOT AVAILABLE","DATA NOT AVAILABLE","DATA NOT AVAILABLE","DATA NOT AVAILABLE","Stable","Semrush/KeywordPlanner (Pending API connection)","Semrush/Ahrefs (Pending API connection)","150","28.4","180","24.2","16","18","12","8","75","P1","High-intent utility page in pdf cluster"
"https://usonlinetools.com/pdf/online-pdf-password-protect","PDF Password Protector","pdf","en","US","pdf password protector","pdf password protector calculator","pdf password protector online","online pdf password protector","free pdf password protector","best pdf password protector","pdf password protector with steps and formula","pdf password protector for accurate results","pdf password protector metric and imperial","how to calculate pdf password protector","calculate pdf password protector easily","How does the pdf password protector work?","What formula is used in pdf password protector?","Can I copy or export results from this pdf password protector?","PDF Password Protector; formula; step-by-step; instant calculation; unit options; accuracy; worked example","PDF Password Protector; Browser APIs; Web Application; W3C; NIST; SI Units","Utility / Calculator","DATA NOT AVAILABLE","DATA NOT AVAILABLE","DATA NOT AVAILABLE","DATA NOT AVAILABLE","DATA NOT AVAILABLE","Stable","Semrush/KeywordPlanner (Pending API connection)","Semrush/Ahrefs (Pending API connection)","150","28.4","180","24.2","16","18","12","8","75","P1","High-intent utility page in pdf cluster"
"https://usonlinetools.com/pdf/online-pdf-unlock","PDF Unlock Tool","pdf","en","US","pdf unlock tool","pdf unlock calculator","pdf unlock online","online pdf unlock tool","free pdf unlock tool","best pdf unlock tool","pdf unlock tool with steps and formula","pdf unlock tool for accurate results","pdf unlock tool metric and imperial","how to calculate pdf unlock tool","calculate pdf unlock tool easily","How does the pdf unlock tool work?","What formula is used in pdf unlock tool?","Can I copy or export results from this pdf unlock tool?","PDF Unlock Tool; formula; step-by-step; instant calculation; unit options; accuracy; worked example","PDF Unlock Tool; Browser APIs; Web Application; W3C; NIST; SI Units","Utility / Calculator","DATA NOT AVAILABLE","DATA NOT AVAILABLE","DATA NOT AVAILABLE","DATA NOT AVAILABLE","DATA NOT AVAILABLE","Stable","Semrush/KeywordPlanner (Pending API connection)","Semrush/Ahrefs (Pending API connection)","150","28.4","180","24.2","16","18","12","8","75","P1","High-intent utility page in pdf cluster"
"https://usonlinetools.com/pdf/online-pdf-to-text","PDF to Text Extractor","pdf","en","US","pdf to text extractor","pdf to text extractor calculator","pdf to text extractor online","online pdf to text extractor","free pdf to text extractor","best pdf to text extractor","pdf to text extractor with steps and formula","pdf to text extractor for accurate results","pdf to text extractor metric and imperial","how to calculate pdf to text extractor","calculate pdf to text extractor easily","How does the pdf to text extractor work?","What formula is used in pdf to text extractor?","Can I copy or export results from this pdf to text extractor?","PDF to Text Extractor; formula; step-by-step; instant calculation; unit options; accuracy; worked example","PDF to Text Extractor; Browser APIs; Web Application; W3C; NIST; SI Units","Utility / Calculator","DATA NOT AVAILABLE","DATA NOT AVAILABLE","DATA NOT AVAILABLE","DATA NOT AVAILABLE","DATA NOT AVAILABLE","Stable","Semrush/KeywordPlanner (Pending API connection)","Semrush/Ahrefs (Pending API connection)","150","28.4","180","24.2","16","18","12","8","75","P1","High-intent utility page in pdf cluster"
"https://usonlinetools.com/pdf/online-pdf-page-number","PDF Page Number Adder","pdf","en","US","pdf page number adder","pdf page number adder calculator","pdf page number adder online","online pdf page number adder","free pdf page number adder","best pdf page number adder","pdf page number adder with steps and formula","pdf page number adder for accurate results","pdf page number adder metric and imperial","how to calculate pdf page number adder","calculate pdf page number adder easily","How does the pdf page number adder work?","What formula is used in pdf page number adder?","Can I copy or export results from this pdf page number adder?","PDF Page Number Adder; formula; step-by-step; instant calculation; unit options; accuracy; worked example","PDF Page Number Adder; Browser APIs; Web Application; W3C; NIST; SI Units","Utility / Calculator","DATA NOT AVAILABLE","DATA NOT AVAILABLE","DATA NOT AVAILABLE","DATA NOT AVAILABLE","DATA NOT AVAILABLE","Stable","Semrush/KeywordPlanner (Pending API connection)","Semrush/Ahrefs (Pending API connection)","150","28.4","180","24.2","16","18","12","8","75","P1","High-intent utility page in pdf cluster"
"https://usonlinetools.com/pdf/online-pdf-header-footer","PDF Header & Footer","pdf","en","US","pdf header & footer","pdf header & footer calculator","pdf header & footer online","online pdf header & footer","free pdf header & footer","best pdf header & footer","pdf header & footer with steps and formula","pdf header & footer for accurate results","pdf header & footer metric and imperial","how to calculate pdf header & footer","calculate pdf header & footer easily","How does the pdf header & footer work?","What formula is used in pdf header & footer?","Can I copy or export results from this pdf header & footer?","PDF Header & Footer; formula; step-by-step; instant calculation; unit options; accuracy; worked example","PDF Header & Footer; Browser APIs; Web Application; W3C; NIST; SI Units","Utility / Calculator","DATA NOT AVAILABLE","DATA NOT AVAILABLE","DATA NOT AVAILABLE","DATA NOT AVAILABLE","DATA NOT AVAILABLE","Stable","Semrush/KeywordPlanner (Pending API connection)","Semrush/Ahrefs (Pending API connection)","150","28.4","180","24.2","16","18","12","8","75","P1","High-intent utility page in pdf cluster"
"https://usonlinetools.com/pdf/online-jpg-to-pdf","JPG to PDF Converter","pdf","en","US","jpg to pdf converter","jpg to pdf calculator","jpg to pdf online","online jpg to pdf converter","free jpg to pdf converter","best jpg to pdf converter","jpg to pdf converter with steps and formula","jpg to pdf converter for accurate results","jpg to pdf converter metric and imperial","how to calculate jpg to pdf converter","calculate jpg to pdf converter easily","How does the jpg to pdf converter work?","What formula is used in jpg to pdf converter?","Can I copy or export results from this jpg to pdf converter?","JPG to PDF Converter; formula; step-by-step; instant calculation; unit options; accuracy; worked example","JPG to PDF Converter; Browser APIs; Web Application; W3C; NIST; SI Units","Utility / Calculator","DATA NOT AVAILABLE","DATA NOT AVAILABLE","DATA NOT AVAILABLE","DATA NOT AVAILABLE","DATA NOT AVAILABLE","Stable","Semrush/KeywordPlanner (Pending API connection)","Semrush/Ahrefs (Pending API connection)","150","28.4","180","24.2","16","18","12","8","75","P1","High-intent utility page in pdf cluster"
"https://usonlinetools.com/pdf/online-pdf-sign","PDF Signature Tool","pdf","en","US","pdf signature tool","pdf signature calculator","pdf signature online","online pdf signature tool","free pdf signature tool","best pdf signature tool","pdf signature tool with steps and formula","pdf signature tool for accurate results","pdf signature tool metric and imperial","how to calculate pdf signature tool","calculate pdf signature tool easily","How does the pdf signature tool work?","What formula is used in pdf signature tool?","Can I copy or export results from this pdf signature tool?","PDF Signature Tool; formula; step-by-step; instant calculation; unit options; accuracy; worked example","PDF Signature Tool; Browser APIs; Web Application; W3C; NIST; SI Units","Utility / Calculator","DATA NOT AVAILABLE","DATA NOT AVAILABLE","DATA NOT AVAILABLE","DATA NOT AVAILABLE","DATA NOT AVAILABLE","Stable","Semrush/KeywordPlanner (Pending API connection)","Semrush/Ahrefs (Pending API connection)","150","28.4","180","24.2","16","18","12","8","75","P1","High-intent utility page in pdf cluster"
"https://usonlinetools.com/developer/online-json-formatter","JSON Formatter & Beautifier","developer","en","US","json formatter & beautifier","json formatter & beautifier calculator","json formatter & beautifier online","online json formatter & beautifier","free json formatter & beautifier","best json formatter & beautifier","json formatter & beautifier with steps and formula","json formatter & beautifier for accurate results","json formatter & beautifier metric and imperial","how to calculate json formatter & beautifier","calculate json formatter & beautifier easily","How does the json formatter & beautifier work?","What formula is used in json formatter & beautifier?","Can I copy or export results from this json formatter & beautifier?","JSON Formatter & Beautifier; formula; step-by-step; instant calculation; unit options; accuracy; worked example","JSON Formatter & Beautifier; Browser APIs; Web Application; W3C; NIST; SI Units","Utility / Calculator","DATA NOT AVAILABLE","DATA NOT AVAILABLE","DATA NOT AVAILABLE","DATA NOT AVAILABLE","DATA NOT AVAILABLE","Stable","Semrush/KeywordPlanner (Pending API connection)","Semrush/Ahrefs (Pending API connection)","150","28.4","180","24.2","20","20","14","9","84","P1","High-intent utility page in developer cluster"
"https://usonlinetools.com/developer/online-json-validator","JSON Validator","developer","en","US","json validator","json validator calculator","json validator online","online json validator","free json validator","best json validator","json validator with steps and formula","json validator for accurate results","json validator metric and imperial","how to calculate json validator","calculate json validator easily","How does the json validator work?","What formula is used in json validator?","Can I copy or export results from this json validator?","JSON Validator; formula; step-by-step; instant calculation; unit options; accuracy; worked example","JSON Validator; Browser APIs; Web Application; W3C; NIST; SI Units","Utility / Calculator","DATA NOT AVAILABLE","DATA NOT AVAILABLE","DATA NOT AVAILABLE","DATA NOT AVAILABLE","DATA NOT AVAILABLE","Stable","Semrush/KeywordPlanner (Pending API connection)","Semrush/Ahrefs (Pending API connection)","150","28.4","180","24.2","20","20","14","9","84","P1","High-intent utility page in developer cluster"
"https://usonlinetools.com/developer/online-json-to-csv","JSON to CSV Converter","developer","en","US","json to csv converter","json to csv calculator","json to csv online","online json to csv converter","free json to csv converter","best json to csv converter","json to csv converter with steps and formula","json to csv converter for accurate results","json to csv converter metric and imperial","how to calculate json to csv converter","calculate json to csv converter easily","How does the json to csv converter work?","What formula is used in json to csv converter?","Can I copy or export results from this json to csv converter?","JSON to CSV Converter; formula; step-by-step; instant calculation; unit options; accuracy; worked example","JSON to CSV Converter; Browser APIs; Web Application; W3C; NIST; SI Units","Utility / Calculator","DATA NOT AVAILABLE","DATA NOT AVAILABLE","DATA NOT AVAILABLE","DATA NOT AVAILABLE","DATA NOT AVAILABLE","Stable","Semrush/KeywordPlanner (Pending API connection)","Semrush/Ahrefs (Pending API connection)","150","28.4","180","24.2","20","20","14","9","84","P1","High-intent utility page in developer cluster"
"https://usonlinetools.com/developer/csv-to-json-converter","CSV to JSON Converter","developer","en","US","csv to json converter","csv to json calculator","csv to json online","online csv to json converter","free csv to json converter","best csv to json converter","csv to json converter with steps and formula","csv to json converter for accurate results","csv to json converter metric and imperial","how to calculate csv to json converter","calculate csv to json converter easily","How does the csv to json converter work?","What formula is used in csv to json converter?","Can I copy or export results from this csv to json converter?","CSV to JSON Converter; formula; step-by-step; instant calculation; unit options; accuracy; worked example","CSV to JSON Converter; Browser APIs; Web Application; W3C; NIST; SI Units","Utility / Calculator","DATA NOT AVAILABLE","DATA NOT AVAILABLE","DATA NOT AVAILABLE","DATA NOT AVAILABLE","DATA NOT AVAILABLE","Stable","Semrush/KeywordPlanner (Pending API connection)","Semrush/Ahrefs (Pending API connection)","150","28.4","180","24.2","20","20","14","9","84","P1","High-intent utility page in developer cluster"
"https://usonlinetools.com/developer/json-minifier","JSON Minifier","developer","en","US","json minifier","json minifier calculator","json minifier online","online json minifier","free json minifier","best json minifier","json minifier with steps and formula","json minifier for accurate results","json minifier metric and imperial","how to calculate json minifier","calculate json minifier easily","How does the json minifier work?","What formula is used in json minifier?","Can I copy or export results from this json minifier?","JSON Minifier; formula; step-by-step; instant calculation; unit options; accuracy; worked example","JSON Minifier; Browser APIs; Web Application; W3C; NIST; SI Units","Utility / Calculator","DATA NOT AVAILABLE","DATA NOT AVAILABLE","DATA NOT AVAILABLE","DATA NOT AVAILABLE","DATA NOT AVAILABLE","Stable","Semrush/KeywordPlanner (Pending API connection)","Semrush/Ahrefs (Pending API connection)","150","28.4","180","24.2","20","20","14","9","84","P1","High-intent utility page in developer cluster"
"https://usonlinetools.com/developer/online-html-formatter","HTML Formatter & Beautifier","developer","en","US","html formatter & beautifier","html formatter & beautifier calculator","html formatter & beautifier online","online html formatter & beautifier","free html formatter & beautifier","best html formatter & beautifier","html formatter & beautifier with steps and formula","html formatter & beautifier for accurate results","html formatter & beautifier metric and imperial","how to calculate html formatter & beautifier","calculate html formatter & beautifier easily","How does the html formatter & beautifier work?","What formula is used in html formatter & beautifier?","Can I copy or export results from this html formatter & beautifier?","HTML Formatter & Beautifier; formula; step-by-step; instant calculation; unit options; accuracy; worked example","HTML Formatter & Beautifier; Browser APIs; Web Application; W3C; NIST; SI Units","Utility / Calculator","DATA NOT AVAILABLE","DATA NOT AVAILABLE","DATA NOT AVAILABLE","DATA NOT AVAILABLE","DATA NOT AVAILABLE","Stable","Semrush/KeywordPlanner (Pending API connection)","Semrush/Ahrefs (Pending API connection)","150","28.4","180","24.2","20","20","14","9","84","P1","High-intent utility page in developer cluster"
"https://usonlinetools.com/developer/online-html-minifier","HTML Minifier","developer","en","US","html minifier","html minifier calculator","html minifier online","online html minifier","free html minifier","best html minifier","html minifier with steps and formula","html minifier for accurate results","html minifier metric and imperial","how to calculate html minifier","calculate html minifier easily","How does the html minifier work?","What formula is used in html minifier?","Can I copy or export results from this html minifier?","HTML Minifier; formula; step-by-step; instant calculation; unit options; accuracy; worked example","HTML Minifier; Browser APIs; Web Application; W3C; NIST; SI Units","Utility / Calculator","DATA NOT AVAILABLE","DATA NOT AVAILABLE","DATA NOT AVAILABLE","DATA NOT AVAILABLE","DATA NOT AVAILABLE","Stable","Semrush/KeywordPlanner (Pending API connection)","Semrush/Ahrefs (Pending API connection)","150","28.4","180","24.2","20","20","14","9","84","P1","High-intent utility page in developer cluster"
"https://usonlinetools.com/developer/online-css-minifier","CSS Minifier","developer","en","US","css minifier","css minifier calculator","css minifier online","online css minifier","free css minifier","best css minifier","css minifier with steps and formula","css minifier for accurate results","css minifier metric and imperial","how to calculate css minifier","calculate css minifier easily","How does the css minifier work?","What formula is used in css minifier?","Can I copy or export results from this css minifier?","CSS Minifier; formula; step-by-step; instant calculation; unit options; accuracy; worked example","CSS Minifier; Browser APIs; Web Application; W3C; NIST; SI Units","Utility / Calculator","DATA NOT AVAILABLE","DATA NOT AVAILABLE","DATA NOT AVAILABLE","DATA NOT AVAILABLE","DATA NOT AVAILABLE","Stable","Semrush/KeywordPlanner (Pending API connection)","Semrush/Ahrefs (Pending API connection)","150","28.4","180","24.2","20","20","14","9","84","P1","High-intent utility page in developer cluster"
"https://usonlinetools.com/developer/online-css-formatter","CSS Formatter & Beautifier","developer","en","US","css formatter & beautifier","css formatter & beautifier calculator","css formatter & beautifier online","online css formatter & beautifier","free css formatter & beautifier","best css formatter & beautifier","css formatter & beautifier with steps and formula","css formatter & beautifier for accurate results","css formatter & beautifier metric and imperial","how to calculate css formatter & beautifier","calculate css formatter & beautifier easily","How does the css formatter & beautifier work?","What formula is used in css formatter & beautifier?","Can I copy or export results from this css formatter & beautifier?","CSS Formatter & Beautifier; formula; step-by-step; instant calculation; unit options; accuracy; worked example","CSS Formatter & Beautifier; Browser APIs; Web Application; W3C; NIST; SI Units","Utility / Calculator","DATA NOT AVAILABLE","DATA NOT AVAILABLE","DATA NOT AVAILABLE","DATA NOT AVAILABLE","DATA NOT AVAILABLE","Stable","Semrush/KeywordPlanner (Pending API connection)","Semrush/Ahrefs (Pending API connection)","150","28.4","180","24.2","20","20","14","9","84","P1","High-intent utility page in developer cluster"
"https://usonlinetools.com/developer/online-javascript-minifier","JavaScript Minifier","developer","en","US","javascript minifier","javascript minifier calculator","javascript minifier online","online javascript minifier","free javascript minifier","best javascript minifier","javascript minifier with steps and formula","javascript minifier for accurate results","javascript minifier metric and imperial","how to calculate javascript minifier","calculate javascript minifier easily","How does the javascript minifier work?","What formula is used in javascript minifier?","Can I copy or export results from this javascript minifier?","JavaScript Minifier; formula; step-by-step; instant calculation; unit options; accuracy; worked example","JavaScript Minifier; Browser APIs; Web Application; W3C; NIST; SI Units","Utility / Calculator","DATA NOT AVAILABLE","DATA NOT AVAILABLE","DATA NOT AVAILABLE","DATA NOT AVAILABLE","DATA NOT AVAILABLE","Stable","Semrush/KeywordPlanner (Pending API connection)","Semrush/Ahrefs (Pending API connection)","150","28.4","180","24.2","20","20","14","9","84","P1","High-intent utility page in developer cluster"
"https://usonlinetools.com/developer/online-javascript-formatter","JavaScript Formatter","developer","en","US","javascript formatter","javascript formatter calculator","javascript formatter online","online javascript formatter","free javascript formatter","best javascript formatter","javascript formatter with steps and formula","javascript formatter for accurate results","javascript formatter metric and imperial","how to calculate javascript formatter","calculate javascript formatter easily","How does the javascript formatter work?","What formula is used in javascript formatter?","Can I copy or export results from this javascript formatter?","JavaScript Formatter; formula; step-by-step; instant calculation; unit options; accuracy; worked example","JavaScript Formatter; Browser APIs; Web Application; W3C; NIST; SI Units","Utility / Calculator","DATA NOT AVAILABLE","DATA NOT AVAILABLE","DATA NOT AVAILABLE","DATA NOT AVAILABLE","DATA NOT AVAILABLE","Stable","Semrush/KeywordPlanner (Pending API connection)","Semrush/Ahrefs (Pending API connection)","150","28.4","180","24.2","20","20","14","9","84","P1","High-intent utility page in developer cluster"
"https://usonlinetools.com/developer/online-regex-tester","Regex Tester","developer","en","US","regex tester","regex calculator","regex online","online regex tester","free regex tester","best regex tester","regex tester with steps and formula","regex tester for accurate results","regex tester metric and imperial","how to calculate regex tester","calculate regex tester easily","How does the regex tester work?","What formula is used in regex tester?","Can I copy or export results from this regex tester?","Regex Tester; formula; step-by-step; instant calculation; unit options; accuracy; worked example","Regex Tester; Browser APIs; Web Application; W3C; NIST; SI Units","Utility / Calculator","DATA NOT AVAILABLE","DATA NOT AVAILABLE","DATA NOT AVAILABLE","DATA NOT AVAILABLE","DATA NOT AVAILABLE","Stable","Semrush/KeywordPlanner (Pending API connection)","Semrush/Ahrefs (Pending API connection)","150","28.4","180","24.2","20","20","14","9","84","P1","High-intent utility page in developer cluster"
"https://usonlinetools.com/developer/url-encoder-decoder","URL Encoder & Decoder","developer","en","US","url encoder & decoder","url encoder & decoder calculator","url encoder & decoder online","online url encoder & decoder","free url encoder & decoder","best url encoder & decoder","url encoder & decoder with steps and formula","url encoder & decoder for accurate results","url encoder & decoder metric and imperial","how to calculate url encoder & decoder","calculate url encoder & decoder easily","How does the url encoder & decoder work?","What formula is used in url encoder & decoder?","Can I copy or export results from this url encoder & decoder?","URL Encoder & Decoder; formula; step-by-step; instant calculation; unit options; accuracy; worked example","URL Encoder & Decoder; Browser APIs; Web Application; W3C; NIST; SI Units","Utility / Calculator","DATA NOT AVAILABLE","DATA NOT AVAILABLE","DATA NOT AVAILABLE","DATA NOT AVAILABLE","DATA NOT AVAILABLE","Stable","Semrush/KeywordPlanner (Pending API connection)","Semrush/Ahrefs (Pending API connection)","150","28.4","180","24.2","20","20","14","9","84","P1","High-intent utility page in developer cluster"
"https://usonlinetools.com/developer/html-entity-encoder","HTML Entity Encoder & Decoder","developer","en","US","html entity encoder & decoder","html entity encoder & decoder calculator","html entity encoder & decoder online","online html entity encoder & decoder","free html entity encoder & decoder","best html entity encoder & decoder","html entity encoder & decoder with steps and formula","html entity encoder & decoder for accurate results","html entity encoder & decoder metric and imperial","how to calculate html entity encoder & decoder","calculate html entity encoder & decoder easily","How does the html entity encoder & decoder work?","What formula is used in html entity encoder & decoder?","Can I copy or export results from this html entity encoder & decoder?","HTML Entity Encoder & Decoder; formula; step-by-step; instant calculation; unit options; accuracy; worked example","HTML Entity Encoder & Decoder; Browser APIs; Web Application; W3C; NIST; SI Units","Utility / Calculator","DATA NOT AVAILABLE","DATA NOT AVAILABLE","DATA NOT AVAILABLE","DATA NOT AVAILABLE","DATA NOT AVAILABLE","Stable","Semrush/KeywordPlanner (Pending API connection)","Semrush/Ahrefs (Pending API connection)","150","28.4","180","24.2","20","20","14","9","84","P1","High-intent utility page in developer cluster"
"https://usonlinetools.com/developer/online-jwt-decoder","JWT Decoder","developer","en","US","jwt decoder","jwt decoder calculator","jwt decoder online","online jwt decoder","free jwt decoder","best jwt decoder","jwt decoder with steps and formula","jwt decoder for accurate results","jwt decoder metric and imperial","how to calculate jwt decoder","calculate jwt decoder easily","How does the jwt decoder work?","What formula is used in jwt decoder?","Can I copy or export results from this jwt decoder?","JWT Decoder; formula; step-by-step; instant calculation; unit options; accuracy; worked example","JWT Decoder; Browser APIs; Web Application; W3C; NIST; SI Units","Utility / Calculator","DATA NOT AVAILABLE","DATA NOT AVAILABLE","DATA NOT AVAILABLE","DATA NOT AVAILABLE","DATA NOT AVAILABLE","Stable","Semrush/KeywordPlanner (Pending API connection)","Semrush/Ahrefs (Pending API connection)","150","28.4","180","24.2","20","20","14","9","84","P1","High-intent utility page in developer cluster"
"https://usonlinetools.com/developer/xml-formatter","XML Formatter & Beautifier","developer","en","US","xml formatter & beautifier","xml formatter & beautifier calculator","xml formatter & beautifier online","online xml formatter & beautifier","free xml formatter & beautifier","best xml formatter & beautifier","xml formatter & beautifier with steps and formula","xml formatter & beautifier for accurate results","xml formatter & beautifier metric and imperial","how to calculate xml formatter & beautifier","calculate xml formatter & beautifier easily","How does the xml formatter & beautifier work?","What formula is used in xml formatter & beautifier?","Can I copy or export results from this xml formatter & beautifier?","XML Formatter & Beautifier; formula; step-by-step; instant calculation; unit options; accuracy; worked example","XML Formatter & Beautifier; Browser APIs; Web Application; W3C; NIST; SI Units","Utility / Calculator","DATA NOT AVAILABLE","DATA NOT AVAILABLE","DATA NOT AVAILABLE","DATA NOT AVAILABLE","DATA NOT AVAILABLE","Stable","Semrush/KeywordPlanner (Pending API connection)","Semrush/Ahrefs (Pending API connection)","150","28.4","180","24.2","20","20","14","9","84","P1","High-intent utility page in developer cluster"
"https://usonlinetools.com/developer/online-sql-formatter","SQL Formatter","developer","en","US","sql formatter","sql formatter calculator","sql formatter online","online sql formatter","free sql formatter","best sql formatter","sql formatter with steps and formula","sql formatter for accurate results","sql formatter metric and imperial","how to calculate sql formatter","calculate sql formatter easily","How does the sql formatter work?","What formula is used in sql formatter?","Can I copy or export results from this sql formatter?","SQL Formatter; formula; step-by-step; instant calculation; unit options; accuracy; worked example","SQL Formatter; Browser APIs; Web Application; W3C; NIST; SI Units","Utility / Calculator","DATA NOT AVAILABLE","DATA NOT AVAILABLE","DATA NOT AVAILABLE","DATA NOT AVAILABLE","DATA NOT AVAILABLE","Stable","Semrush/KeywordPlanner (Pending API connection)","Semrush/Ahrefs (Pending API connection)","150","28.4","180","24.2","20","20","14","9","84","P1","High-intent utility page in developer cluster"
"https://usonlinetools.com/developer/online-markdown-previewer","Markdown Previewer","developer","en","US","markdown previewer","markdown previewer calculator","markdown previewer online","online markdown previewer","free markdown previewer","best markdown previewer","markdown previewer with steps and formula","markdown previewer for accurate results","markdown previewer metric and imperial","how to calculate markdown previewer","calculate markdown previewer easily","How does the markdown previewer work?","What formula is used in markdown previewer?","Can I copy or export results from this markdown previewer?","Markdown Previewer; formula; step-by-step; instant calculation; unit options; accuracy; worked example","Markdown Previewer; Browser APIs; Web Application; W3C; NIST; SI Units","Utility / Calculator","DATA NOT AVAILABLE","DATA NOT AVAILABLE","DATA NOT AVAILABLE","DATA NOT AVAILABLE","DATA NOT AVAILABLE","Stable","Semrush/KeywordPlanner (Pending API connection)","Semrush/Ahrefs (Pending API connection)","150","28.4","180","24.2","20","20","14","9","84","P1","High-intent utility page in developer cluster"
"https://usonlinetools.com/developer/text-diff-checker","Text Diff Checker","developer","en","US","text diff checker","text diff checker calculator","text diff checker online","online text diff checker","free text diff checker","best text diff checker","text diff checker with steps and formula","text diff checker for accurate results","text diff checker metric and imperial","how to calculate text diff checker","calculate text diff checker easily","How does the text diff checker work?","What formula is used in text diff checker?","Can I copy or export results from this text diff checker?","Text Diff Checker; formula; step-by-step; instant calculation; unit options; accuracy; worked example","Text Diff Checker; Browser APIs; Web Application; W3C; NIST; SI Units","Utility / Calculator","DATA NOT AVAILABLE","DATA NOT AVAILABLE","DATA NOT AVAILABLE","DATA NOT AVAILABLE","DATA NOT AVAILABLE","Stable","Semrush/KeywordPlanner (Pending API connection)","Semrush/Ahrefs (Pending API connection)","150","28.4","180","24.2","20","20","14","9","84","P1","High-intent utility page in developer cluster"
"https://usonlinetools.com/developer/url-slug-generator","URL Slug Generator","developer","en","US","url slug generator","url slug calculator","url slug online","online url slug generator","free url slug generator","best url slug generator","url slug generator with steps and formula","url slug generator for accurate results","url slug generator metric and imperial","how to calculate url slug generator","calculate url slug generator easily","How does the url slug generator work?","What formula is used in url slug generator?","Can I copy or export results from this url slug generator?","URL Slug Generator; formula; step-by-step; instant calculation; unit options; accuracy; worked example","URL Slug Generator; Browser APIs; Web Application; W3C; NIST; SI Units","Utility / Calculator","DATA NOT AVAILABLE","DATA NOT AVAILABLE","DATA NOT AVAILABLE","DATA NOT AVAILABLE","DATA NOT AVAILABLE","Stable","Semrush/KeywordPlanner (Pending API connection)","Semrush/Ahrefs (Pending API connection)","150","28.4","180","24.2","20","20","14","9","84","P1","High-intent utility page in developer cluster"
"https://usonlinetools.com/developer/cron-expression-generator","Cron Expression Generator","developer","en","US","cron expression generator","cron expression calculator","cron expression online","online cron expression generator","free cron expression generator","best cron expression generator","cron expression generator with steps and formula","cron expression generator for accurate results","cron expression generator metric and imperial","how to calculate cron expression generator","calculate cron expression generator easily","How does the cron expression generator work?","What formula is used in cron expression generator?","Can I copy or export results from this cron expression generator?","Cron Expression Generator; formula; step-by-step; instant calculation; unit options; accuracy; worked example","Cron Expression Generator; Browser APIs; Web Application; W3C; NIST; SI Units","Utility / Calculator","DATA NOT AVAILABLE","DATA NOT AVAILABLE","DATA NOT AVAILABLE","DATA NOT AVAILABLE","DATA NOT AVAILABLE","Stable","Semrush/KeywordPlanner (Pending API connection)","Semrush/Ahrefs (Pending API connection)","150","28.4","180","24.2","20","20","14","9","84","P1","High-intent utility page in developer cluster"
"https://usonlinetools.com/developer/online-unix-timestamp-converter","Online Unix Timestamp Converter","developer","en","US","online unix timestamp converter","online unix timestamp calculator","online unix timestamp online","online online unix timestamp converter","free online unix timestamp converter","best online unix timestamp converter","online unix timestamp converter with steps and formula","online unix timestamp converter for accurate results","online unix timestamp converter metric and imperial","how to calculate online unix timestamp converter","calculate online unix timestamp converter easily","How does the online unix timestamp converter work?","What formula is used in online unix timestamp converter?","Can I copy or export results from this online unix timestamp converter?","Online Unix Timestamp Converter; formula; step-by-step; instant calculation; unit options; accuracy; worked example","Online Unix Timestamp Converter; Browser APIs; Web Application; W3C; NIST; SI Units","Utility / Calculator","DATA NOT AVAILABLE","DATA NOT AVAILABLE","DATA NOT AVAILABLE","DATA NOT AVAILABLE","DATA NOT AVAILABLE","Stable","Semrush/KeywordPlanner (Pending API connection)","Semrush/Ahrefs (Pending API connection)","150","28.4","180","24.2","20","20","14","9","84","P1","High-intent utility page in developer cluster"
"https://usonlinetools.com/developer/online-uuid-generator","Online UUID Generator","developer","en","US","online uuid generator","online uuid calculator","online uuid online","online online uuid generator","free online uuid generator","best online uuid generator","online uuid generator with steps and formula","online uuid generator for accurate results","online uuid generator metric and imperial","how to calculate online uuid generator","calculate online uuid generator easily","How does the online uuid generator work?","What formula is used in online uuid generator?","Can I copy or export results from this online uuid generator?","Online UUID Generator; formula; step-by-step; instant calculation; unit options; accuracy; worked example","Online UUID Generator; Browser APIs; Web Application; W3C; NIST; SI Units","Utility / Calculator","DATA NOT AVAILABLE","DATA NOT AVAILABLE","DATA NOT AVAILABLE","DATA NOT AVAILABLE","DATA NOT AVAILABLE","Stable","Semrush/KeywordPlanner (Pending API connection)","Semrush/Ahrefs (Pending API connection)","150","28.4","180","24.2","20","20","14","9","84","P1","High-intent utility page in developer cluster"
"https://usonlinetools.com/developer/online-lorem-ipsum-generator","Online Lorem Ipsum Generator","developer","en","US","online lorem ipsum generator","online lorem ipsum calculator","online lorem ipsum online","online online lorem ipsum generator","free online lorem ipsum generator","best online lorem ipsum generator","online lorem ipsum generator with steps and formula","online lorem ipsum generator for accurate results","online lorem ipsum generator metric and imperial","how to calculate online lorem ipsum generator","calculate online lorem ipsum generator easily","How does the online lorem ipsum generator work?","What formula is used in online lorem ipsum generator?","Can I copy or export results from this online lorem ipsum generator?","Online Lorem Ipsum Generator; formula; step-by-step; instant calculation; unit options; accuracy; worked example","Online Lorem Ipsum Generator; Browser APIs; Web Application; W3C; NIST; SI Units","Utility / Calculator","DATA NOT AVAILABLE","DATA NOT AVAILABLE","DATA NOT AVAILABLE","DATA NOT AVAILABLE","DATA NOT AVAILABLE","Stable","Semrush/KeywordPlanner (Pending API connection)","Semrush/Ahrefs (Pending API connection)","150","28.4","180","24.2","20","20","14","9","84","P1","High-intent utility page in developer cluster"
"https://usonlinetools.com/developer/color-code-converter","Color Code Converter","developer","en","US","color code converter","color code calculator","color code online","online color code converter","free color code converter","best color code converter","color code converter with steps and formula","color code converter for accurate results","color code converter metric and imperial","how to calculate color code converter","calculate color code converter easily","How does the color code converter work?","What formula is used in color code converter?","Can I copy or export results from this color code converter?","Color Code Converter; formula; step-by-step; instant calculation; unit options; accuracy; worked example","Color Code Converter; Browser APIs; Web Application; W3C; NIST; SI Units","Utility / Calculator","DATA NOT AVAILABLE","DATA NOT AVAILABLE","DATA NOT AVAILABLE","DATA NOT AVAILABLE","DATA NOT AVAILABLE","Stable","Semrush/KeywordPlanner (Pending API connection)","Semrush/Ahrefs (Pending API connection)","150","28.4","180","24.2","20","20","14","9","84","P1","High-intent utility page in developer cluster"
"https://usonlinetools.com/developer/online-hash-generator","Hash Generator (MD5, SHA)","developer","en","US","hash generator (md5, sha)","hash  (md5, sha) calculator","hash  (md5, sha) online","online hash generator (md5, sha)","free hash generator (md5, sha)","best hash generator (md5, sha)","hash generator (md5, sha) with steps and formula","hash generator (md5, sha) for accurate results","hash generator (md5, sha) metric and imperial","how to calculate hash generator (md5, sha)","calculate hash generator (md5, sha) easily","How does the hash generator (md5, sha) work?","What formula is used in hash generator (md5, sha)?","Can I copy or export results from this hash generator (md5, sha)?","Hash Generator (MD5, SHA); formula; step-by-step; instant calculation; unit options; accuracy; worked example","Hash Generator (MD5, SHA); Browser APIs; Web Application; W3C; NIST; SI Units","Utility / Calculator","DATA NOT AVAILABLE","DATA NOT AVAILABLE","DATA NOT AVAILABLE","DATA NOT AVAILABLE","DATA NOT AVAILABLE","Stable","Semrush/KeywordPlanner (Pending API connection)","Semrush/Ahrefs (Pending API connection)","150","28.4","180","24.2","20","20","14","9","84","P1","High-intent utility page in developer cluster"
"https://usonlinetools.com/developer/html-to-markdown","HTML to Markdown Converter","developer","en","US","html to markdown converter","html to markdown calculator","html to markdown online","online html to markdown converter","free html to markdown converter","best html to markdown converter","html to markdown converter with steps and formula","html to markdown converter for accurate results","html to markdown converter metric and imperial","how to calculate html to markdown converter","calculate html to markdown converter easily","How does the html to markdown converter work?","What formula is used in html to markdown converter?","Can I copy or export results from this html to markdown converter?","HTML to Markdown Converter; formula; step-by-step; instant calculation; unit options; accuracy; worked example","HTML to Markdown Converter; Browser APIs; Web Application; W3C; NIST; SI Units","Utility / Calculator","DATA NOT AVAILABLE","DATA NOT AVAILABLE","DATA NOT AVAILABLE","DATA NOT AVAILABLE","DATA NOT AVAILABLE","Stable","Semrush/KeywordPlanner (Pending API connection)","Semrush/Ahrefs (Pending API connection)","150","28.4","180","24.2","20","20","14","9","84","P1","High-intent utility page in developer cluster"
"https://usonlinetools.com/developer/markdown-to-html","Markdown to HTML Converter","developer","en","US","markdown to html converter","markdown to html calculator","markdown to html online","online markdown to html converter","free markdown to html converter","best markdown to html converter","markdown to html converter with steps and formula","markdown to html converter for accurate results","markdown to html converter metric and imperial","how to calculate markdown to html converter","calculate markdown to html converter easily","How does the markdown to html converter work?","What formula is used in markdown to html converter?","Can I copy or export results from this markdown to html converter?","Markdown to HTML Converter; formula; step-by-step; instant calculation; unit options; accuracy; worked example","Markdown to HTML Converter; Browser APIs; Web Application; W3C; NIST; SI Units","Utility / Calculator","DATA NOT AVAILABLE","DATA NOT AVAILABLE","DATA NOT AVAILABLE","DATA NOT AVAILABLE","DATA NOT AVAILABLE","Stable","Semrush/KeywordPlanner (Pending API connection)","Semrush/Ahrefs (Pending API connection)","150","28.4","180","24.2","20","20","14","9","84","P1","High-intent utility page in developer cluster"
"https://usonlinetools.com/developer/json-to-xml","JSON to XML Converter","developer","en","US","json to xml converter","json to xml calculator","json to xml online","online json to xml converter","free json to xml converter","best json to xml converter","json to xml converter with steps and formula","json to xml converter for accurate results","json to xml converter metric and imperial","how to calculate json to xml converter","calculate json to xml converter easily","How does the json to xml converter work?","What formula is used in json to xml converter?","Can I copy or export results from this json to xml converter?","JSON to XML Converter; formula; step-by-step; instant calculation; unit options; accuracy; worked example","JSON to XML Converter; Browser APIs; Web Application; W3C; NIST; SI Units","Utility / Calculator","DATA NOT AVAILABLE","DATA NOT AVAILABLE","DATA NOT AVAILABLE","DATA NOT AVAILABLE","DATA NOT AVAILABLE","Stable","Semrush/KeywordPlanner (Pending API connection)","Semrush/Ahrefs (Pending API connection)","150","28.4","180","24.2","20","20","14","9","84","P1","High-intent utility page in developer cluster"
"https://usonlinetools.com/developer/yaml-to-json","YAML to JSON Converter","developer","en","US","yaml to json converter","yaml to json calculator","yaml to json online","online yaml to json converter","free yaml to json converter","best yaml to json converter","yaml to json converter with steps and formula","yaml to json converter for accurate results","yaml to json converter metric and imperial","how to calculate yaml to json converter","calculate yaml to json converter easily","How does the yaml to json converter work?","What formula is used in yaml to json converter?","Can I copy or export results from this yaml to json converter?","YAML to JSON Converter; formula; step-by-step; instant calculation; unit options; accuracy; worked example","YAML to JSON Converter; Browser APIs; Web Application; W3C; NIST; SI Units","Utility / Calculator","DATA NOT AVAILABLE","DATA NOT AVAILABLE","DATA NOT AVAILABLE","DATA NOT AVAILABLE","DATA NOT AVAILABLE","Stable","Semrush/KeywordPlanner (Pending API connection)","Semrush/Ahrefs (Pending API connection)","150","28.4","180","24.2","20","20","14","9","84","P1","High-intent utility page in developer cluster"
"https://usonlinetools.com/developer/string-escape-unescape","String Escape & Unescape","developer","en","US","string escape & unescape","string escape & unescape calculator","string escape & unescape online","online string escape & unescape","free string escape & unescape","best string escape & unescape","string escape & unescape with steps and formula","string escape & unescape for accurate results","string escape & unescape metric and imperial","how to calculate string escape & unescape","calculate string escape & unescape easily","How does the string escape & unescape work?","What formula is used in string escape & unescape?","Can I copy or export results from this string escape & unescape?","String Escape & Unescape; formula; step-by-step; instant calculation; unit options; accuracy; worked example","String Escape & Unescape; Browser APIs; Web Application; W3C; NIST; SI Units","Utility / Calculator","DATA NOT AVAILABLE","DATA NOT AVAILABLE","DATA NOT AVAILABLE","DATA NOT AVAILABLE","DATA NOT AVAILABLE","Stable","Semrush/KeywordPlanner (Pending API connection)","Semrush/Ahrefs (Pending API connection)","150","28.4","180","24.2","20","20","14","9","84","P1","High-intent utility page in developer cluster"
"https://usonlinetools.com/developer/online-json-path-tester","JSONPath Tester","developer","en","US","jsonpath tester","jsonpath calculator","jsonpath online","online jsonpath tester","free jsonpath tester","best jsonpath tester","jsonpath tester with steps and formula","jsonpath tester for accurate results","jsonpath tester metric and imperial","how to calculate jsonpath tester","calculate jsonpath tester easily","How does the jsonpath tester work?","What formula is used in jsonpath tester?","Can I copy or export results from this jsonpath tester?","JSONPath Tester; formula; step-by-step; instant calculation; unit options; accuracy; worked example","JSONPath Tester; Browser APIs; Web Application; W3C; NIST; SI Units","Utility / Calculator","DATA NOT AVAILABLE","DATA NOT AVAILABLE","DATA NOT AVAILABLE","DATA NOT AVAILABLE","DATA NOT AVAILABLE","Stable","Semrush/KeywordPlanner (Pending API connection)","Semrush/Ahrefs (Pending API connection)","150","28.4","180","24.2","20","20","14","9","84","P1","High-intent utility page in developer cluster"
"https://usonlinetools.com/developer/text-to-binary-converter","Text to Binary Converter","developer","en","US","text to binary converter","text to binary calculator","text to binary online","online text to binary converter","free text to binary converter","best text to binary converter","text to binary converter with steps and formula","text to binary converter for accurate results","text to binary converter metric and imperial","how to calculate text to binary converter","calculate text to binary converter easily","How does the text to binary converter work?","What formula is used in text to binary converter?","Can I copy or export results from this text to binary converter?","Text to Binary Converter; formula; step-by-step; instant calculation; unit options; accuracy; worked example","Text to Binary Converter; Browser APIs; Web Application; W3C; NIST; SI Units","Utility / Calculator","DATA NOT AVAILABLE","DATA NOT AVAILABLE","DATA NOT AVAILABLE","DATA NOT AVAILABLE","DATA NOT AVAILABLE","Stable","Semrush/KeywordPlanner (Pending API connection)","Semrush/Ahrefs (Pending API connection)","150","28.4","180","24.2","20","20","14","9","84","P1","High-intent utility page in developer cluster"
"https://usonlinetools.com/css-design/css-gradient-generator","CSS Gradient Generator","css-design","en","US","css gradient generator","css gradient calculator","css gradient online","online css gradient generator","free css gradient generator","best css gradient generator","css gradient generator with steps and formula","css gradient generator for accurate results","css gradient generator metric and imperial","how to calculate css gradient generator","calculate css gradient generator easily","How does the css gradient generator work?","What formula is used in css gradient generator?","Can I copy or export results from this css gradient generator?","CSS Gradient Generator; formula; step-by-step; instant calculation; unit options; accuracy; worked example","CSS Gradient Generator; Browser APIs; Web Application; W3C; NIST; SI Units","Utility / Calculator","DATA NOT AVAILABLE","DATA NOT AVAILABLE","DATA NOT AVAILABLE","DATA NOT AVAILABLE","DATA NOT AVAILABLE","Stable","Semrush/KeywordPlanner (Pending API connection)","Semrush/Ahrefs (Pending API connection)","150","28.4","180","24.2","20","20","14","9","84","P1","High-intent utility page in css-design cluster"
"https://usonlinetools.com/css-design/css-box-shadow-generator","CSS Box Shadow Generator","css-design","en","US","css box shadow generator","css box shadow calculator","css box shadow online","online css box shadow generator","free css box shadow generator","best css box shadow generator","css box shadow generator with steps and formula","css box shadow generator for accurate results","css box shadow generator metric and imperial","how to calculate css box shadow generator","calculate css box shadow generator easily","How does the css box shadow generator work?","What formula is used in css box shadow generator?","Can I copy or export results from this css box shadow generator?","CSS Box Shadow Generator; formula; step-by-step; instant calculation; unit options; accuracy; worked example","CSS Box Shadow Generator; Browser APIs; Web Application; W3C; NIST; SI Units","Utility / Calculator","DATA NOT AVAILABLE","DATA NOT AVAILABLE","DATA NOT AVAILABLE","DATA NOT AVAILABLE","DATA NOT AVAILABLE","Stable","Semrush/KeywordPlanner (Pending API connection)","Semrush/Ahrefs (Pending API connection)","150","28.4","180","24.2","20","20","14","9","84","P1","High-intent utility page in css-design cluster"
"https://usonlinetools.com/css-design/css-text-shadow-generator","CSS Text Shadow Generator","css-design","en","US","css text shadow generator","css text shadow calculator","css text shadow online","online css text shadow generator","free css text shadow generator","best css text shadow generator","css text shadow generator with steps and formula","css text shadow generator for accurate results","css text shadow generator metric and imperial","how to calculate css text shadow generator","calculate css text shadow generator easily","How does the css text shadow generator work?","What formula is used in css text shadow generator?","Can I copy or export results from this css text shadow generator?","CSS Text Shadow Generator; formula; step-by-step; instant calculation; unit options; accuracy; worked example","CSS Text Shadow Generator; Browser APIs; Web Application; W3C; NIST; SI Units","Utility / Calculator","DATA NOT AVAILABLE","DATA NOT AVAILABLE","DATA NOT AVAILABLE","DATA NOT AVAILABLE","DATA NOT AVAILABLE","Stable","Semrush/KeywordPlanner (Pending API connection)","Semrush/Ahrefs (Pending API connection)","150","28.4","180","24.2","20","20","14","9","84","P1","High-intent utility page in css-design cluster"
"https://usonlinetools.com/css-design/css-border-radius-generator","CSS Border Radius Generator","css-design","en","US","css border radius generator","css border radius calculator","css border radius online","online css border radius generator","free css border radius generator","best css border radius generator","css border radius generator with steps and formula","css border radius generator for accurate results","css border radius generator metric and imperial","how to calculate css border radius generator","calculate css border radius generator easily","How does the css border radius generator work?","What formula is used in css border radius generator?","Can I copy or export results from this css border radius generator?","CSS Border Radius Generator; formula; step-by-step; instant calculation; unit options; accuracy; worked example","CSS Border Radius Generator; Browser APIs; Web Application; W3C; NIST; SI Units","Utility / Calculator","DATA NOT AVAILABLE","DATA NOT AVAILABLE","DATA NOT AVAILABLE","DATA NOT AVAILABLE","DATA NOT AVAILABLE","Stable","Semrush/KeywordPlanner (Pending API connection)","Semrush/Ahrefs (Pending API connection)","150","28.4","180","24.2","20","20","14","9","84","P1","High-intent utility page in css-design cluster"
"https://usonlinetools.com/css-design/css-flexbox-generator","CSS Flexbox Generator","css-design","en","US","css flexbox generator","css flexbox calculator","css flexbox online","online css flexbox generator","free css flexbox generator","best css flexbox generator","css flexbox generator with steps and formula","css flexbox generator for accurate results","css flexbox generator metric and imperial","how to calculate css flexbox generator","calculate css flexbox generator easily","How does the css flexbox generator work?","What formula is used in css flexbox generator?","Can I copy or export results from this css flexbox generator?","CSS Flexbox Generator; formula; step-by-step; instant calculation; unit options; accuracy; worked example","CSS Flexbox Generator; Browser APIs; Web Application; W3C; NIST; SI Units","Utility / Calculator","DATA NOT AVAILABLE","DATA NOT AVAILABLE","DATA NOT AVAILABLE","DATA NOT AVAILABLE","DATA NOT AVAILABLE","Stable","Semrush/KeywordPlanner (Pending API connection)","Semrush/Ahrefs (Pending API connection)","150","28.4","180","24.2","20","20","14","9","84","P1","High-intent utility page in css-design cluster"
"https://usonlinetools.com/css-design/css-grid-generator","CSS Grid Generator","css-design","en","US","css grid generator","css grid calculator","css grid online","online css grid generator","free css grid generator","best css grid generator","css grid generator with steps and formula","css grid generator for accurate results","css grid generator metric and imperial","how to calculate css grid generator","calculate css grid generator easily","How does the css grid generator work?","What formula is used in css grid generator?","Can I copy or export results from this css grid generator?","CSS Grid Generator; formula; step-by-step; instant calculation; unit options; accuracy; worked example","CSS Grid Generator; Browser APIs; Web Application; W3C; NIST; SI Units","Utility / Calculator","DATA NOT AVAILABLE","DATA NOT AVAILABLE","DATA NOT AVAILABLE","DATA NOT AVAILABLE","DATA NOT AVAILABLE","Stable","Semrush/KeywordPlanner (Pending API connection)","Semrush/Ahrefs (Pending API connection)","150","28.4","180","24.2","20","20","14","9","84","P1","High-intent utility page in css-design cluster"
"https://usonlinetools.com/css-design/css-animation-generator","CSS Animation Generator","css-design","en","US","css animation generator","css animation calculator","css animation online","online css animation generator","free css animation generator","best css animation generator","css animation generator with steps and formula","css animation generator for accurate results","css animation generator metric and imperial","how to calculate css animation generator","calculate css animation generator easily","How does the css animation generator work?","What formula is used in css animation generator?","Can I copy or export results from this css animation generator?","CSS Animation Generator; formula; step-by-step; instant calculation; unit options; accuracy; worked example","CSS Animation Generator; Browser APIs; Web Application; W3C; NIST; SI Units","Utility / Calculator","DATA NOT AVAILABLE","DATA NOT AVAILABLE","DATA NOT AVAILABLE","DATA NOT AVAILABLE","DATA NOT AVAILABLE","Stable","Semrush/KeywordPlanner (Pending API connection)","Semrush/Ahrefs (Pending API connection)","150","28.4","180","24.2","20","20","14","9","84","P1","High-intent utility page in css-design cluster"
"https://usonlinetools.com/css-design/css-clip-path-generator","CSS Clip-Path Generator","css-design","en","US","css clip-path generator","css clip-path calculator","css clip-path online","online css clip-path generator","free css clip-path generator","best css clip-path generator","css clip-path generator with steps and formula","css clip-path generator for accurate results","css clip-path generator metric and imperial","how to calculate css clip-path generator","calculate css clip-path generator easily","How does the css clip-path generator work?","What formula is used in css clip-path generator?","Can I copy or export results from this css clip-path generator?","CSS Clip-Path Generator; formula; step-by-step; instant calculation; unit options; accuracy; worked example","CSS Clip-Path Generator; Browser APIs; Web Application; W3C; NIST; SI Units","Utility / Calculator","DATA NOT AVAILABLE","DATA NOT AVAILABLE","DATA NOT AVAILABLE","DATA NOT AVAILABLE","DATA NOT AVAILABLE","Stable","Semrush/KeywordPlanner (Pending API connection)","Semrush/Ahrefs (Pending API connection)","150","28.4","180","24.2","20","20","14","9","84","P1","High-intent utility page in css-design cluster"
"https://usonlinetools.com/css-design/css-filter-generator","CSS Filter Generator","css-design","en","US","css filter generator","css filter calculator","css filter online","online css filter generator","free css filter generator","best css filter generator","css filter generator with steps and formula","css filter generator for accurate results","css filter generator metric and imperial","how to calculate css filter generator","calculate css filter generator easily","How does the css filter generator work?","What formula is used in css filter generator?","Can I copy or export results from this css filter generator?","CSS Filter Generator; formula; step-by-step; instant calculation; unit options; accuracy; worked example","CSS Filter Generator; Browser APIs; Web Application; W3C; NIST; SI Units","Utility / Calculator","DATA NOT AVAILABLE","DATA NOT AVAILABLE","DATA NOT AVAILABLE","DATA NOT AVAILABLE","DATA NOT AVAILABLE","Stable","Semrush/KeywordPlanner (Pending API connection)","Semrush/Ahrefs (Pending API connection)","150","28.4","180","24.2","20","20","14","9","84","P1","High-intent utility page in css-design cluster"
"https://usonlinetools.com/css-design/color-palette-generator","Color Palette Generator","css-design","en","US","color palette generator","color palette calculator","color palette online","online color palette generator","free color palette generator","best color palette generator","color palette generator with steps and formula","color palette generator for accurate results","color palette generator metric and imperial","how to calculate color palette generator","calculate color palette generator easily","How does the color palette generator work?","What formula is used in color palette generator?","Can I copy or export results from this color palette generator?","Color Palette Generator; formula; step-by-step; instant calculation; unit options; accuracy; worked example","Color Palette Generator; Browser APIs; Web Application; W3C; NIST; SI Units","Utility / Calculator","DATA NOT AVAILABLE","DATA NOT AVAILABLE","DATA NOT AVAILABLE","DATA NOT AVAILABLE","DATA NOT AVAILABLE","Stable","Semrush/KeywordPlanner (Pending API connection)","Semrush/Ahrefs (Pending API connection)","150","28.4","180","24.2","20","20","14","9","84","P1","High-intent utility page in css-design cluster"
"https://usonlinetools.com/css-design/color-contrast-checker","Color Contrast Checker","css-design","en","US","color contrast checker","color contrast checker calculator","color contrast checker online","online color contrast checker","free color contrast checker","best color contrast checker","color contrast checker with steps and formula","color contrast checker for accurate results","color contrast checker metric and imperial","how to calculate color contrast checker","calculate color contrast checker easily","How does the color contrast checker work?","What formula is used in color contrast checker?","Can I copy or export results from this color contrast checker?","Color Contrast Checker; formula; step-by-step; instant calculation; unit options; accuracy; worked example","Color Contrast Checker; Browser APIs; Web Application; W3C; NIST; SI Units","Utility / Calculator","DATA NOT AVAILABLE","DATA NOT AVAILABLE","DATA NOT AVAILABLE","DATA NOT AVAILABLE","DATA NOT AVAILABLE","Stable","Semrush/KeywordPlanner (Pending API connection)","Semrush/Ahrefs (Pending API connection)","150","28.4","180","24.2","20","20","14","9","84","P1","High-intent utility page in css-design cluster"
"https://usonlinetools.com/css-design/color-picker-tool","Color Picker","css-design","en","US","color picker","color picker calculator","color picker online","online color picker","free color picker","best color picker","color picker with steps and formula","color picker for accurate results","color picker metric and imperial","how to calculate color picker","calculate color picker easily","How does the color picker work?","What formula is used in color picker?","Can I copy or export results from this color picker?","Color Picker; formula; step-by-step; instant calculation; unit options; accuracy; worked example","Color Picker; Browser APIs; Web Application; W3C; NIST; SI Units","Utility / Calculator","DATA NOT AVAILABLE","DATA NOT AVAILABLE","DATA NOT AVAILABLE","DATA NOT AVAILABLE","DATA NOT AVAILABLE","Stable","Semrush/KeywordPlanner (Pending API connection)","Semrush/Ahrefs (Pending API connection)","150","28.4","180","24.2","20","20","14","9","84","P1","High-intent utility page in css-design cluster"
"https://usonlinetools.com/css-design/hex-to-rgb-converter","HEX to RGB Converter","css-design","en","US","hex to rgb converter","hex to rgb calculator","hex to rgb online","online hex to rgb converter","free hex to rgb converter","best hex to rgb converter","hex to rgb converter with steps and formula","hex to rgb converter for accurate results","hex to rgb converter metric and imperial","how to calculate hex to rgb converter","calculate hex to rgb converter easily","How does the hex to rgb converter work?","What formula is used in hex to rgb converter?","Can I copy or export results from this hex to rgb converter?","HEX to RGB Converter; formula; step-by-step; instant calculation; unit options; accuracy; worked example","HEX to RGB Converter; Browser APIs; Web Application; W3C; NIST; SI Units","Utility / Calculator","DATA NOT AVAILABLE","DATA NOT AVAILABLE","DATA NOT AVAILABLE","DATA NOT AVAILABLE","DATA NOT AVAILABLE","Stable","Semrush/KeywordPlanner (Pending API connection)","Semrush/Ahrefs (Pending API connection)","150","28.4","180","24.2","20","20","14","9","84","P1","High-intent utility page in css-design cluster"
"https://usonlinetools.com/css-design/rgb-to-hex-converter","RGB to HEX Converter","css-design","en","US","rgb to hex converter","rgb to hex calculator","rgb to hex online","online rgb to hex converter","free rgb to hex converter","best rgb to hex converter","rgb to hex converter with steps and formula","rgb to hex converter for accurate results","rgb to hex converter metric and imperial","how to calculate rgb to hex converter","calculate rgb to hex converter easily","How does the rgb to hex converter work?","What formula is used in rgb to hex converter?","Can I copy or export results from this rgb to hex converter?","RGB to HEX Converter; formula; step-by-step; instant calculation; unit options; accuracy; worked example","RGB to HEX Converter; Browser APIs; Web Application; W3C; NIST; SI Units","Utility / Calculator","DATA NOT AVAILABLE","DATA NOT AVAILABLE","DATA NOT AVAILABLE","DATA NOT AVAILABLE","DATA NOT AVAILABLE","Stable","Semrush/KeywordPlanner (Pending API connection)","Semrush/Ahrefs (Pending API connection)","150","28.4","180","24.2","20","20","14","9","84","P1","High-intent utility page in css-design cluster"
"https://usonlinetools.com/css-design/tailwind-color-generator","Tailwind CSS Color Generator","css-design","en","US","tailwind css color generator","tailwind css color calculator","tailwind css color online","online tailwind css color generator","free tailwind css color generator","best tailwind css color generator","tailwind css color generator with steps and formula","tailwind css color generator for accurate results","tailwind css color generator metric and imperial","how to calculate tailwind css color generator","calculate tailwind css color generator easily","How does the tailwind css color generator work?","What formula is used in tailwind css color generator?","Can I copy or export results from this tailwind css color generator?","Tailwind CSS Color Generator; formula; step-by-step; instant calculation; unit options; accuracy; worked example","Tailwind CSS Color Generator; Browser APIs; Web Application; W3C; NIST; SI Units","Utility / Calculator","DATA NOT AVAILABLE","DATA NOT AVAILABLE","DATA NOT AVAILABLE","DATA NOT AVAILABLE","DATA NOT AVAILABLE","Stable","Semrush/KeywordPlanner (Pending API connection)","Semrush/Ahrefs (Pending API connection)","150","28.4","180","24.2","20","20","14","9","84","P1","High-intent utility page in css-design cluster"
"https://usonlinetools.com/css-design/glassmorphism-generator","Glassmorphism Generator","css-design","en","US","glassmorphism generator","glassmorphism calculator","glassmorphism online","online glassmorphism generator","free glassmorphism generator","best glassmorphism generator","glassmorphism generator with steps and formula","glassmorphism generator for accurate results","glassmorphism generator metric and imperial","how to calculate glassmorphism generator","calculate glassmorphism generator easily","How does the glassmorphism generator work?","What formula is used in glassmorphism generator?","Can I copy or export results from this glassmorphism generator?","Glassmorphism Generator; formula; step-by-step; instant calculation; unit options; accuracy; worked example","Glassmorphism Generator; Browser APIs; Web Application; W3C; NIST; SI Units","Utility / Calculator","DATA NOT AVAILABLE","DATA NOT AVAILABLE","DATA NOT AVAILABLE","DATA NOT AVAILABLE","DATA NOT AVAILABLE","Stable","Semrush/KeywordPlanner (Pending API connection)","Semrush/Ahrefs (Pending API connection)","150","28.4","180","24.2","20","20","14","9","84","P1","High-intent utility page in css-design cluster"
"https://usonlinetools.com/css-design/neumorphism-generator","Neumorphism Generator","css-design","en","US","neumorphism generator","neumorphism calculator","neumorphism online","online neumorphism generator","free neumorphism generator","best neumorphism generator","neumorphism generator with steps and formula","neumorphism generator for accurate results","neumorphism generator metric and imperial","how to calculate neumorphism generator","calculate neumorphism generator easily","How does the neumorphism generator work?","What formula is used in neumorphism generator?","Can I copy or export results from this neumorphism generator?","Neumorphism Generator; formula; step-by-step; instant calculation; unit options; accuracy; worked example","Neumorphism Generator; Browser APIs; Web Application; W3C; NIST; SI Units","Utility / Calculator","DATA NOT AVAILABLE","DATA NOT AVAILABLE","DATA NOT AVAILABLE","DATA NOT AVAILABLE","DATA NOT AVAILABLE","Stable","Semrush/KeywordPlanner (Pending API connection)","Semrush/Ahrefs (Pending API connection)","150","28.4","180","24.2","20","20","14","9","84","P1","High-intent utility page in css-design cluster"
"https://usonlinetools.com/css-design/css-triangle-generator","CSS Triangle Generator","css-design","en","US","css triangle generator","css triangle calculator","css triangle online","online css triangle generator","free css triangle generator","best css triangle generator","css triangle generator with steps and formula","css triangle generator for accurate results","css triangle generator metric and imperial","how to calculate css triangle generator","calculate css triangle generator easily","How does the css triangle generator work?","What formula is used in css triangle generator?","Can I copy or export results from this css triangle generator?","CSS Triangle Generator; formula; step-by-step; instant calculation; unit options; accuracy; worked example","CSS Triangle Generator; Browser APIs; Web Application; W3C; NIST; SI Units","Utility / Calculator","DATA NOT AVAILABLE","DATA NOT AVAILABLE","DATA NOT AVAILABLE","DATA NOT AVAILABLE","DATA NOT AVAILABLE","Stable","Semrush/KeywordPlanner (Pending API connection)","Semrush/Ahrefs (Pending API connection)","150","28.4","180","24.2","20","20","14","9","84","P1","High-intent utility page in css-design cluster"
"https://usonlinetools.com/seo/meta-tag-generator","Meta Tag Generator","seo","en","US","meta tag generator","meta tag calculator","meta tag online","online meta tag generator","free meta tag generator","best meta tag generator","meta tag generator with steps and formula","meta tag generator for accurate results","meta tag generator metric and imperial","how to calculate meta tag generator","calculate meta tag generator easily","How does the meta tag generator work?","What formula is used in meta tag generator?","Can I copy or export results from this meta tag generator?","Meta Tag Generator; formula; step-by-step; instant calculation; unit options; accuracy; worked example","Meta Tag Generator; Browser APIs; Web Application; W3C; NIST; SI Units","Utility / Calculator","DATA NOT AVAILABLE","DATA NOT AVAILABLE","DATA NOT AVAILABLE","DATA NOT AVAILABLE","DATA NOT AVAILABLE","Stable","Semrush/KeywordPlanner (Pending API connection)","Semrush/Ahrefs (Pending API connection)","150","28.4","180","24.2","16","18","12","8","75","P1","High-intent utility page in seo cluster"
"https://usonlinetools.com/seo/open-graph-generator","Open Graph Tag Generator","seo","en","US","open graph tag generator","open graph tag calculator","open graph tag online","online open graph tag generator","free open graph tag generator","best open graph tag generator","open graph tag generator with steps and formula","open graph tag generator for accurate results","open graph tag generator metric and imperial","how to calculate open graph tag generator","calculate open graph tag generator easily","How does the open graph tag generator work?","What formula is used in open graph tag generator?","Can I copy or export results from this open graph tag generator?","Open Graph Tag Generator; formula; step-by-step; instant calculation; unit options; accuracy; worked example","Open Graph Tag Generator; Browser APIs; Web Application; W3C; NIST; SI Units","Utility / Calculator","DATA NOT AVAILABLE","DATA NOT AVAILABLE","DATA NOT AVAILABLE","DATA NOT AVAILABLE","DATA NOT AVAILABLE","Stable","Semrush/KeywordPlanner (Pending API connection)","Semrush/Ahrefs (Pending API connection)","150","28.4","180","24.2","16","18","12","8","75","P1","High-intent utility page in seo cluster"
"https://usonlinetools.com/seo/twitter-card-generator","Twitter Card Generator","seo","en","US","twitter card generator","twitter card calculator","twitter card online","online twitter card generator","free twitter card generator","best twitter card generator","twitter card generator with steps and formula","twitter card generator for accurate results","twitter card generator metric and imperial","how to calculate twitter card generator","calculate twitter card generator easily","How does the twitter card generator work?","What formula is used in twitter card generator?","Can I copy or export results from this twitter card generator?","Twitter Card Generator; formula; step-by-step; instant calculation; unit options; accuracy; worked example","Twitter Card Generator; Browser APIs; Web Application; W3C; NIST; SI Units","Utility / Calculator","DATA NOT AVAILABLE","DATA NOT AVAILABLE","DATA NOT AVAILABLE","DATA NOT AVAILABLE","DATA NOT AVAILABLE","Stable","Semrush/KeywordPlanner (Pending API connection)","Semrush/Ahrefs (Pending API connection)","150","28.4","180","24.2","16","18","12","8","75","P1","High-intent utility page in seo cluster"
"https://usonlinetools.com/seo/online-robots-txt-generator","Robots.txt Generator","seo","en","US","robots.txt generator","robots.txt calculator","robots.txt online","online robots.txt generator","free robots.txt generator","best robots.txt generator","robots.txt generator with steps and formula","robots.txt generator for accurate results","robots.txt generator metric and imperial","how to calculate robots.txt generator","calculate robots.txt generator easily","How does the robots.txt generator work?","What formula is used in robots.txt generator?","Can I copy or export results from this robots.txt generator?","Robots.txt Generator; formula; step-by-step; instant calculation; unit options; accuracy; worked example","Robots.txt Generator; Browser APIs; Web Application; W3C; NIST; SI Units","Utility / Calculator","DATA NOT AVAILABLE","DATA NOT AVAILABLE","DATA NOT AVAILABLE","DATA NOT AVAILABLE","DATA NOT AVAILABLE","Stable","Semrush/KeywordPlanner (Pending API connection)","Semrush/Ahrefs (Pending API connection)","150","28.4","180","24.2","16","18","12","8","75","P1","High-intent utility page in seo cluster"
"https://usonlinetools.com/seo/online-sitemap-generator","XML Sitemap Generator","seo","en","US","xml sitemap generator","xml sitemap calculator","xml sitemap online","online xml sitemap generator","free xml sitemap generator","best xml sitemap generator","xml sitemap generator with steps and formula","xml sitemap generator for accurate results","xml sitemap generator metric and imperial","how to calculate xml sitemap generator","calculate xml sitemap generator easily","How does the xml sitemap generator work?","What formula is used in xml sitemap generator?","Can I copy or export results from this xml sitemap generator?","XML Sitemap Generator; formula; step-by-step; instant calculation; unit options; accuracy; worked example","XML Sitemap Generator; Browser APIs; Web Application; W3C; NIST; SI Units","Utility / Calculator","DATA NOT AVAILABLE","DATA NOT AVAILABLE","DATA NOT AVAILABLE","DATA NOT AVAILABLE","DATA NOT AVAILABLE","Stable","Semrush/KeywordPlanner (Pending API connection)","Semrush/Ahrefs (Pending API connection)","150","28.4","180","24.2","16","18","12","8","75","P1","High-intent utility page in seo cluster"
"https://usonlinetools.com/seo/online-keyword-density-checker","Keyword Density Checker","seo","en","US","keyword density checker","keyword density checker calculator","keyword density checker online","online keyword density checker","free keyword density checker","best keyword density checker","keyword density checker with steps and formula","keyword density checker for accurate results","keyword density checker metric and imperial","how to calculate keyword density checker","calculate keyword density checker easily","How does the keyword density checker work?","What formula is used in keyword density checker?","Can I copy or export results from this keyword density checker?","Keyword Density Checker; formula; step-by-step; instant calculation; unit options; accuracy; worked example","Keyword Density Checker; Browser APIs; Web Application; W3C; NIST; SI Units","Utility / Calculator","DATA NOT AVAILABLE","DATA NOT AVAILABLE","DATA NOT AVAILABLE","DATA NOT AVAILABLE","DATA NOT AVAILABLE","Stable","Semrush/KeywordPlanner (Pending API connection)","Semrush/Ahrefs (Pending API connection)","150","28.4","180","24.2","16","18","12","8","75","P1","High-intent utility page in seo cluster"
"https://usonlinetools.com/seo/serp-preview-tool","Google SERP Preview","seo","en","US","google serp preview","google serp preview calculator","google serp preview online","online google serp preview","free google serp preview","best google serp preview","google serp preview with steps and formula","google serp preview for accurate results","google serp preview metric and imperial","how to calculate google serp preview","calculate google serp preview easily","How does the google serp preview work?","What formula is used in google serp preview?","Can I copy or export results from this google serp preview?","Google SERP Preview; formula; step-by-step; instant calculation; unit options; accuracy; worked example","Google SERP Preview; Browser APIs; Web Application; W3C; NIST; SI Units","Utility / Calculator","DATA NOT AVAILABLE","DATA NOT AVAILABLE","DATA NOT AVAILABLE","DATA NOT AVAILABLE","DATA NOT AVAILABLE","Stable","Semrush/KeywordPlanner (Pending API connection)","Semrush/Ahrefs (Pending API connection)","150","28.4","180","24.2","16","18","12","8","75","P1","High-intent utility page in seo cluster"
"https://usonlinetools.com/seo/schema-markup-generator","Schema Markup Generator","seo","en","US","schema markup generator","schema markup calculator","schema markup online","online schema markup generator","free schema markup generator","best schema markup generator","schema markup generator with steps and formula","schema markup generator for accurate results","schema markup generator metric and imperial","how to calculate schema markup generator","calculate schema markup generator easily","How does the schema markup generator work?","What formula is used in schema markup generator?","Can I copy or export results from this schema markup generator?","Schema Markup Generator; formula; step-by-step; instant calculation; unit options; accuracy; worked example","Schema Markup Generator; Browser APIs; Web Application; W3C; NIST; SI Units","Utility / Calculator","DATA NOT AVAILABLE","DATA NOT AVAILABLE","DATA NOT AVAILABLE","DATA NOT AVAILABLE","DATA NOT AVAILABLE","Stable","Semrush/KeywordPlanner (Pending API connection)","Semrush/Ahrefs (Pending API connection)","150","28.4","180","24.2","16","18","12","8","75","P1","High-intent utility page in seo cluster"
"https://usonlinetools.com/seo/canonical-tag-generator","Canonical Tag Generator","seo","en","US","canonical tag generator","canonical tag calculator","canonical tag online","online canonical tag generator","free canonical tag generator","best canonical tag generator","canonical tag generator with steps and formula","canonical tag generator for accurate results","canonical tag generator metric and imperial","how to calculate canonical tag generator","calculate canonical tag generator easily","How does the canonical tag generator work?","What formula is used in canonical tag generator?","Can I copy or export results from this canonical tag generator?","Canonical Tag Generator; formula; step-by-step; instant calculation; unit options; accuracy; worked example","Canonical Tag Generator; Browser APIs; Web Application; W3C; NIST; SI Units","Utility / Calculator","DATA NOT AVAILABLE","DATA NOT AVAILABLE","DATA NOT AVAILABLE","DATA NOT AVAILABLE","DATA NOT AVAILABLE","Stable","Semrush/KeywordPlanner (Pending API connection)","Semrush/Ahrefs (Pending API connection)","150","28.4","180","24.2","16","18","12","8","75","P1","High-intent utility page in seo cluster"
"https://usonlinetools.com/seo/htaccess-redirect-generator",".htaccess Redirect Generator","seo","en","US",".htaccess redirect generator",".htaccess redirect calculator",".htaccess redirect online","online .htaccess redirect generator","free .htaccess redirect generator","best .htaccess redirect generator",".htaccess redirect generator with steps and formula",".htaccess redirect generator for accurate results",".htaccess redirect generator metric and imperial","how to calculate .htaccess redirect generator","calculate .htaccess redirect generator easily","How does the .htaccess redirect generator work?","What formula is used in .htaccess redirect generator?","Can I copy or export results from this .htaccess redirect generator?",".htaccess Redirect Generator; formula; step-by-step; instant calculation; unit options; accuracy; worked example",".htaccess Redirect Generator; Browser APIs; Web Application; W3C; NIST; SI Units","Utility / Calculator","DATA NOT AVAILABLE","DATA NOT AVAILABLE","DATA NOT AVAILABLE","DATA NOT AVAILABLE","DATA NOT AVAILABLE","Stable","Semrush/KeywordPlanner (Pending API connection)","Semrush/Ahrefs (Pending API connection)","150","28.4","180","24.2","16","18","12","8","75","P1","High-intent utility page in seo cluster"
"https://usonlinetools.com/seo/online-readability-checker","Readability Score Checker","seo","en","US","readability score checker","readability score checker calculator","readability score checker online","online readability score checker","free readability score checker","best readability score checker","readability score checker with steps and formula","readability score checker for accurate results","readability score checker metric and imperial","how to calculate readability score checker","calculate readability score checker easily","How does the readability score checker work?","What formula is used in readability score checker?","Can I copy or export results from this readability score checker?","Readability Score Checker; formula; step-by-step; instant calculation; unit options; accuracy; worked example","Readability Score Checker; Browser APIs; Web Application; W3C; NIST; SI Units","Utility / Calculator","DATA NOT AVAILABLE","DATA NOT AVAILABLE","DATA NOT AVAILABLE","DATA NOT AVAILABLE","DATA NOT AVAILABLE","Stable","Semrush/KeywordPlanner (Pending API connection)","Semrush/Ahrefs (Pending API connection)","150","28.4","180","24.2","16","18","12","8","75","P1","High-intent utility page in seo cluster"
"https://usonlinetools.com/seo/online-heading-tag-checker","HTML Heading Tag Checker","seo","en","US","html heading tag checker","html heading tag checker calculator","html heading tag checker online","online html heading tag checker","free html heading tag checker","best html heading tag checker","html heading tag checker with steps and formula","html heading tag checker for accurate results","html heading tag checker metric and imperial","how to calculate html heading tag checker","calculate html heading tag checker easily","How does the html heading tag checker work?","What formula is used in html heading tag checker?","Can I copy or export results from this html heading tag checker?","HTML Heading Tag Checker; formula; step-by-step; instant calculation; unit options; accuracy; worked example","HTML Heading Tag Checker; Browser APIs; Web Application; W3C; NIST; SI Units","Utility / Calculator","DATA NOT AVAILABLE","DATA NOT AVAILABLE","DATA NOT AVAILABLE","DATA NOT AVAILABLE","DATA NOT AVAILABLE","Stable","Semrush/KeywordPlanner (Pending API connection)","Semrush/Ahrefs (Pending API connection)","150","28.4","180","24.2","16","18","12","8","75","P1","High-intent utility page in seo cluster"
"https://usonlinetools.com/seo/favicon-checker","Favicon Code Generator","seo","en","US","favicon code generator","favicon code calculator","favicon code online","online favicon code generator","free favicon code generator","best favicon code generator","favicon code generator with steps and formula","favicon code generator for accurate results","favicon code generator metric and imperial","how to calculate favicon code generator","calculate favicon code generator easily","How does the favicon code generator work?","What formula is used in favicon code generator?","Can I copy or export results from this favicon code generator?","Favicon Code Generator; formula; step-by-step; instant calculation; unit options; accuracy; worked example","Favicon Code Generator; Browser APIs; Web Application; W3C; NIST; SI Units","Utility / Calculator","DATA NOT AVAILABLE","DATA NOT AVAILABLE","DATA NOT AVAILABLE","DATA NOT AVAILABLE","DATA NOT AVAILABLE","Stable","Semrush/KeywordPlanner (Pending API connection)","Semrush/Ahrefs (Pending API connection)","150","28.4","180","24.2","16","18","12","8","75","P1","High-intent utility page in seo cluster"
"https://usonlinetools.com/security/online-password-generator","Password Generator","security","en","US","password generator","password calculator","password online","online password generator","free password generator","best password generator","password generator with steps and formula","password generator for accurate results","password generator metric and imperial","how to calculate password generator","calculate password generator easily","How does the password generator work?","What formula is used in password generator?","Can I copy or export results from this password generator?","Password Generator; formula; step-by-step; instant calculation; unit options; accuracy; worked example","Password Generator; Browser APIs; Web Application; W3C; NIST; SI Units","Utility / Calculator","DATA NOT AVAILABLE","DATA NOT AVAILABLE","DATA NOT AVAILABLE","DATA NOT AVAILABLE","DATA NOT AVAILABLE","Stable","Semrush/KeywordPlanner (Pending API connection)","Semrush/Ahrefs (Pending API connection)","150","28.4","180","24.2","16","18","12","8","75","P1","High-intent utility page in security cluster"
"https://usonlinetools.com/security/password-strength-checker","Password Strength Checker","security","en","US","password strength checker","password strength checker calculator","password strength checker online","online password strength checker","free password strength checker","best password strength checker","password strength checker with steps and formula","password strength checker for accurate results","password strength checker metric and imperial","how to calculate password strength checker","calculate password strength checker easily","How does the password strength checker work?","What formula is used in password strength checker?","Can I copy or export results from this password strength checker?","Password Strength Checker; formula; step-by-step; instant calculation; unit options; accuracy; worked example","Password Strength Checker; Browser APIs; Web Application; W3C; NIST; SI Units","Utility / Calculator","DATA NOT AVAILABLE","DATA NOT AVAILABLE","DATA NOT AVAILABLE","DATA NOT AVAILABLE","DATA NOT AVAILABLE","Stable","Semrush/KeywordPlanner (Pending API connection)","Semrush/Ahrefs (Pending API connection)","150","28.4","180","24.2","16","18","12","8","75","P1","High-intent utility page in security cluster"
"https://usonlinetools.com/security/md5-hash-generator","MD5 Hash Generator","security","en","US","md5 hash generator","md5 hash calculator","md5 hash online","online md5 hash generator","free md5 hash generator","best md5 hash generator","md5 hash generator with steps and formula","md5 hash generator for accurate results","md5 hash generator metric and imperial","how to calculate md5 hash generator","calculate md5 hash generator easily","How does the md5 hash generator work?","What formula is used in md5 hash generator?","Can I copy or export results from this md5 hash generator?","MD5 Hash Generator; formula; step-by-step; instant calculation; unit options; accuracy; worked example","MD5 Hash Generator; Browser APIs; Web Application; W3C; NIST; SI Units","Utility / Calculator","DATA NOT AVAILABLE","DATA NOT AVAILABLE","DATA NOT AVAILABLE","DATA NOT AVAILABLE","DATA NOT AVAILABLE","Stable","Semrush/KeywordPlanner (Pending API connection)","Semrush/Ahrefs (Pending API connection)","150","28.4","180","24.2","16","18","12","8","75","P1","High-intent utility page in security cluster"
"https://usonlinetools.com/security/sha256-hash-generator","SHA-256 Hash Generator","security","en","US","sha-256 hash generator","sha-256 hash calculator","sha-256 hash online","online sha-256 hash generator","free sha-256 hash generator","best sha-256 hash generator","sha-256 hash generator with steps and formula","sha-256 hash generator for accurate results","sha-256 hash generator metric and imperial","how to calculate sha-256 hash generator","calculate sha-256 hash generator easily","How does the sha-256 hash generator work?","What formula is used in sha-256 hash generator?","Can I copy or export results from this sha-256 hash generator?","SHA-256 Hash Generator; formula; step-by-step; instant calculation; unit options; accuracy; worked example","SHA-256 Hash Generator; Browser APIs; Web Application; W3C; NIST; SI Units","Utility / Calculator","DATA NOT AVAILABLE","DATA NOT AVAILABLE","DATA NOT AVAILABLE","DATA NOT AVAILABLE","DATA NOT AVAILABLE","Stable","Semrush/KeywordPlanner (Pending API connection)","Semrush/Ahrefs (Pending API connection)","150","28.4","180","24.2","16","18","12","8","75","P1","High-intent utility page in security cluster"
"https://usonlinetools.com/security/sha1-hash-generator","SHA-1 Hash Generator","security","en","US","sha-1 hash generator","sha-1 hash calculator","sha-1 hash online","online sha-1 hash generator","free sha-1 hash generator","best sha-1 hash generator","sha-1 hash generator with steps and formula","sha-1 hash generator for accurate results","sha-1 hash generator metric and imperial","how to calculate sha-1 hash generator","calculate sha-1 hash generator easily","How does the sha-1 hash generator work?","What formula is used in sha-1 hash generator?","Can I copy or export results from this sha-1 hash generator?","SHA-1 Hash Generator; formula; step-by-step; instant calculation; unit options; accuracy; worked example","SHA-1 Hash Generator; Browser APIs; Web Application; W3C; NIST; SI Units","Utility / Calculator","DATA NOT AVAILABLE","DATA NOT AVAILABLE","DATA NOT AVAILABLE","DATA NOT AVAILABLE","DATA NOT AVAILABLE","Stable","Semrush/KeywordPlanner (Pending API connection)","Semrush/Ahrefs (Pending API connection)","150","28.4","180","24.2","16","18","12","8","75","P1","High-intent utility page in security cluster"
"https://usonlinetools.com/security/sha512-hash-generator","SHA-512 Hash Generator","security","en","US","sha-512 hash generator","sha-512 hash calculator","sha-512 hash online","online sha-512 hash generator","free sha-512 hash generator","best sha-512 hash generator","sha-512 hash generator with steps and formula","sha-512 hash generator for accurate results","sha-512 hash generator metric and imperial","how to calculate sha-512 hash generator","calculate sha-512 hash generator easily","How does the sha-512 hash generator work?","What formula is used in sha-512 hash generator?","Can I copy or export results from this sha-512 hash generator?","SHA-512 Hash Generator; formula; step-by-step; instant calculation; unit options; accuracy; worked example","SHA-512 Hash Generator; Browser APIs; Web Application; W3C; NIST; SI Units","Utility / Calculator","DATA NOT AVAILABLE","DATA NOT AVAILABLE","DATA NOT AVAILABLE","DATA NOT AVAILABLE","DATA NOT AVAILABLE","Stable","Semrush/KeywordPlanner (Pending API connection)","Semrush/Ahrefs (Pending API connection)","150","28.4","180","24.2","16","18","12","8","75","P1","High-intent utility page in security cluster"
"https://usonlinetools.com/security/online-bcrypt-hash-generator","Bcrypt Hash Generator","security","en","US","bcrypt hash generator","bcrypt hash calculator","bcrypt hash online","online bcrypt hash generator","free bcrypt hash generator","best bcrypt hash generator","bcrypt hash generator with steps and formula","bcrypt hash generator for accurate results","bcrypt hash generator metric and imperial","how to calculate bcrypt hash generator","calculate bcrypt hash generator easily","How does the bcrypt hash generator work?","What formula is used in bcrypt hash generator?","Can I copy or export results from this bcrypt hash generator?","Bcrypt Hash Generator; formula; step-by-step; instant calculation; unit options; accuracy; worked example","Bcrypt Hash Generator; Browser APIs; Web Application; W3C; NIST; SI Units","Utility / Calculator","DATA NOT AVAILABLE","DATA NOT AVAILABLE","DATA NOT AVAILABLE","DATA NOT AVAILABLE","DATA NOT AVAILABLE","Stable","Semrush/KeywordPlanner (Pending API connection)","Semrush/Ahrefs (Pending API connection)","150","28.4","180","24.2","16","18","12","8","75","P1","High-intent utility page in security cluster"
"https://usonlinetools.com/security/online-aes-encrypt-decrypt","AES Encrypt & Decrypt","security","en","US","aes encrypt & decrypt","aes encrypt & decrypt calculator","aes encrypt & decrypt online","online aes encrypt & decrypt","free aes encrypt & decrypt","best aes encrypt & decrypt","aes encrypt & decrypt with steps and formula","aes encrypt & decrypt for accurate results","aes encrypt & decrypt metric and imperial","how to calculate aes encrypt & decrypt","calculate aes encrypt & decrypt easily","How does the aes encrypt & decrypt work?","What formula is used in aes encrypt & decrypt?","Can I copy or export results from this aes encrypt & decrypt?","AES Encrypt & Decrypt; formula; step-by-step; instant calculation; unit options; accuracy; worked example","AES Encrypt & Decrypt; Browser APIs; Web Application; W3C; NIST; SI Units","Utility / Calculator","DATA NOT AVAILABLE","DATA NOT AVAILABLE","DATA NOT AVAILABLE","DATA NOT AVAILABLE","DATA NOT AVAILABLE","Stable","Semrush/KeywordPlanner (Pending API connection)","Semrush/Ahrefs (Pending API connection)","150","28.4","180","24.2","16","18","12","8","75","P1","High-intent utility page in security cluster"
"https://usonlinetools.com/security/rsa-key-generator","RSA Key Pair Generator","security","en","US","rsa key pair generator","rsa key pair calculator","rsa key pair online","online rsa key pair generator","free rsa key pair generator","best rsa key pair generator","rsa key pair generator with steps and formula","rsa key pair generator for accurate results","rsa key pair generator metric and imperial","how to calculate rsa key pair generator","calculate rsa key pair generator easily","How does the rsa key pair generator work?","What formula is used in rsa key pair generator?","Can I copy or export results from this rsa key pair generator?","RSA Key Pair Generator; formula; step-by-step; instant calculation; unit options; accuracy; worked example","RSA Key Pair Generator; Browser APIs; Web Application; W3C; NIST; SI Units","Utility / Calculator","DATA NOT AVAILABLE","DATA NOT AVAILABLE","DATA NOT AVAILABLE","DATA NOT AVAILABLE","DATA NOT AVAILABLE","Stable","Semrush/KeywordPlanner (Pending API connection)","Semrush/Ahrefs (Pending API connection)","150","28.4","180","24.2","16","18","12","8","75","P1","High-intent utility page in security cluster"
"https://usonlinetools.com/security/hmac-generator","HMAC Generator","security","en","US","hmac generator","hmac calculator","hmac online","online hmac generator","free hmac generator","best hmac generator","hmac generator with steps and formula","hmac generator for accurate results","hmac generator metric and imperial","how to calculate hmac generator","calculate hmac generator easily","How does the hmac generator work?","What formula is used in hmac generator?","Can I copy or export results from this hmac generator?","HMAC Generator; formula; step-by-step; instant calculation; unit options; accuracy; worked example","HMAC Generator; Browser APIs; Web Application; W3C; NIST; SI Units","Utility / Calculator","DATA NOT AVAILABLE","DATA NOT AVAILABLE","DATA NOT AVAILABLE","DATA NOT AVAILABLE","DATA NOT AVAILABLE","Stable","Semrush/KeywordPlanner (Pending API connection)","Semrush/Ahrefs (Pending API connection)","150","28.4","180","24.2","16","18","12","8","75","P1","High-intent utility page in security cluster"
"https://usonlinetools.com/security/random-string-generator","Random String Generator","security","en","US","random string generator","random string calculator","random string online","online random string generator","free random string generator","best random string generator","random string generator with steps and formula","random string generator for accurate results","random string generator metric and imperial","how to calculate random string generator","calculate random string generator easily","How does the random string generator work?","What formula is used in random string generator?","Can I copy or export results from this random string generator?","Random String Generator; formula; step-by-step; instant calculation; unit options; accuracy; worked example","Random String Generator; Browser APIs; Web Application; W3C; NIST; SI Units","Utility / Calculator","DATA NOT AVAILABLE","DATA NOT AVAILABLE","DATA NOT AVAILABLE","DATA NOT AVAILABLE","DATA NOT AVAILABLE","Stable","Semrush/KeywordPlanner (Pending API connection)","Semrush/Ahrefs (Pending API connection)","150","28.4","180","24.2","16","18","12","8","75","P1","High-intent utility page in security cluster"
"https://usonlinetools.com/security/encryption-decoder","Caesar Cipher Tool","security","en","US","caesar cipher tool","caesar cipher calculator","caesar cipher online","online caesar cipher tool","free caesar cipher tool","best caesar cipher tool","caesar cipher tool with steps and formula","caesar cipher tool for accurate results","caesar cipher tool metric and imperial","how to calculate caesar cipher tool","calculate caesar cipher tool easily","How does the caesar cipher tool work?","What formula is used in caesar cipher tool?","Can I copy or export results from this caesar cipher tool?","Caesar Cipher Tool; formula; step-by-step; instant calculation; unit options; accuracy; worked example","Caesar Cipher Tool; Browser APIs; Web Application; W3C; NIST; SI Units","Utility / Calculator","DATA NOT AVAILABLE","DATA NOT AVAILABLE","DATA NOT AVAILABLE","DATA NOT AVAILABLE","DATA NOT AVAILABLE","Stable","Semrush/KeywordPlanner (Pending API connection)","Semrush/Ahrefs (Pending API connection)","150","28.4","180","24.2","16","18","12","8","75","P1","High-intent utility page in security cluster"
"https://usonlinetools.com/security/binary-to-text","Binary to Text Converter","security","en","US","binary to text converter","binary to text calculator","binary to text online","online binary to text converter","free binary to text converter","best binary to text converter","binary to text converter with steps and formula","binary to text converter for accurate results","binary to text converter metric and imperial","how to calculate binary to text converter","calculate binary to text converter easily","How does the binary to text converter work?","What formula is used in binary to text converter?","Can I copy or export results from this binary to text converter?","Binary to Text Converter; formula; step-by-step; instant calculation; unit options; accuracy; worked example","Binary to Text Converter; Browser APIs; Web Application; W3C; NIST; SI Units","Utility / Calculator","DATA NOT AVAILABLE","DATA NOT AVAILABLE","DATA NOT AVAILABLE","DATA NOT AVAILABLE","DATA NOT AVAILABLE","Stable","Semrush/KeywordPlanner (Pending API connection)","Semrush/Ahrefs (Pending API connection)","150","28.4","180","24.2","16","18","12","8","75","P1","High-intent utility page in security cluster"
"https://usonlinetools.com/security/hex-to-text","Hex to Text Converter","security","en","US","hex to text converter","hex to text calculator","hex to text online","online hex to text converter","free hex to text converter","best hex to text converter","hex to text converter with steps and formula","hex to text converter for accurate results","hex to text converter metric and imperial","how to calculate hex to text converter","calculate hex to text converter easily","How does the hex to text converter work?","What formula is used in hex to text converter?","Can I copy or export results from this hex to text converter?","Hex to Text Converter; formula; step-by-step; instant calculation; unit options; accuracy; worked example","Hex to Text Converter; Browser APIs; Web Application; W3C; NIST; SI Units","Utility / Calculator","DATA NOT AVAILABLE","DATA NOT AVAILABLE","DATA NOT AVAILABLE","DATA NOT AVAILABLE","DATA NOT AVAILABLE","Stable","Semrush/KeywordPlanner (Pending API connection)","Semrush/Ahrefs (Pending API connection)","150","28.4","180","24.2","16","18","12","8","75","P1","High-intent utility page in security cluster"
"https://usonlinetools.com/security/online-morse-code-translator","Morse Code Translator","security","en","US","morse code translator","morse code translator calculator","morse code translator online","online morse code translator","free morse code translator","best morse code translator","morse code translator with steps and formula","morse code translator for accurate results","morse code translator metric and imperial","how to calculate morse code translator","calculate morse code translator easily","How does the morse code translator work?","What formula is used in morse code translator?","Can I copy or export results from this morse code translator?","Morse Code Translator; formula; step-by-step; instant calculation; unit options; accuracy; worked example","Morse Code Translator; Browser APIs; Web Application; W3C; NIST; SI Units","Utility / Calculator","DATA NOT AVAILABLE","DATA NOT AVAILABLE","DATA NOT AVAILABLE","DATA NOT AVAILABLE","DATA NOT AVAILABLE","Stable","Semrush/KeywordPlanner (Pending API connection)","Semrush/Ahrefs (Pending API connection)","150","28.4","180","24.2","16","18","12","8","75","P1","High-intent utility page in security cluster"
"https://usonlinetools.com/social-media/twitter-character-counter","Twitter/X Character Counter","social-media","en","US","twitter/x character counter","twitter/x character counter calculator","twitter/x character counter online","online twitter/x character counter","free twitter/x character counter","best twitter/x character counter","twitter/x character counter with steps and formula","twitter/x character counter for accurate results","twitter/x character counter metric and imperial","how to calculate twitter/x character counter","calculate twitter/x character counter easily","How does the twitter/x character counter work?","What formula is used in twitter/x character counter?","Can I copy or export results from this twitter/x character counter?","Twitter/X Character Counter; formula; step-by-step; instant calculation; unit options; accuracy; worked example","Twitter/X Character Counter; Browser APIs; Web Application; W3C; NIST; SI Units","Utility / Calculator","DATA NOT AVAILABLE","DATA NOT AVAILABLE","DATA NOT AVAILABLE","DATA NOT AVAILABLE","DATA NOT AVAILABLE","Stable","Semrush/KeywordPlanner (Pending API connection)","Semrush/Ahrefs (Pending API connection)","150","28.4","180","24.2","12","18","12","5","62","P2","High-intent utility page in social-media cluster"
"https://usonlinetools.com/social-media/online-instagram-caption-counter","Instagram Caption Counter","social-media","en","US","instagram caption counter","instagram caption counter calculator","instagram caption counter online","online instagram caption counter","free instagram caption counter","best instagram caption counter","instagram caption counter with steps and formula","instagram caption counter for accurate results","instagram caption counter metric and imperial","how to calculate instagram caption counter","calculate instagram caption counter easily","How does the instagram caption counter work?","What formula is used in instagram caption counter?","Can I copy or export results from this instagram caption counter?","Instagram Caption Counter; formula; step-by-step; instant calculation; unit options; accuracy; worked example","Instagram Caption Counter; Browser APIs; Web Application; W3C; NIST; SI Units","Utility / Calculator","DATA NOT AVAILABLE","DATA NOT AVAILABLE","DATA NOT AVAILABLE","DATA NOT AVAILABLE","DATA NOT AVAILABLE","Stable","Semrush/KeywordPlanner (Pending API connection)","Semrush/Ahrefs (Pending API connection)","150","28.4","180","24.2","12","18","12","5","62","P2","High-intent utility page in social-media cluster"
"https://usonlinetools.com/social-media/online-social-media-image-resizer","Social Media Image Resizer","social-media","en","US","social media image resizer","social media image resizer calculator","social media image resizer online","online social media image resizer","free social media image resizer","best social media image resizer","social media image resizer with steps and formula","social media image resizer for accurate results","social media image resizer metric and imperial","how to calculate social media image resizer","calculate social media image resizer easily","How does the social media image resizer work?","What formula is used in social media image resizer?","Can I copy or export results from this social media image resizer?","Social Media Image Resizer; formula; step-by-step; instant calculation; unit options; accuracy; worked example","Social Media Image Resizer; Browser APIs; Web Application; W3C; NIST; SI Units","Utility / Calculator","DATA NOT AVAILABLE","DATA NOT AVAILABLE","DATA NOT AVAILABLE","DATA NOT AVAILABLE","DATA NOT AVAILABLE","Stable","Semrush/KeywordPlanner (Pending API connection)","Semrush/Ahrefs (Pending API connection)","150","28.4","180","24.2","12","18","12","5","62","P2","High-intent utility page in social-media cluster"
"https://usonlinetools.com/social-media/youtube-thumbnail-checker","YouTube Thumbnail Checker","social-media","en","US","youtube thumbnail checker","youtube thumbnail checker calculator","youtube thumbnail checker online","online youtube thumbnail checker","free youtube thumbnail checker","best youtube thumbnail checker","youtube thumbnail checker with steps and formula","youtube thumbnail checker for accurate results","youtube thumbnail checker metric and imperial","how to calculate youtube thumbnail checker","calculate youtube thumbnail checker easily","How does the youtube thumbnail checker work?","What formula is used in youtube thumbnail checker?","Can I copy or export results from this youtube thumbnail checker?","YouTube Thumbnail Checker; formula; step-by-step; instant calculation; unit options; accuracy; worked example","YouTube Thumbnail Checker; Browser APIs; Web Application; W3C; NIST; SI Units","Utility / Calculator","DATA NOT AVAILABLE","DATA NOT AVAILABLE","DATA NOT AVAILABLE","DATA NOT AVAILABLE","DATA NOT AVAILABLE","Stable","Semrush/KeywordPlanner (Pending API connection)","Semrush/Ahrefs (Pending API connection)","150","28.4","180","24.2","12","18","12","5","62","P2","High-intent utility page in social-media cluster"
"https://usonlinetools.com/social-media/emoji-picker-and-copier","Emoji Picker & Copier","social-media","en","US","emoji picker & copier","emoji picker & copier calculator","emoji picker & copier online","online emoji picker & copier","free emoji picker & copier","best emoji picker & copier","emoji picker & copier with steps and formula","emoji picker & copier for accurate results","emoji picker & copier metric and imperial","how to calculate emoji picker & copier","calculate emoji picker & copier easily","How does the emoji picker & copier work?","What formula is used in emoji picker & copier?","Can I copy or export results from this emoji picker & copier?","Emoji Picker & Copier; formula; step-by-step; instant calculation; unit options; accuracy; worked example","Emoji Picker & Copier; Browser APIs; Web Application; W3C; NIST; SI Units","Utility / Calculator","DATA NOT AVAILABLE","DATA NOT AVAILABLE","DATA NOT AVAILABLE","DATA NOT AVAILABLE","DATA NOT AVAILABLE","Stable","Semrush/KeywordPlanner (Pending API connection)","Semrush/Ahrefs (Pending API connection)","150","28.4","180","24.2","12","18","12","5","62","P2","High-intent utility page in social-media cluster"
"https://usonlinetools.com/social-media/text-to-emoji-converter","Text to Emoji Converter","social-media","en","US","text to emoji converter","text to emoji calculator","text to emoji online","online text to emoji converter","free text to emoji converter","best text to emoji converter","text to emoji converter with steps and formula","text to emoji converter for accurate results","text to emoji converter metric and imperial","how to calculate text to emoji converter","calculate text to emoji converter easily","How does the text to emoji converter work?","What formula is used in text to emoji converter?","Can I copy or export results from this text to emoji converter?","Text to Emoji Converter; formula; step-by-step; instant calculation; unit options; accuracy; worked example","Text to Emoji Converter; Browser APIs; Web Application; W3C; NIST; SI Units","Utility / Calculator","DATA NOT AVAILABLE","DATA NOT AVAILABLE","DATA NOT AVAILABLE","DATA NOT AVAILABLE","DATA NOT AVAILABLE","Stable","Semrush/KeywordPlanner (Pending API connection)","Semrush/Ahrefs (Pending API connection)","150","28.4","180","24.2","12","18","12","5","62","P2","High-intent utility page in social-media cluster"
"https://usonlinetools.com/social-media/online-linkedin-post-formatter","LinkedIn Post Formatter","social-media","en","US","linkedin post formatter","linkedin post formatter calculator","linkedin post formatter online","online linkedin post formatter","free linkedin post formatter","best linkedin post formatter","linkedin post formatter with steps and formula","linkedin post formatter for accurate results","linkedin post formatter metric and imperial","how to calculate linkedin post formatter","calculate linkedin post formatter easily","How does the linkedin post formatter work?","What formula is used in linkedin post formatter?","Can I copy or export results from this linkedin post formatter?","LinkedIn Post Formatter; formula; step-by-step; instant calculation; unit options; accuracy; worked example","LinkedIn Post Formatter; Browser APIs; Web Application; W3C; NIST; SI Units","Utility / Calculator","DATA NOT AVAILABLE","DATA NOT AVAILABLE","DATA NOT AVAILABLE","DATA NOT AVAILABLE","DATA NOT AVAILABLE","Stable","Semrush/KeywordPlanner (Pending API connection)","Semrush/Ahrefs (Pending API connection)","150","28.4","180","24.2","12","18","12","5","62","P2","High-intent utility page in social-media cluster"
"https://usonlinetools.com/social-media/social-media-bio-generator","Social Media Bio Generator","social-media","en","US","social media bio generator","social media bio calculator","social media bio online","online social media bio generator","free social media bio generator","best social media bio generator","social media bio generator with steps and formula","social media bio generator for accurate results","social media bio generator metric and imperial","how to calculate social media bio generator","calculate social media bio generator easily","How does the social media bio generator work?","What formula is used in social media bio generator?","Can I copy or export results from this social media bio generator?","Social Media Bio Generator; formula; step-by-step; instant calculation; unit options; accuracy; worked example","Social Media Bio Generator; Browser APIs; Web Application; W3C; NIST; SI Units","Utility / Calculator","DATA NOT AVAILABLE","DATA NOT AVAILABLE","DATA NOT AVAILABLE","DATA NOT AVAILABLE","DATA NOT AVAILABLE","Stable","Semrush/KeywordPlanner (Pending API connection)","Semrush/Ahrefs (Pending API connection)","150","28.4","180","24.2","12","18","12","5","62","P2","High-intent utility page in social-media cluster"
"https://usonlinetools.com/social-media/unicode-text-converter","Unicode Text Converter","social-media","en","US","unicode text converter","unicode text calculator","unicode text online","online unicode text converter","free unicode text converter","best unicode text converter","unicode text converter with steps and formula","unicode text converter for accurate results","unicode text converter metric and imperial","how to calculate unicode text converter","calculate unicode text converter easily","How does the unicode text converter work?","What formula is used in unicode text converter?","Can I copy or export results from this unicode text converter?","Unicode Text Converter; formula; step-by-step; instant calculation; unit options; accuracy; worked example","Unicode Text Converter; Browser APIs; Web Application; W3C; NIST; SI Units","Utility / Calculator","DATA NOT AVAILABLE","DATA NOT AVAILABLE","DATA NOT AVAILABLE","DATA NOT AVAILABLE","DATA NOT AVAILABLE","Stable","Semrush/KeywordPlanner (Pending API connection)","Semrush/Ahrefs (Pending API connection)","150","28.4","180","24.2","12","18","12","5","62","P2","High-intent utility page in social-media cluster"
"https://usonlinetools.com/social-media/tiktok-character-counter","TikTok Caption Counter","social-media","en","US","tiktok caption counter","tiktok caption counter calculator","tiktok caption counter online","online tiktok caption counter","free tiktok caption counter","best tiktok caption counter","tiktok caption counter with steps and formula","tiktok caption counter for accurate results","tiktok caption counter metric and imperial","how to calculate tiktok caption counter","calculate tiktok caption counter easily","How does the tiktok caption counter work?","What formula is used in tiktok caption counter?","Can I copy or export results from this tiktok caption counter?","TikTok Caption Counter; formula; step-by-step; instant calculation; unit options; accuracy; worked example","TikTok Caption Counter; Browser APIs; Web Application; W3C; NIST; SI Units","Utility / Calculator","DATA NOT AVAILABLE","DATA NOT AVAILABLE","DATA NOT AVAILABLE","DATA NOT AVAILABLE","DATA NOT AVAILABLE","Stable","Semrush/KeywordPlanner (Pending API connection)","Semrush/Ahrefs (Pending API connection)","150","28.4","180","24.2","12","18","12","5","62","P2","High-intent utility page in social-media cluster"
"https://usonlinetools.com/social-media/online-social-post-scheduler-planner","Social Post Planner","social-media","en","US","social post planner","social post planner calculator","social post planner online","online social post planner","free social post planner","best social post planner","social post planner with steps and formula","social post planner for accurate results","social post planner metric and imperial","how to calculate social post planner","calculate social post planner easily","How does the social post planner work?","What formula is used in social post planner?","Can I copy or export results from this social post planner?","Social Post Planner; formula; step-by-step; instant calculation; unit options; accuracy; worked example","Social Post Planner; Browser APIs; Web Application; W3C; NIST; SI Units","Utility / Calculator","DATA NOT AVAILABLE","DATA NOT AVAILABLE","DATA NOT AVAILABLE","DATA NOT AVAILABLE","DATA NOT AVAILABLE","Stable","Semrush/KeywordPlanner (Pending API connection)","Semrush/Ahrefs (Pending API connection)","150","28.4","180","24.2","12","18","12","5","62","P2","High-intent utility page in social-media cluster"
